entity,code,year,enr_primary_gross
Afghanistan,AFG,1970,31.65142
Afghanistan,AFG,1971,32.53972
Afghanistan,AFG,1972,32.96287
Afghanistan,AFG,1973,33.42452
Afghanistan,AFG,1974,33.96281
Afghanistan,AFG,1975,34.88249
Afghanistan,AFG,1976,35.72823
Afghanistan,AFG,1977,36.4628
Afghanistan,AFG,1978,37.68219
Afghanistan,AFG,1980,43.81011
Afghanistan,AFG,1981,49.45979
Afghanistan,AFG,1982,20.13609
Afghanistan,AFG,1984,24.64844
Afghanistan,AFG,1985,25.13636
Afghanistan,AFG,1986,26.68324
Afghanistan,AFG,1988,34.07814
Afghanistan,AFG,1989,31.83339
Afghanistan,AFG,1990,30.98304
Afghanistan,AFG,1991,31.60502
Afghanistan,AFG,1993,33.95525
Afghanistan,AFG,1994,44.78884
Afghanistan,AFG,1995,47.66144
Afghanistan,AFG,1998,32.98433
Afghanistan,AFG,1999,26.29053
Afghanistan,AFG,2000,21.45785
Afghanistan,AFG,2001,22.13965
Afghanistan,AFG,2002,73.40131
Afghanistan,AFG,2003,95.33575
Afghanistan,AFG,2004,105.47505
Afghanistan,AFG,2005,99.50391
Afghanistan,AFG,2006,102.28487
Afghanistan,AFG,2007,99.3229
Afghanistan,AFG,2008,104.44514
Afghanistan,AFG,2009,99.70542
Afghanistan,AFG,2010,103.4856
Afghanistan,AFG,2011,101.54208
Afghanistan,AFG,2012,106.57532
Afghanistan,AFG,2013,107.94284
Afghanistan,AFG,2014,109.82945
Afghanistan,AFG,2015,106.77355
Afghanistan,AFG,2016,106.78404
Afghanistan,AFG,2017,106.54354
Afghanistan,AFG,2018,107.68766
Afghanistan,AFG,2019,109.07531
Afghanistan,AFG,2023,112.2309
Albania,ALB,1976,113.54554
Albania,ALB,1978,109.96569
Albania,ALB,1979,108.21798
Albania,ALB,1980,104.24361
Albania,ALB,1981,102.35205
Albania,ALB,1982,101.30101
Albania,ALB,1983,100.69833
Albania,ALB,1984,101.69663
Albania,ALB,1985,101.40741
Albania,ALB,1986,101.76814
Albania,ALB,1987,100.89799
Albania,ALB,1988,99.8299
Albania,ALB,1989,99.37509
Albania,ALB,1990,99.64821
Albania,ALB,1991,100.54651
Albania,ALB,1992,98.25576
Albania,ALB,1993,97.58874
Albania,ALB,1994,100.80478
Albania,ALB,1995,102.85849
Albania,ALB,1996,105.04478
Albania,ALB,1997,106.6322
Albania,ALB,1998,106.59151
Albania,ALB,1999,107.29663
Albania,ALB,2000,108.39287
Albania,ALB,2001,109.20005
Albania,ALB,2002,110.33892
Albania,ALB,2003,107.59826
Albania,ALB,2004,104.13172
Albania,ALB,2005,107.01614
Albania,ALB,2006,105.47778
Albania,ALB,2007,103.48844
Albania,ALB,2008,100.383
Albania,ALB,2009,100.92374
Albania,ALB,2010,99.86183
Albania,ALB,2011,101.58028
Albania,ALB,2012,102.06736
Albania,ALB,2013,101.47495
Albania,ALB,2014,105.770584
Albania,ALB,2015,105.68865
Albania,ALB,2016,105.324776
Albania,ALB,2017,105.41497
Albania,ALB,2018,104.568016
Albania,ALB,2019,102.58954
Albania,ALB,2020,100.02097
Albania,ALB,2021,97.107506
Albania,ALB,2022,96.37123
Albania,ALB,2023,93.71381
Albania,ALB,2024,111.51165
Algeria,DZA,1971,74.08349
Algeria,DZA,1972,79.22531
Algeria,DZA,1973,85.24547
Algeria,DZA,1974,90.66623
Algeria,DZA,1975,94.40694
Algeria,DZA,1976,95.29509
Algeria,DZA,1977,93.35831
Algeria,DZA,1978,94.14974
Algeria,DZA,1979,93.83357
Algeria,DZA,1980,93.7881
Algeria,DZA,1981,92.7772
Algeria,DZA,1982,91.92878
Algeria,DZA,1983,91.78876
Algeria,DZA,1984,92.77549
Algeria,DZA,1985,93.14967
Algeria,DZA,1986,92.97391
Algeria,DZA,1987,94.79393
Algeria,DZA,1988,96.6366
Algeria,DZA,1989,96.37369
Algeria,DZA,1990,96.01737
Algeria,DZA,1991,96.9083
Algeria,DZA,1992,98.20181
Algeria,DZA,1993,97.75745
Algeria,DZA,1994,98.40461
Algeria,DZA,1995,98.67242
Algeria,DZA,1996,100.23238
Algeria,DZA,1997,101.96068
Algeria,DZA,1998,103.69398
Algeria,DZA,1999,106.49136
Algeria,DZA,2000,109.7344
Algeria,DZA,2001,109.01784
Algeria,DZA,2002,110.67728
Algeria,DZA,2003,111.38779
Algeria,DZA,2004,111.65513
Algeria,DZA,2005,112.39859
Algeria,DZA,2006,112.07709
Algeria,DZA,2007,112.33448
Algeria,DZA,2008,110.91095
Algeria,DZA,2009,113.49189
Algeria,DZA,2010,113.80703
Algeria,DZA,2011,112.733765
Algeria,DZA,2012,112.06775
Algeria,DZA,2013,112.33663
Algeria,DZA,2014,111.14484
Algeria,DZA,2015,109.584785
Algeria,DZA,2016,109.0723
Algeria,DZA,2017,108.06227
Algeria,DZA,2018,107.09512
Algeria,DZA,2019,106.06751
Algeria,DZA,2020,108.531944
Algeria,DZA,2021,104.73976
Algeria,DZA,2022,105.747154
Algeria,DZA,2023,105.84075
Algeria,DZA,2024,106.36889
Algeria,DZA,2025,105.48069
American Samoa,ASM,1982,98.15165
American Samoa,ASM,1983,97.0509
American Samoa,ASM,1984,99.84802
American Samoa,ASM,1985,102.76733
American Samoa,ASM,1986,100.62696
American Samoa,ASM,1987,99.12448
American Samoa,ASM,1988,99.1493
American Samoa,ASM,1989,99.83177
American Samoa,ASM,1990,100.71655
American Samoa,ASM,1991,95.05042
American Samoa,ASM,1992,89.90763
Andorra,AND,1975,99.54442
Andorra,AND,1983,103.19785
Andorra,AND,2002,100.14627
Andorra,AND,2003,102.06999
Andorra,AND,2004,99.00163
Andorra,AND,2005,89.72106
Andorra,AND,2006,90.02494
Andorra,AND,2007,88.18725
Andorra,AND,2008,86.71815
Andorra,AND,2009,84.7188
Andorra,AND,2010,84.64819
Andorra,AND,2011,85.89563
Andorra,AND,2012,83.2158
Andorra,AND,2013,84.73235
Andorra,AND,2014,87.02633
Andorra,AND,2015,88.59574
Andorra,AND,2016,91.04158
Andorra,AND,2017,90.20313
Andorra,AND,2018,90.70889
Andorra,AND,2019,90.32393
Andorra,AND,2020,89.427124
Andorra,AND,2021,89.73799
Andorra,AND,2022,90.46568
Andorra,AND,2023,97.44467
Andorra,AND,2024,99.857956
Angola,AGO,1971,62.55418
Angola,AGO,1972,67.91169
Angola,AGO,1973,70.0399
Angola,AGO,1974,75.95117
Angola,AGO,1980,159.81021
Angola,AGO,1981,142.3615
Angola,AGO,1982,133.38214
Angola,AGO,1983,120.50052
Angola,AGO,1984,105.08636
Angola,AGO,1985,82.78463
Angola,AGO,1986,89.22267
Angola,AGO,1987,89.11581
Angola,AGO,1988,87.21973
Angola,AGO,1989,86.70517
Angola,AGO,1990,81.08578
Angola,AGO,1991,73.89944
Angola,AGO,1992,70.75538
Angola,AGO,1998,76.63441
Angola,AGO,2007,106.34145
Angola,AGO,2008,113.29224
Angola,AGO,2009,112.27895
Angola,AGO,2010,113.87258
Angola,AGO,2011,128.38634
Angola,AGO,2015,120.58028
Angola,AGO,2021,89.22661
Angola,AGO,2023,86.73539
Anguilla,AIA,1993,106.18868
Anguilla,AIA,1997,107.75087
Anguilla,AIA,1998,104.66392
Anguilla,AIA,1999,107.09898
Anguilla,AIA,2000,104.40977
Anguilla,AIA,2001,101.29252
Anguilla,AIA,2002,98.82271
Anguilla,AIA,2003,102.04513
Anguilla,AIA,2004,100.98661
Anguilla,AIA,2005,100.55517
Anguilla,AIA,2006,102.50847
Anguilla,AIA,2007,104.7043
Anguilla,AIA,2008,107.69231
Anguilla,AIA,2009,106.0
Anguilla,AIA,2010,107.54339
Anguilla,AIA,2011,110.16722
Anguilla,AIA,2012,110.58665
Anguilla,AIA,2013,104.377106
Anguilla,AIA,2014,105.00686
Anguilla,AIA,2015,107.212204
Anguilla,AIA,2019,109.64467
Anguilla,AIA,2022,109.09829
Anguilla,AIA,2023,112.192986
Antigua and Barbuda,ATG,1971,72.21932
Antigua and Barbuda,ATG,1972,90.2116
Antigua and Barbuda,ATG,1974,90.4881
Antigua and Barbuda,ATG,1975,91.18113
Antigua and Barbuda,ATG,1976,99.8679
Antigua and Barbuda,ATG,1977,101.47866
Antigua and Barbuda,ATG,1978,99.71535
Antigua and Barbuda,ATG,1979,98.88257
Antigua and Barbuda,ATG,1984,137.29366
Antigua and Barbuda,ATG,1992,104.46017
Antigua and Barbuda,ATG,1995,117.20935
Antigua and Barbuda,ATG,2000,135.14215
Antigua and Barbuda,ATG,2007,116.4469
Antigua and Barbuda,ATG,2008,118.49954
Antigua and Barbuda,ATG,2009,117.93745
Antigua and Barbuda,ATG,2010,120.18368
Antigua and Barbuda,ATG,2011,117.19931
Antigua and Barbuda,ATG,2012,113.61957
Antigua and Barbuda,ATG,2013,113.24592
Antigua and Barbuda,ATG,2014,112.45992
Antigua and Barbuda,ATG,2015,110.39658
Antigua and Barbuda,ATG,2016,107.432655
Antigua and Barbuda,ATG,2017,109.74291
Antigua and Barbuda,ATG,2018,112.74084
Antigua and Barbuda,ATG,2019,112.84758
Antigua and Barbuda,ATG,2022,121.56321
Antigua and Barbuda,ATG,2023,112.25541
Argentina,ARG,1970,105.22676
Argentina,ARG,1971,106.13772
Argentina,ARG,1972,105.92111
Argentina,ARG,1973,105.96774
Argentina,ARG,1974,106.92882
Argentina,ARG,1975,106.59736
Argentina,ARG,1976,106.32645
Argentina,ARG,1977,107.21366
Argentina,ARG,1978,106.62062
Argentina,ARG,1979,106.77309
Argentina,ARG,1980,106.57263
Argentina,ARG,1981,107.0816
Argentina,ARG,1982,107.57271
Argentina,ARG,1984,106.79249
Argentina,ARG,1985,107.54973
Argentina,ARG,1986,109.18672
Argentina,ARG,1987,109.79135
Argentina,ARG,1988,110.07431
Argentina,ARG,1990,107.30618
Argentina,ARG,1991,108.60846
Argentina,ARG,1994,111.17202
Argentina,ARG,1996,111.64399
Argentina,ARG,1997,108.67998
Argentina,ARG,1998,113.21426
Argentina,ARG,1999,115.89082
Argentina,ARG,2000,116.5583
Argentina,ARG,2001,116.74934
Argentina,ARG,2002,116.87798
Argentina,ARG,2003,114.37532
Argentina,ARG,2004,115.44609
Argentina,ARG,2005,114.58078
Argentina,ARG,2006,116.18785
Argentina,ARG,2007,117.23631
Argentina,ARG,2008,118.32013
Argentina,ARG,2009,118.29331
Argentina,ARG,2010,118.1282
Argentina,ARG,2011,117.37283
Argentina,ARG,2012,116.43644
Argentina,ARG,2013,114.42135
Argentina,ARG,2014,113.87352
Argentina,ARG,2015,112.93665
Argentina,ARG,2016,111.65465
Argentina,ARG,2017,109.87967
Argentina,ARG,2018,109.30546
Argentina,ARG,2019,109.33822
Argentina,ARG,2020,108.50462
Argentina,ARG,2021,108.13962
Argentina,ARG,2022,106.75983
Argentina,ARG,2023,102.53525
Armenia,ARM,1991,105.59847
Armenia,ARM,1992,97.80466
Armenia,ARM,1993,97.22294
Armenia,ARM,1994,87.24118
Armenia,ARM,1995,81.29098
Armenia,ARM,1996,81.19083
Armenia,ARM,1997,110.73694
Armenia,ARM,1998,110.95382
Armenia,ARM,1999,117.94826
Armenia,ARM,2000,90.63472
Armenia,ARM,2001,100.95687
Armenia,ARM,2002,100.27549
Armenia,ARM,2003,102.08613
Armenia,ARM,2004,102.15129
Armenia,ARM,2005,100.40918
Armenia,ARM,2006,103.8967
Armenia,ARM,2007,116.75225
Armenia,ARM,2008,117.70144
Armenia,ARM,2009,113.78272
Armenia,ARM,2010,100.98587
Armenia,ARM,2011,98.33491
Armenia,ARM,2012,97.08813
Armenia,ARM,2013,95.87429
Armenia,ARM,2014,94.41776
Armenia,ARM,2015,93.08806
Armenia,ARM,2016,93.1108
Armenia,ARM,2017,93.099
Armenia,ARM,2018,92.1345
Armenia,ARM,2019,92.32282
Armenia,ARM,2020,92.86926
Armenia,ARM,2021,94.63922
Armenia,ARM,2022,96.94543
Armenia,ARM,2023,98.08999
Armenia,ARM,2024,101.990555
Aruba,ABW,1999,106.37352
Aruba,ABW,2000,108.8868
Aruba,ABW,2001,110.34967
Aruba,ABW,2002,115.66945
Aruba,ABW,2003,115.985
Aruba,ABW,2004,117.21717
Aruba,ABW,2005,116.92904
Aruba,ABW,2006,117.98774
Aruba,ABW,2007,116.97004
Aruba,ABW,2008,116.0139
Aruba,ABW,2009,117.52748
Aruba,ABW,2010,119.79584
Aruba,ABW,2011,106.37404
Aruba,ABW,2012,104.07494
Aruba,ABW,2013,114.98532
Aruba,ABW,2014,116.26199
Aruba,ABW,2015,115.011406
Aruba,ABW,2016,113.63747
Aruba,ABW,2018,107.98517
Aruba,ABW,2019,108.025
Aruba,ABW,2020,107.23534
Aruba,ABW,2021,108.59951
Aruba,ABW,2022,102.62073
Aruba,ABW,2024,107.716995
Australia,AUS,2000,101.58354
Australia,AUS,2001,101.43941
Australia,AUS,2002,102.53451
Australia,AUS,2003,102.85476
Australia,AUS,2004,103.30206
Australia,AUS,2005,103.39791
Australia,AUS,2006,103.56256
Australia,AUS,2007,105.42298
Australia,AUS,2008,105.24463
Australia,AUS,2009,105.21563
Australia,AUS,2010,105.4885
Australia,AUS,2011,105.27488
Australia,AUS,2012,105.66972
Australia,AUS,2013,105.80258
Australia,AUS,2014,105.4616
Australia,AUS,2015,101.66549
Australia,AUS,2016,101.18069
Australia,AUS,2017,100.63766
Australia,AUS,2018,100.39871
Australia,AUS,2019,100.1997
Australia,AUS,2020,99.90111
Australia,AUS,2021,99.92915
Australia,AUS,2022,99.13299
Australia,AUS,2023,99.36575
Australia,AUS,2024,99.6071
Austria,AUT,2001,102.47102
Austria,AUT,2002,102.81072
Austria,AUT,2003,102.38444
Austria,AUT,2004,102.73642
Austria,AUT,2005,102.08749
Austria,AUT,2006,102.3109
Austria,AUT,2007,102.77166
Austria,AUT,2008,102.26627
Austria,AUT,2009,101.36131
Austria,AUT,2010,100.83554
Austria,AUT,2011,100.55833
Austria,AUT,2012,100.33511
Austria,AUT,2013,100.74608
Austria,AUT,2014,100.97032
Austria,AUT,2015,101.10439
Austria,AUT,2016,100.42808
Austria,AUT,2017,101.10457
Austria,AUT,2018,101.3703
Austria,AUT,2019,101.77629
Austria,AUT,2020,101.56085
Austria,AUT,2021,101.64412
Austria,AUT,2022,100.77563
Austria,AUT,2023,100.90287
Austria,AUT,2024,101.3089
Azerbaijan,AZE,2000,97.20749
Azerbaijan,AZE,2001,98.861
Azerbaijan,AZE,2002,98.34943
Azerbaijan,AZE,2003,96.21324
Azerbaijan,AZE,2004,97.26133
Azerbaijan,AZE,2005,95.52697
Azerbaijan,AZE,2006,94.21666
Azerbaijan,AZE,2007,94.7712
Azerbaijan,AZE,2008,94.07247
Azerbaijan,AZE,2009,95.06857
Azerbaijan,AZE,2010,93.76231
Azerbaijan,AZE,2011,95.57363
Azerbaijan,AZE,2012,97.95531
Azerbaijan,AZE,2013,100.50045
Azerbaijan,AZE,2014,106.05988
Azerbaijan,AZE,2015,106.601494
Azerbaijan,AZE,2016,106.43174
Azerbaijan,AZE,2017,103.2941
Azerbaijan,AZE,2018,99.7221
Azerbaijan,AZE,2019,97.93535
Azerbaijan,AZE,2020,98.23607
Azerbaijan,AZE,2021,97.7305
Azerbaijan,AZE,2022,99.8083
Azerbaijan,AZE,2023,101.9797
Azerbaijan,AZE,2024,105.62502
Bahamas,BHS,1971,105.07012
Bahamas,BHS,1972,101.3131
Bahamas,BHS,1973,94.70822
Bahamas,BHS,1974,93.84813
Bahamas,BHS,1975,93.32569
Bahamas,BHS,1976,92.59952
Bahamas,BHS,1977,93.00591
Bahamas,BHS,1978,94.34486
Bahamas,BHS,1979,94.47663
Bahamas,BHS,1980,94.72557
Bahamas,BHS,1981,99.10111
Bahamas,BHS,1982,100.07654
Bahamas,BHS,1983,101.65251
Bahamas,BHS,1984,96.56632
Bahamas,BHS,1985,105.399
Bahamas,BHS,1986,106.31797
Bahamas,BHS,1990,107.14542
Bahamas,BHS,1991,106.29224
Bahamas,BHS,1992,106.65005
Bahamas,BHS,1993,106.74787
Bahamas,BHS,1994,102.99951
Bahamas,BHS,1995,100.29325
Bahamas,BHS,1996,101.44295
Bahamas,BHS,1997,96.49572
Bahamas,BHS,1998,94.31068
Bahamas,BHS,1999,91.07576
Bahamas,BHS,2002,89.14207
Bahamas,BHS,2004,96.13796
Bahamas,BHS,2005,101.07486
Bahamas,BHS,2006,100.1366
Bahamas,BHS,2007,105.79987
Bahamas,BHS,2008,107.28162
Bahamas,BHS,2009,103.59838
Bahamas,BHS,2010,102.48235
Bahamas,BHS,2011,110.13575
Bahamas,BHS,2012,103.67738
Bahamas,BHS,2013,94.64044
Bahamas,BHS,2014,94.388214
Bahamas,BHS,2015,96.260666
Bahamas,BHS,2016,90.41173
Bahamas,BHS,2018,88.55008
Bahamas,BHS,2019,91.937546
Bahamas,BHS,2021,80.52371
Bahamas,BHS,2023,78.393196
Bahamas,BHS,2024,92.85665
Bahrain,BHR,1971,96.4712
Bahrain,BHR,1972,96.21074
Bahrain,BHR,1973,96.36692
Bahrain,BHR,1974,97.83329
Bahrain,BHR,1975,102.87098
Bahrain,BHR,1976,104.93847
Bahrain,BHR,1977,106.83907
Bahrain,BHR,1978,107.33798
Bahrain,BHR,1979,108.09131
Bahrain,BHR,1980,105.53797
Bahrain,BHR,1981,99.41726
Bahrain,BHR,1982,96.48491
Bahrain,BHR,1983,95.40972
Bahrain,BHR,1984,99.9049
Bahrain,BHR,1985,102.244
Bahrain,BHR,1986,104.47571
Bahrain,BHR,1987,105.05254
Bahrain,BHR,1988,106.12534
Bahrain,BHR,1989,106.07623
Bahrain,BHR,1990,101.89785
Bahrain,BHR,1991,99.72447
Bahrain,BHR,1992,93.73322
Bahrain,BHR,1993,93.23392
Bahrain,BHR,1994,93.228
Bahrain,BHR,1995,94.86517
Bahrain,BHR,1996,95.0986
Bahrain,BHR,1997,95.90967
Bahrain,BHR,1998,97.35123
Bahrain,BHR,1999,99.07678
Bahrain,BHR,2000,98.87789
Bahrain,BHR,2001,98.28694
Bahrain,BHR,2002,96.79835
Bahrain,BHR,2003,95.42605
Bahrain,BHR,2004,95.14979
Bahrain,BHR,2005,95.14775
Bahrain,BHR,2006,101.91746
Bahrain,BHR,2011,96.11959
Bahrain,BHR,2012,101.80322
Bahrain,BHR,2013,107.46428
Bahrain,BHR,2014,104.369514
Bahrain,BHR,2015,100.237015
Bahrain,BHR,2016,99.89686
Bahrain,BHR,2017,98.736176
Bahrain,BHR,2018,96.838615
Bahrain,BHR,2019,96.77541
Bahrain,BHR,2022,96.99273
Bahrain,BHR,2023,93.899895
Bahrain,BHR,2024,96.875244
Bangladesh,BGD,1970,53.32358
Bangladesh,BGD,1971,49.65282
Bangladesh,BGD,1972,62.13033
Bangladesh,BGD,1973,73.66099
Bangladesh,BGD,1974,71.53741
Bangladesh,BGD,1975,75.48896
Bangladesh,BGD,1976,76.74797
Bangladesh,BGD,1977,71.06517
Bangladesh,BGD,1978,68.6553
Bangladesh,BGD,1979,66.4933
Bangladesh,BGD,1980,64.19301
Bangladesh,BGD,1981,62.35279
Bangladesh,BGD,1982,63.54652
Bangladesh,BGD,1983,64.53593
Bangladesh,BGD,1984,63.82145
Bangladesh,BGD,1985,62.44219
Bangladesh,BGD,1986,62.46654
Bangladesh,BGD,1987,61.75058
Bangladesh,BGD,1988,72.72724
Bangladesh,BGD,1989,72.56129
Bangladesh,BGD,1990,75.41544
Bangladesh,BGD,2005,96.38683
Bangladesh,BGD,2006,95.8766
Bangladesh,BGD,2007,93.66235
Bangladesh,BGD,2008,90.37823
Bangladesh,BGD,2009,92.59367
Bangladesh,BGD,2010,94.77623
Bangladesh,BGD,2017,105.12882
Bangladesh,BGD,2018,107.18996
Bangladesh,BGD,2020,110.06662
Bangladesh,BGD,2021,106.33485
Bangladesh,BGD,2022,107.80206
Bangladesh,BGD,2023,103.116425
Bangladesh,BGD,2024,106.49131
Barbados,BRB,1971,104.10206
Barbados,BRB,1972,101.11129
Barbados,BRB,1973,99.71481
Barbados,BRB,1974,94.14491
Barbados,BRB,1975,96.5687
Barbados,BRB,1976,96.20268
Barbados,BRB,1977,102.05375
Barbados,BRB,1978,106.0725
Barbados,BRB,1979,108.54916
Barbados,BRB,1980,101.67295
Barbados,BRB,1981,104.03487
Barbados,BRB,1982,105.29779
Barbados,BRB,1983,107.58564
Barbados,BRB,1984,114.92154
Barbados,BRB,1985,115.78563
Barbados,BRB,1989,117.50407
Barbados,BRB,1990,112.13527
Barbados,BRB,1992,106.88314
Barbados,BRB,1999,103.17533
Barbados,BRB,2000,102.61624
Barbados,BRB,2001,104.4226
Barbados,BRB,2002,103.54535
Barbados,BRB,2003,104.48761
Barbados,BRB,2004,102.36578
Barbados,BRB,2005,101.59361
Barbados,BRB,2006,101.27604
Barbados,BRB,2007,100.21299
Barbados,BRB,2008,100.4705
Barbados,BRB,2009,99.80239
Barbados,BRB,2010,100.02649
Barbados,BRB,2011,100.60787
Barbados,BRB,2014,96.43345
Barbados,BRB,2015,95.40518
Barbados,BRB,2016,95.31933
Barbados,BRB,2017,94.366005
Barbados,BRB,2018,94.47222
Barbados,BRB,2019,94.75614
Barbados,BRB,2020,94.51348
Barbados,BRB,2021,92.770905
Barbados,BRB,2022,90.18753
Barbados,BRB,2023,88.00757
Barbados,BRB,2024,83.93703
Belarus,BLR,1971,100.96624
Belarus,BLR,1972,100.88868
Belarus,BLR,1973,101.29212
Belarus,BLR,1974,100.58491
Belarus,BLR,1975,100.61113
Belarus,BLR,1976,100.18431
Belarus,BLR,1977,100.20007
Belarus,BLR,1978,99.57019
Belarus,BLR,1979,99.86897
Belarus,BLR,1980,101.33921
Belarus,BLR,1981,103.46784
Belarus,BLR,1982,104.61338
Belarus,BLR,1983,105.93339
Belarus,BLR,1984,107.18002
Belarus,BLR,1985,108.23942
Belarus,BLR,1986,108.55483
Belarus,BLR,1987,94.07347
Belarus,BLR,1988,94.19138
Belarus,BLR,1989,93.62056
Belarus,BLR,1990,92.72276
Belarus,BLR,1991,94.51293
Belarus,BLR,1992,93.8577
Belarus,BLR,1993,94.0659
Belarus,BLR,1994,95.17639
Belarus,BLR,1995,95.75001
Belarus,BLR,1996,96.6499
Belarus,BLR,1997,99.76742
Belarus,BLR,1998,103.21465
Belarus,BLR,1999,115.26726
Belarus,BLR,2000,117.42114
Belarus,BLR,2001,117.49288
Belarus,BLR,2002,114.62126
Belarus,BLR,2003,105.36563
Belarus,BLR,2004,103.97982
Belarus,BLR,2005,102.12633
Belarus,BLR,2006,101.28292
Belarus,BLR,2007,99.83733
Belarus,BLR,2008,99.81019
Belarus,BLR,2009,100.75684
Belarus,BLR,2010,100.77881
Belarus,BLR,2011,100.9274
Belarus,BLR,2012,100.103584
Belarus,BLR,2013,99.40241
Belarus,BLR,2014,98.81963
Belarus,BLR,2015,98.47248
Belarus,BLR,2016,99.41656
Belarus,BLR,2017,98.991135
Belarus,BLR,2018,98.22608
Belarus,BLR,2019,97.04943
Belarus,BLR,2020,95.52502
Belarus,BLR,2021,95.52664
Belarus,BLR,2022,95.43072
Belarus,BLR,2023,95.21836
Belarus,BLR,2024,96.8224
Belgium,BEL,2001,103.4267
Belgium,BEL,2002,103.60533
Belgium,BEL,2003,103.77694
Belgium,BEL,2004,103.03942
Belgium,BEL,2005,103.11244
Belgium,BEL,2006,102.7934
Belgium,BEL,2007,102.4513
Belgium,BEL,2008,102.26573
Belgium,BEL,2009,102.25946
Belgium,BEL,2010,102.23681
Belgium,BEL,2011,101.26989
Belgium,BEL,2012,101.52036
Belgium,BEL,2013,103.19106
Belgium,BEL,2014,103.10487
Belgium,BEL,2015,102.24383
Belgium,BEL,2016,102.05586
Belgium,BEL,2017,102.75286
Belgium,BEL,2018,102.50037
Belgium,BEL,2019,102.14856
Belgium,BEL,2020,102.06427
Belgium,BEL,2021,101.82114
Belgium,BEL,2022,102.17699
Belgium,BEL,2023,102.10801
Belize,BLZ,1971,104.91077
Belize,BLZ,1972,103.32143
Belize,BLZ,1973,104.14122
Belize,BLZ,1974,105.60199
Belize,BLZ,1976,109.34706
Belize,BLZ,1977,114.56327
Belize,BLZ,1978,118.8495
Belize,BLZ,1980,124.71535
Belize,BLZ,1981,122.21396
Belize,BLZ,1982,119.09053
Belize,BLZ,1983,115.42273
Belize,BLZ,1984,116.01378
Belize,BLZ,1985,112.64811
Belize,BLZ,1986,106.14906
Belize,BLZ,1987,107.26997
Belize,BLZ,1988,107.739
Belize,BLZ,1989,108.36321
Belize,BLZ,1990,111.60569
Belize,BLZ,1991,114.84361
Belize,BLZ,1992,115.69354
Belize,BLZ,1993,117.5871
Belize,BLZ,1994,119.99645
Belize,BLZ,1995,120.45071
Belize,BLZ,1996,121.86209
Belize,BLZ,1997,118.85589
Belize,BLZ,1999,116.88449
Belize,BLZ,2000,117.03468
Belize,BLZ,2001,117.08415
Belize,BLZ,2002,113.59685
Belize,BLZ,2003,118.81106
Belize,BLZ,2004,120.60257
Belize,BLZ,2005,120.29735
Belize,BLZ,2006,119.86639
Belize,BLZ,2007,117.77334
Belize,BLZ,2008,115.30393
Belize,BLZ,2009,114.54534
Belize,BLZ,2010,112.94648
Belize,BLZ,2011,112.275925
Belize,BLZ,2012,115.22258
Belize,BLZ,2013,113.52408
Belize,BLZ,2014,112.828865
Belize,BLZ,2015,113.60255
Belize,BLZ,2016,116.08402
Belize,BLZ,2017,115.62998
Belize,BLZ,2018,114.90527
Belize,BLZ,2019,114.45835
Belize,BLZ,2020,112.25143
Belize,BLZ,2021,107.33727
Belize,BLZ,2022,101.53137
Belize,BLZ,2023,97.787445
Belize,BLZ,2024,96.481926
Benin,BEN,1971,31.72821
Benin,BEN,1972,34.34263
Benin,BEN,1973,37.81932
Benin,BEN,1974,36.48206
Benin,BEN,1975,42.47884
Benin,BEN,1976,43.9972
Benin,BEN,1977,46.04414
Benin,BEN,1978,46.98248
Benin,BEN,1979,52.69345
Benin,BEN,1980,53.96759
Benin,BEN,1981,55.72691
Benin,BEN,1982,59.67836
Benin,BEN,1983,61.3734
Benin,BEN,1984,59.71888
Benin,BEN,1985,60.00403
Benin,BEN,1986,58.05878
Benin,BEN,1987,58.28299
Benin,BEN,1988,57.11751
Benin,BEN,1989,56.42484
Benin,BEN,1990,47.15203
Benin,BEN,1991,53.25197
Benin,BEN,1992,56.13241
Benin,BEN,1993,60.96527
Benin,BEN,1994,61.3388
Benin,BEN,1995,64.69036
Benin,BEN,1996,66.98709
Benin,BEN,1997,70.75408
Benin,BEN,1998,73.89034
Benin,BEN,1999,74.32378
Benin,BEN,2000,77.2928
Benin,BEN,2001,84.47855
Benin,BEN,2002,89.59296
Benin,BEN,2003,93.19211
Benin,BEN,2004,96.98716
Benin,BEN,2005,94.21457
Benin,BEN,2006,94.33254
Benin,BEN,2008,106.48396
Benin,BEN,2009,111.44181
Benin,BEN,2010,112.79596
Benin,BEN,2011,114.72313
Benin,BEN,2012,118.54148
Benin,BEN,2013,119.38309
Benin,BEN,2014,119.67539
Benin,BEN,2015,121.99088
Benin,BEN,2016,120.30112
Benin,BEN,2017,116.29152
Benin,BEN,2018,111.80507
Benin,BEN,2019,106.7984
Benin,BEN,2020,104.03317
Benin,BEN,2021,105.6313
Benin,BEN,2022,108.03624
Bermuda,BMU,1971,105.43966
Bermuda,BMU,1972,103.63734
Bermuda,BMU,1973,100.99659
Bermuda,BMU,1974,100.57391
Bermuda,BMU,1975,99.69741
Bermuda,BMU,1976,101.64228
Bermuda,BMU,1977,103.26308
Bermuda,BMU,1978,104.76345
Bermuda,BMU,1979,99.30035
Bermuda,BMU,1980,101.76811
Bermuda,BMU,1981,102.31034
Bermuda,BMU,1982,103.01279
Bermuda,BMU,1983,102.80708
Bermuda,BMU,1984,101.11538
Bermuda,BMU,1985,101.12402
Bermuda,BMU,1995,107.69509
Bermuda,BMU,1997,120.33136
Bermuda,BMU,2001,103.5498
Bermuda,BMU,2002,102.93501
Bermuda,BMU,2003,103.23741
Bermuda,BMU,2004,102.27514
Bermuda,BMU,2005,100.93299
Bermuda,BMU,2006,99.3839
Bermuda,BMU,2010,106.17137
Bermuda,BMU,2011,103.87097
Bermuda,BMU,2012,101.2488
Bermuda,BMU,2013,99.56522
Bermuda,BMU,2014,100.56414
Bermuda,BMU,2015,102.67393
Bermuda,BMU,2023,92.85125
Bhutan,BTN,1970,19.81324
Bhutan,BTN,1971,19.72457
Bhutan,BTN,1972,21.12507
Bhutan,BTN,1974,24.19812
Bhutan,BTN,1976,29.1166
Bhutan,BTN,1977,31.60909
Bhutan,BTN,1978,31.65794
Bhutan,BTN,1979,35.20871
Bhutan,BTN,1980,44.75094
Bhutan,BTN,1981,49.71954
Bhutan,BTN,1982,51.96804
Bhutan,BTN,1983,55.39681
Bhutan,BTN,1984,57.14599
Bhutan,BTN,1985,56.50572
Bhutan,BTN,1986,51.89881
Bhutan,BTN,1987,52.60983
Bhutan,BTN,1988,54.16198
Bhutan,BTN,1991,46.4367
Bhutan,BTN,1992,45.32758
Bhutan,BTN,1993,54.50661
Bhutan,BTN,1994,57.22053
Bhutan,BTN,1995,62.32299
Bhutan,BTN,1996,68.27945
Bhutan,BTN,1997,71.66881
Bhutan,BTN,1998,73.82273
Bhutan,BTN,1999,75.68122
Bhutan,BTN,2000,77.86318
Bhutan,BTN,2001,79.74901
Bhutan,BTN,2002,81.86884
Bhutan,BTN,2003,84.87843
Bhutan,BTN,2004,88.83564
Bhutan,BTN,2005,92.4434
Bhutan,BTN,2006,97.06134
Bhutan,BTN,2007,101.10329
Bhutan,BTN,2008,104.53305
Bhutan,BTN,2009,109.00988
Bhutan,BTN,2010,111.97585
Bhutan,BTN,2011,113.56677
Bhutan,BTN,2012,113.01961
Bhutan,BTN,2013,106.84125
Bhutan,BTN,2014,104.71958
Bhutan,BTN,2015,103.099495
Bhutan,BTN,2016,101.32402
Bhutan,BTN,2017,99.744774
Bhutan,BTN,2018,99.30602
Bhutan,BTN,2019,97.98993
Bhutan,BTN,2020,103.82601
Bhutan,BTN,2021,105.461044
Bhutan,BTN,2022,105.26615
Bhutan,BTN,2023,106.6874
Bhutan,BTN,2024,114.88113
Bolivia,BOL,1970,87.99773
Bolivia,BOL,1971,87.42927
Bolivia,BOL,1972,88.77725
Bolivia,BOL,1973,91.0667
Bolivia,BOL,1974,92.92802
Bolivia,BOL,1975,97.02421
Bolivia,BOL,1976,98.99291
Bolivia,BOL,1977,96.0133
Bolivia,BOL,1978,96.91131
Bolivia,BOL,1979,98.43062
Bolivia,BOL,1980,97.34634
Bolivia,BOL,1981,98.9313
Bolivia,BOL,1983,101.25739
Bolivia,BOL,1984,106.58625
Bolivia,BOL,1986,103.98549
Bolivia,BOL,1987,110.20662
Bolivia,BOL,1989,99.15592
Bolivia,BOL,1990,101.09182
Bolivia,BOL,1991,102.55469
Bolivia,BOL,1992,102.81865
Bolivia,BOL,1993,103.89306
Bolivia,BOL,1994,106.189
Bolivia,BOL,1995,108.63292
Bolivia,BOL,1996,109.9201
Bolivia,BOL,1997,111.18445
Bolivia,BOL,1998,111.98487
Bolivia,BOL,1999,113.84333
Bolivia,BOL,2000,119.13207
Bolivia,BOL,2001,118.06078
Bolivia,BOL,2002,118.54347
Bolivia,BOL,2003,116.67719
Bolivia,BOL,2004,115.95581
Bolivia,BOL,2005,115.19937
Bolivia,BOL,2006,113.56164
Bolivia,BOL,2007,112.76772
Bolivia,BOL,2008,111.65006
Bolivia,BOL,2009,108.03124
Bolivia,BOL,2010,104.39637
Bolivia,BOL,2011,100.92185
Bolivia,BOL,2012,98.31293
Bolivia,BOL,2013,96.89047
Bolivia,BOL,2014,95.46547
Bolivia,BOL,2015,95.09619
Bolivia,BOL,2016,95.538765
Bolivia,BOL,2017,96.4475
Bolivia,BOL,2018,97.12272
Bolivia,BOL,2019,97.67147
Bolivia,BOL,2020,98.236946
Bolivia,BOL,2021,98.46942
Bolivia,BOL,2022,99.19609
Bolivia,BOL,2023,98.57269
Bolivia,BOL,2024,93.67665
Bosnia and Herzegovina,BIH,2007,108.79678
Bosnia and Herzegovina,BIH,2008,106.6224
Bosnia and Herzegovina,BIH,2009,108.09497
Bosnia and Herzegovina,BIH,2010,88.70708
Bosnia and Herzegovina,BIH,2011,89.09854
Bosnia and Herzegovina,BIH,2012,89.20942
Bosnia and Herzegovina,BIH,2013,89.48696
Bosnia and Herzegovina,BIH,2014,91.22444
Bosnia and Herzegovina,BIH,2015,94.69544
Bosnia and Herzegovina,BIH,2016,96.13863
Bosnia and Herzegovina,BIH,2017,98.2436
Bosnia and Herzegovina,BIH,2018,99.71658
Bosnia and Herzegovina,BIH,2019,100.92971
Bosnia and Herzegovina,BIH,2020,100.26393
Bosnia and Herzegovina,BIH,2021,101.16862
Bosnia and Herzegovina,BIH,2022,101.60451
Bosnia and Herzegovina,BIH,2023,101.19488
Botswana,BWA,1970,68.6103
Botswana,BWA,1971,64.04317
Botswana,BWA,1972,64.67458
Botswana,BWA,1973,70.55187
Botswana,BWA,1974,73.8041
Botswana,BWA,1975,79.89187
Botswana,BWA,1976,83.08557
Botswana,BWA,1977,87.39965
Botswana,BWA,1978,89.1987
Botswana,BWA,1979,91.66355
Botswana,BWA,1980,96.25482
Botswana,BWA,1981,100.53057
Botswana,BWA,1982,101.36552
Botswana,BWA,1983,103.1658
Botswana,BWA,1984,104.72106
Botswana,BWA,1985,107.17562
Botswana,BWA,1986,107.8474
Botswana,BWA,1987,108.05284
Botswana,BWA,1988,108.38635
Botswana,BWA,1989,110.05506
Botswana,BWA,1990,109.42001
Botswana,BWA,1991,111.72171
Botswana,BWA,1992,109.23182
Botswana,BWA,1993,107.7725
Botswana,BWA,1994,107.28808
Botswana,BWA,1995,106.1337
Botswana,BWA,1996,106.94653
Botswana,BWA,1997,107.54993
Botswana,BWA,1998,106.83962
Botswana,BWA,1999,107.01438
Botswana,BWA,2000,107.46958
Botswana,BWA,2001,108.97391
Botswana,BWA,2002,109.58321
Botswana,BWA,2003,110.27052
Botswana,BWA,2004,110.61521
Botswana,BWA,2005,111.46208
Botswana,BWA,2006,112.33057
Botswana,BWA,2007,111.43966
Botswana,BWA,2008,110.97836
Botswana,BWA,2009,111.21366
Botswana,BWA,2012,107.41198
Botswana,BWA,2013,105.31556
Botswana,BWA,2014,101.61661
Botswana,BWA,2015,101.62335
Botswana,BWA,2021,104.61998
Botswana,BWA,2022,109.273254
Brazil,BRA,2012,104.05445
Brazil,BRA,2013,109.28243
Brazil,BRA,2014,109.80891
Brazil,BRA,2015,108.74018
Brazil,BRA,2016,108.58366
Brazil,BRA,2017,109.78875
Brazil,BRA,2018,108.72001
Brazil,BRA,2019,107.68299
Brazil,BRA,2020,105.91223
Brazil,BRA,2021,103.9294
Brazil,BRA,2022,104.66742
Brazil,BRA,2024,104.29691
British Virgin Islands,VGB,1971,130.9842
British Virgin Islands,VGB,1972,122.98851
British Virgin Islands,VGB,1973,128.8728
British Virgin Islands,VGB,1974,111.52239
British Virgin Islands,VGB,1975,123.30383
British Virgin Islands,VGB,1976,121.2963
British Virgin Islands,VGB,1979,112.6257
British Virgin Islands,VGB,1981,109.24184
British Virgin Islands,VGB,1983,110.38462
British Virgin Islands,VGB,1984,113.79501
British Virgin Islands,VGB,1985,114.94444
British Virgin Islands,VGB,1990,114.08236
British Virgin Islands,VGB,1991,116.30219
British Virgin Islands,VGB,1992,119.4621
British Virgin Islands,VGB,1993,122.53861
British Virgin Islands,VGB,1994,118.52203
British Virgin Islands,VGB,1995,120.41284
British Virgin Islands,VGB,1999,113.36349
British Virgin Islands,VGB,2000,111.54309
British Virgin Islands,VGB,2001,108.27156
British Virgin Islands,VGB,2002,108.61669
British Virgin Islands,VGB,2003,106.79985
British Virgin Islands,VGB,2004,107.82742
British Virgin Islands,VGB,2005,109.23483
British Virgin Islands,VGB,2006,108.50037
British Virgin Islands,VGB,2007,112.36619
British Virgin Islands,VGB,2009,112.27566
British Virgin Islands,VGB,2010,111.45543
British Virgin Islands,VGB,2011,108.73181
British Virgin Islands,VGB,2012,104.87239
British Virgin Islands,VGB,2013,101.782875
British Virgin Islands,VGB,2014,97.733376
British Virgin Islands,VGB,2015,96.38347
British Virgin Islands,VGB,2016,91.993324
British Virgin Islands,VGB,2017,100.15019
British Virgin Islands,VGB,2018,78.58919
British Virgin Islands,VGB,2019,85.24489
British Virgin Islands,VGB,2020,86.85221
British Virgin Islands,VGB,2021,92.68702
British Virgin Islands,VGB,2022,73.17157
British Virgin Islands,VGB,2023,87.31656
British Virgin Islands,VGB,2024,72.77999
Brunei,BRN,1970,121.09825
Brunei,BRN,1971,129.26427
Brunei,BRN,1972,131.94438
Brunei,BRN,1973,129.27238
Brunei,BRN,1974,126.88594
Brunei,BRN,1975,122.56371
Brunei,BRN,1976,123.97539
Brunei,BRN,1977,127.77072
Brunei,BRN,1978,128.99236
Brunei,BRN,1979,114.10818
Brunei,BRN,1980,113.63823
Brunei,BRN,1981,114.92164
Brunei,BRN,1982,111.80435
Brunei,BRN,1983,113.70134
Brunei,BRN,1984,117.11015
Brunei,BRN,1985,117.04488
Brunei,BRN,1986,122.95289
Brunei,BRN,1987,121.58926
Brunei,BRN,1988,123.29821
Brunei,BRN,1989,125.86278
Brunei,BRN,1991,116.41947
Brunei,BRN,1992,114.44106
Brunei,BRN,1993,115.30526
Brunei,BRN,1994,115.40352
Brunei,BRN,1995,113.28749
Brunei,BRN,1996,111.85438
Brunei,BRN,1997,110.2139
Brunei,BRN,1998,113.10862
Brunei,BRN,1999,113.26215
Brunei,BRN,2000,112.03788
Brunei,BRN,2001,110.13542
Brunei,BRN,2002,112.11531
Brunei,BRN,2003,116.92627
Brunei,BRN,2004,119.10534
Brunei,BRN,2005,119.84476
Brunei,BRN,2006,121.50597
Brunei,BRN,2007,122.32126
Brunei,BRN,2008,116.78313
Brunei,BRN,2009,112.53243
Brunei,BRN,2010,108.70581
Brunei,BRN,2011,104.830894
Brunei,BRN,2012,103.31054
Brunei,BRN,2013,103.89514
Brunei,BRN,2014,103.84771
Brunei,BRN,2015,104.18579
Brunei,BRN,2016,105.72638
Brunei,BRN,2017,104.567055
Brunei,BRN,2018,104.17999
Brunei,BRN,2019,103.03301
Brunei,BRN,2020,102.70963
Brunei,BRN,2021,101.387924
Brunei,BRN,2022,99.13491
Brunei,BRN,2023,96.92922
Brunei,BRN,2024,94.820786
Bulgaria,BGR,2001,105.33926
Bulgaria,BGR,2002,109.64699
Bulgaria,BGR,2003,111.69449
Bulgaria,BGR,2004,111.75123
Bulgaria,BGR,2005,110.92043
Bulgaria,BGR,2006,108.82319
Bulgaria,BGR,2007,106.10497
Bulgaria,BGR,2008,104.15756
Bulgaria,BGR,2009,102.06191
Bulgaria,BGR,2010,101.40062
Bulgaria,BGR,2011,101.12027
Bulgaria,BGR,2012,100.36308
Bulgaria,BGR,2013,98.79118
Bulgaria,BGR,2014,99.24961
Bulgaria,BGR,2015,99.12722
Bulgaria,BGR,2016,98.07716
Bulgaria,BGR,2017,97.5943
Bulgaria,BGR,2018,96.79232
Bulgaria,BGR,2019,96.43988
Bulgaria,BGR,2020,96.54376
Bulgaria,BGR,2021,95.6111
Bulgaria,BGR,2022,95.88852
Bulgaria,BGR,2023,95.42322
Bulgaria,BGR,2024,95.27642
Burkina Faso,BFA,1971,12.48822
Burkina Faso,BFA,1972,12.94747
Burkina Faso,BFA,1973,13.24613
Burkina Faso,BFA,1974,13.72241
Burkina Faso,BFA,1975,14.29943
Burkina Faso,BFA,1976,14.71908
Burkina Faso,BFA,1977,15.16676
Burkina Faso,BFA,1978,15.84464
Burkina Faso,BFA,1979,16.48882
Burkina Faso,BFA,1980,17.3951
Burkina Faso,BFA,1981,18.45983
Burkina Faso,BFA,1982,19.9122
Burkina Faso,BFA,1983,21.59834
Burkina Faso,BFA,1984,23.05821
Burkina Faso,BFA,1985,25.18334
Burkina Faso,BFA,1986,27.17099
Burkina Faso,BFA,1987,28.97295
Burkina Faso,BFA,1988,29.39661
Burkina Faso,BFA,1989,30.45841
Burkina Faso,BFA,1990,31.33033
Burkina Faso,BFA,1991,32.28655
Burkina Faso,BFA,1992,32.84063
Burkina Faso,BFA,1993,33.77854
Burkina Faso,BFA,1994,34.94963
Burkina Faso,BFA,1995,36.81217
Burkina Faso,BFA,1996,38.64612
Burkina Faso,BFA,1998,40.83832
Burkina Faso,BFA,1999,41.91349
Burkina Faso,BFA,2000,42.81753
Burkina Faso,BFA,2001,44.33814
Burkina Faso,BFA,2002,45.13309
Burkina Faso,BFA,2003,47.53355
Burkina Faso,BFA,2004,52.17909
Burkina Faso,BFA,2005,56.69826
Burkina Faso,BFA,2006,60.375
Burkina Faso,BFA,2007,65.88918
Burkina Faso,BFA,2008,71.36622
Burkina Faso,BFA,2009,75.7859
Burkina Faso,BFA,2010,76.40553
Burkina Faso,BFA,2011,79.732216
Burkina Faso,BFA,2012,81.98174
Burkina Faso,BFA,2013,83.28909
Burkina Faso,BFA,2014,84.55387
Burkina Faso,BFA,2015,85.14848
Burkina Faso,BFA,2016,87.406525
Burkina Faso,BFA,2017,89.51183
Burkina Faso,BFA,2018,91.501976
Burkina Faso,BFA,2019,89.786156
Burkina Faso,BFA,2020,87.698845
Burkina Faso,BFA,2021,87.01833
Burkina Faso,BFA,2022,82.25671
Burkina Faso,BFA,2023,72.238594
Burkina Faso,BFA,2024,77.166595
Burundi,BDI,1971,27.90254
Burundi,BDI,1972,26.96557
Burundi,BDI,1973,23.57424
Burundi,BDI,1974,21.31603
Burundi,BDI,1975,21.16864
Burundi,BDI,1976,20.64182
Burundi,BDI,1977,20.34349
Burundi,BDI,1978,21.43202
Burundi,BDI,1979,21.41088
Burundi,BDI,1980,22.89503
Burundi,BDI,1981,24.66337
Burundi,BDI,1982,28.43924
Burundi,BDI,1983,34.8565
Burundi,BDI,1984,39.57576
Burundi,BDI,1985,43.89588
Burundi,BDI,1986,47.98808
Burundi,BDI,1987,54.01304
Burundi,BDI,1988,61.16122
Burundi,BDI,1989,62.25637
Burundi,BDI,1990,62.58589
Burundi,BDI,1991,63.7648
Burundi,BDI,1992,61.28919
Burundi,BDI,1993,61.19281
Burundi,BDI,1995,47.97405
Burundi,BDI,1996,37.98249
Burundi,BDI,1997,39.92623
Burundi,BDI,1998,48.11208
Burundi,BDI,1999,57.24459
Burundi,BDI,2000,59.23683
Burundi,BDI,2001,61.93825
Burundi,BDI,2002,68.63799
Burundi,BDI,2003,74.17696
Burundi,BDI,2004,79.25544
Burundi,BDI,2005,84.50359
Burundi,BDI,2006,107.59712
Burundi,BDI,2007,120.35242
Burundi,BDI,2008,123.76885
Burundi,BDI,2009,131.40083
Burundi,BDI,2010,135.15973
Burundi,BDI,2011,135.99222
Burundi,BDI,2012,131.35715
Burundi,BDI,2013,126.11024
Burundi,BDI,2014,121.42411
Burundi,BDI,2015,116.22813
Burundi,BDI,2016,112.482124
Burundi,BDI,2017,107.55418
Burundi,BDI,2018,104.25645
Burundi,BDI,2019,101.50612
Burundi,BDI,2020,101.66109
Burundi,BDI,2025,100.62755
Cambodia,KHM,1971,30.28186
Cambodia,KHM,1972,42.56811
Cambodia,KHM,1973,41.34143
Cambodia,KHM,1981,138.12735
Cambodia,KHM,1982,168.68175
Cambodia,KHM,1983,189.94463
Cambodia,KHM,1984,198.8852
Cambodia,KHM,1985,197.12267
Cambodia,KHM,1986,192.89735
Cambodia,KHM,1987,173.47375
Cambodia,KHM,1988,152.25642
Cambodia,KHM,1989,135.98111
Cambodia,KHM,1990,113.41743
Cambodia,KHM,1991,103.98199
Cambodia,KHM,1994,104.67035
Cambodia,KHM,1995,99.20875
Cambodia,KHM,1997,95.86647
Cambodia,KHM,1998,94.23738
Cambodia,KHM,1999,98.37249
Cambodia,KHM,2000,102.79274
Cambodia,KHM,2001,110.34295
Cambodia,KHM,2002,123.66854
Cambodia,KHM,2003,126.51239
Cambodia,KHM,2004,129.02036
Cambodia,KHM,2005,129.55132
Cambodia,KHM,2006,128.40486
Cambodia,KHM,2007,127.71709
Cambodia,KHM,2008,124.06602
Cambodia,KHM,2009,123.7816
Cambodia,KHM,2010,123.3578
Cambodia,KHM,2011,118.76244
Cambodia,KHM,2012,115.418434
Cambodia,KHM,2013,115.808136
Cambodia,KHM,2014,108.94222
Cambodia,KHM,2015,103.759674
Cambodia,KHM,2016,101.73427
Cambodia,KHM,2017,100.69504
Cambodia,KHM,2018,99.67391
Cambodia,KHM,2019,100.48082
Cambodia,KHM,2020,107.02102
Cambodia,KHM,2021,105.28248
Cambodia,KHM,2022,106.33154
Cambodia,KHM,2023,107.03902
Cambodia,KHM,2024,108.97134
Cameroon,CMR,1971,92.321
Cameroon,CMR,1972,90.3949
Cameroon,CMR,1973,91.24052
Cameroon,CMR,1974,92.56874
Cameroon,CMR,1975,94.65242
Cameroon,CMR,1976,95.30049
Cameroon,CMR,1977,93.62162
Cameroon,CMR,1978,94.49596
Cameroon,CMR,1979,94.82798
Cameroon,CMR,1980,94.99104
Cameroon,CMR,1981,96.94183
Cameroon,CMR,1982,98.08861
Cameroon,CMR,1983,101.12026
Cameroon,CMR,1984,99.66535
Cameroon,CMR,1985,100.75205
Cameroon,CMR,1986,101.62141
Cameroon,CMR,1987,103.3905
Cameroon,CMR,1988,104.08134
Cameroon,CMR,1989,100.64859
Cameroon,CMR,1990,100.78503
Cameroon,CMR,1991,98.5979
Cameroon,CMR,1992,93.25304
Cameroon,CMR,1994,86.865
Cameroon,CMR,1995,84.82801
Cameroon,CMR,1996,77.74731
Cameroon,CMR,1997,81.40056
Cameroon,CMR,1998,83.59676
Cameroon,CMR,1999,86.1725
Cameroon,CMR,2000,88.48895
Cameroon,CMR,2001,104.27831
Cameroon,CMR,2002,104.31628
Cameroon,CMR,2003,104.62637
Cameroon,CMR,2004,109.46471
Cameroon,CMR,2005,107.31694
Cameroon,CMR,2006,105.71222
Cameroon,CMR,2007,107.51403
Cameroon,CMR,2008,107.60605
Cameroon,CMR,2009,109.50219
Cameroon,CMR,2010,111.2347
Cameroon,CMR,2011,110.01914
Cameroon,CMR,2012,114.354225
Cameroon,CMR,2014,115.3042
Cameroon,CMR,2015,117.75357
Cameroon,CMR,2016,117.17304
Cameroon,CMR,2017,111.22139
Cameroon,CMR,2018,104.334206
Cameroon,CMR,2019,106.7548
Cameroon,CMR,2021,110.10779
Cameroon,CMR,2022,112.49464
Cameroon,CMR,2023,114.424835
Cameroon,CMR,2024,114.40728
Canada,CAN,2000,99.41776
Canada,CAN,2004,99.44074
Canada,CAN,2005,98.59806
Canada,CAN,2006,99.76953
Canada,CAN,2007,99.54148
Canada,CAN,2008,98.60809
Canada,CAN,2009,99.60734
Canada,CAN,2010,99.13437
Canada,CAN,2011,98.5626
Canada,CAN,2012,99.49075
Canada,CAN,2013,99.38678
Canada,CAN,2014,99.52529
Canada,CAN,2015,99.86026
Canada,CAN,2016,98.55004
Canada,CAN,2017,98.63224
Canada,CAN,2018,98.66178
Canada,CAN,2019,97.18755
Canada,CAN,2020,96.90897
Canada,CAN,2021,95.22962
Canada,CAN,2022,94.73441
Canada,CAN,2023,95.01005
Cape Verde,CPV,1971,55.94131
Cape Verde,CPV,1972,69.27985
Cape Verde,CPV,1973,87.19569
Cape Verde,CPV,1974,100.39203
Cape Verde,CPV,1975,106.30057
Cape Verde,CPV,1976,127.70562
Cape Verde,CPV,1977,115.63769
Cape Verde,CPV,1978,110.7702
Cape Verde,CPV,1979,106.55545
Cape Verde,CPV,1980,102.76402
Cape Verde,CPV,1981,100.90414
Cape Verde,CPV,1982,98.39307
Cape Verde,CPV,1983,92.05247
Cape Verde,CPV,1984,96.56863
Cape Verde,CPV,1985,97.62532
Cape Verde,CPV,1986,98.89676
Cape Verde,CPV,1987,101.80706
Cape Verde,CPV,1988,104.60602
Cape Verde,CPV,1989,107.43078
Cape Verde,CPV,1990,109.38721
Cape Verde,CPV,1991,109.91957
Cape Verde,CPV,1994,113.44052
Cape Verde,CPV,1998,117.61306
Cape Verde,CPV,1999,117.62395
Cape Verde,CPV,2000,116.19644
Cape Verde,CPV,2001,115.44879
Cape Verde,CPV,2002,115.54415
Cape Verde,CPV,2003,114.57284
Cape Verde,CPV,2004,112.93459
Cape Verde,CPV,2005,112.19192
Cape Verde,CPV,2006,112.30107
Cape Verde,CPV,2007,110.92795
Cape Verde,CPV,2008,109.96944
Cape Verde,CPV,2009,108.62046
Cape Verde,CPV,2010,107.55553
Cape Verde,CPV,2011,107.47831
Cape Verde,CPV,2012,108.38814
Cape Verde,CPV,2013,108.02074
Cape Verde,CPV,2014,107.53603
Cape Verde,CPV,2015,105.85045
Cape Verde,CPV,2016,104.43385
Cape Verde,CPV,2017,104.15402
Cape Verde,CPV,2018,105.84561
Cape Verde,CPV,2019,105.208664
Cape Verde,CPV,2020,103.42828
Cape Verde,CPV,2021,103.02597
Cape Verde,CPV,2022,102.973015
Cayman Islands,CYM,1972,94.96782
Cayman Islands,CYM,1973,97.34411
Cayman Islands,CYM,1974,109.64813
Cayman Islands,CYM,1975,106.03689
Cayman Islands,CYM,1976,104.82646
Cayman Islands,CYM,1977,116.71891
Cayman Islands,CYM,1978,106.27213
Cayman Islands,CYM,1979,103.98622
Cayman Islands,CYM,1980,101.73661
Cayman Islands,CYM,1981,101.23987
Cayman Islands,CYM,1999,106.66887
Cayman Islands,CYM,2000,108.01887
Cayman Islands,CYM,2001,108.13528
Cayman Islands,CYM,2002,107.18778
Cayman Islands,CYM,2004,99.55569
Cayman Islands,CYM,2005,95.65988
Cayman Islands,CYM,2006,99.56847
Cayman Islands,CYM,2007,103.57742
Cayman Islands,CYM,2008,102.49657
Cayman Islands,CYM,2011,103.91135
Cayman Islands,CYM,2012,103.27785
Cayman Islands,CYM,2013,98.675995
Cayman Islands,CYM,2018,92.07539
Cayman Islands,CYM,2019,94.32109
Cayman Islands,CYM,2020,97.65238
Cayman Islands,CYM,2021,95.47849
Cayman Islands,CYM,2022,98.38567
Cayman Islands,CYM,2023,101.44124
Cayman Islands,CYM,2024,95.736694
Central African Republic,CAF,1971,53.77951
Central African Republic,CAF,1972,52.87097
Central African Republic,CAF,1973,56.12878
Central African Republic,CAF,1974,56.41396
Central African Republic,CAF,1975,58.9686
Central African Republic,CAF,1976,58.725
Central African Republic,CAF,1977,61.30345
Central African Republic,CAF,1978,61.65982
Central African Republic,CAF,1979,61.69539
Central African Republic,CAF,1980,62.12616
Central African Republic,CAF,1981,62.95543
Central African Republic,CAF,1982,66.81969
Central African Republic,CAF,1983,70.02423
Central African Republic,CAF,1984,75.16403
Central African Republic,CAF,1985,78.85787
Central African Republic,CAF,1986,78.17089
Central African Republic,CAF,1987,67.70253
Central African Republic,CAF,1988,68.61475
Central African Republic,CAF,1989,68.73836
Central African Republic,CAF,1990,71.35777
Central African Republic,CAF,1991,64.96514
Central African Republic,CAF,1992,56.02482
Central African Republic,CAF,2001,68.31277
Central African Republic,CAF,2002,60.43115
Central African Republic,CAF,2003,59.68718
Central African Republic,CAF,2004,51.28706
Central African Republic,CAF,2005,57.08509
Central African Republic,CAF,2006,56.70103
Central African Republic,CAF,2007,65.55346
Central African Republic,CAF,2008,75.85035
Central African Republic,CAF,2009,77.42992
Central African Republic,CAF,2010,81.27895
Central African Republic,CAF,2011,81.3504
Central African Republic,CAF,2012,81.9315
Central African Republic,CAF,2016,96.8126
Chad,TCD,1971,31.31836
Chad,TCD,1972,30.72608
Chad,TCD,1973,30.70368
Chad,TCD,1974,31.43902
Chad,TCD,1975,31.16911
Chad,TCD,1976,31.99735
Chad,TCD,1977,32.21009
Chad,TCD,1985,32.62861
Chad,TCD,1986,37.4283
Chad,TCD,1987,36.91496
Chad,TCD,1988,44.86917
Chad,TCD,1989,44.79387
Chad,TCD,1990,50.20183
Chad,TCD,1991,51.70418
Chad,TCD,1992,54.21627
Chad,TCD,1993,51.16706
Chad,TCD,1994,48.07362
Chad,TCD,1995,46.22364
Chad,TCD,1996,47.85589
Chad,TCD,1997,52.95865
Chad,TCD,1998,58.50638
Chad,TCD,1999,59.37648
Chad,TCD,2000,61.54061
Chad,TCD,2001,63.89907
Chad,TCD,2002,68.01975
Chad,TCD,2003,70.0718
Chad,TCD,2004,73.45437
Chad,TCD,2005,70.3077
Chad,TCD,2006,69.85746
Chad,TCD,2007,68.65457
Chad,TCD,2008,76.38808
Chad,TCD,2009,80.87054
Chad,TCD,2010,80.90528
Chad,TCD,2011,87.17105
Chad,TCD,2012,90.90228
Chad,TCD,2013,97.53468
Chad,TCD,2014,98.31552
Chad,TCD,2015,87.91234
Chad,TCD,2016,82.55458
Chad,TCD,2017,74.21361
Chad,TCD,2018,84.34388
Chad,TCD,2019,83.26421
Chad,TCD,2021,86.14543
Chad,TCD,2022,87.03473
Chad,TCD,2023,88.34366
Chad,TCD,2024,88.46452
Chile,CHL,2000,101.36356
Chile,CHL,2002,101.28697
Chile,CHL,2003,101.06179
Chile,CHL,2004,105.62788
Chile,CHL,2005,105.3505
Chile,CHL,2006,105.66822
Chile,CHL,2007,106.51728
Chile,CHL,2008,106.87387
Chile,CHL,2009,105.76389
Chile,CHL,2010,103.21937
Chile,CHL,2011,103.17049
Chile,CHL,2012,103.36978
Chile,CHL,2013,102.0849
Chile,CHL,2014,101.93087
Chile,CHL,2015,101.71251
Chile,CHL,2016,101.58519
Chile,CHL,2017,101.39628
Chile,CHL,2018,101.53802
Chile,CHL,2019,101.19321
Chile,CHL,2020,99.7044
Chile,CHL,2021,99.36523
Chile,CHL,2022,100.19227
Chile,CHL,2023,100.31838
Chile,CHL,2024,99.49423
China,CHN,1970,120.78446
China,CHN,1971,112.4238
China,CHN,1972,107.2208
China,CHN,1973,108.24178
China,CHN,1974,106.41698
China,CHN,1975,112.45611
China,CHN,1976,117.81341
China,CHN,1977,115.72547
China,CHN,1978,110.9613
China,CHN,1979,109.98705
China,CHN,1980,108.83652
China,CHN,1981,110.79732
China,CHN,1982,111.92005
China,CHN,1983,115.19058
China,CHN,1984,118.01406
China,CHN,1985,125.35095
China,CHN,1986,131.11882
China,CHN,1987,133.96646
China,CHN,1988,131.62074
China,CHN,1989,127.48476
China,CHN,1990,120.85244
China,CHN,1991,117.76072
China,CHN,1992,114.98574
China,CHN,1993,112.70161
China,CHN,1994,111.16952
China,CHN,1995,111.64446
China,CHN,1996,110.50991
China,CHN,1997,110.20072
China,CHN,1998,109.90236
China,CHN,2001,115.7301
China,CHN,2006,105.24381
China,CHN,2007,105.43895
China,CHN,2008,106.20178
China,CHN,2009,105.59065
China,CHN,2010,104.1817
China,CHN,2011,103.329575
China,CHN,2012,103.18112
China,CHN,2013,101.23198
China,CHN,2014,96.896385
China,CHN,2015,96.34001
China,CHN,2016,96.87879
China,CHN,2017,97.53799
China,CHN,2018,97.8103
China,CHN,2019,97.81749
China,CHN,2020,98.786064
China,CHN,2021,99.229454
China,CHN,2022,100.098076
China,CHN,2023,99.17186
China,CHN,2024,99.644966
Colombia,COL,2000,124.29829
Colombia,COL,2001,121.08879
Colombia,COL,2002,121.77886
Colombia,COL,2004,122.84008
Colombia,COL,2005,124.04064
Colombia,COL,2006,124.61949
Colombia,COL,2007,125.46886
Colombia,COL,2008,126.4839
Colombia,COL,2009,128.16498
Colombia,COL,2010,124.37514
Colombia,COL,2011,121.83128
Colombia,COL,2012,118.63997
Colombia,COL,2013,119.08473
Colombia,COL,2014,116.0801
Colombia,COL,2015,115.49708
Colombia,COL,2016,115.44315
Colombia,COL,2017,113.30538
Colombia,COL,2018,111.69918
Colombia,COL,2019,109.35551
Colombia,COL,2020,107.08369
Colombia,COL,2021,106.48836
Colombia,COL,2022,104.83047
Comoros,COM,1971,35.34483
Comoros,COM,1972,35.26642
Comoros,COM,1973,43.79279
Comoros,COM,1974,48.70233
Comoros,COM,1975,57.85515
Comoros,COM,1976,69.73638
Comoros,COM,1977,79.51246
Comoros,COM,1979,87.95196
Comoros,COM,1981,99.84449
Comoros,COM,1983,98.17604
Comoros,COM,1984,96.43575
Comoros,COM,1985,94.4511
Comoros,COM,1986,97.40151
Comoros,COM,1987,89.2276
Comoros,COM,1988,89.6684
Comoros,COM,1989,88.92077
Comoros,COM,1990,87.96675
Comoros,COM,1991,91.42312
Comoros,COM,1992,95.92085
Comoros,COM,1993,90.47426
Comoros,COM,1994,92.07557
Comoros,COM,1996,86.91134
Comoros,COM,1998,89.94979
Comoros,COM,1999,82.52081
Comoros,COM,2000,93.0099
Comoros,COM,2002,102.24846
Comoros,COM,2003,100.249
Comoros,COM,2004,97.92378
Comoros,COM,2007,96.80909
Comoros,COM,2008,103.06367
Comoros,COM,2011,111.27509
Comoros,COM,2013,115.583466
Comoros,COM,2014,113.57984
Comoros,COM,2017,106.2193
Comoros,COM,2018,107.06191
Comoros,COM,2021,86.81753
Comoros,COM,2022,98.07179
Comoros,COM,2024,97.00492
Congo,COG,1971,103.4866
Congo,COG,1972,108.76968
Congo,COG,1973,111.13497
Congo,COG,1974,113.30537
Congo,COG,1975,114.40734
Congo,COG,1976,114.84319
Congo,COG,1977,115.1186
Congo,COG,1978,116.91448
Congo,COG,1979,118.04727
Congo,COG,1980,123.09715
Congo,COG,1981,122.86027
Congo,COG,1982,125.18501
Congo,COG,1983,127.23985
Congo,COG,1984,130.24387
Congo,COG,1985,131.03792
Congo,COG,1986,132.58792
Congo,COG,1987,135.69974
Congo,COG,1988,130.83669
Congo,COG,1989,129.38896
Congo,COG,1990,126.3684
Congo,COG,1991,123.64147
Congo,COG,1992,119.88029
Congo,COG,1993,121.37488
Congo,COG,1994,116.69654
Congo,COG,1995,116.2311
Congo,COG,1996,108.31865
Congo,COG,1997,106.23792
Congo,COG,1998,89.01058
Congo,COG,1999,56.18557
Congo,COG,2000,83.1687
Congo,COG,2001,96.80456
Congo,COG,2002,99.14037
Congo,COG,2003,94.04524
Congo,COG,2004,105.24638
Congo,COG,2005,105.24494
Congo,COG,2006,106.36948
Congo,COG,2007,104.983
Congo,COG,2008,103.22724
Congo,COG,2009,107.3012
Congo,COG,2010,109.02365
Congo,COG,2011,108.5051
Congo,COG,2012,105.51423
Congo,COG,2018,87.46211
Congo,COG,2023,87.88024
Cook Islands,COK,1970,134.99544
Cook Islands,COK,1971,136.72366
Cook Islands,COK,1972,137.2549
Cook Islands,COK,1973,136.8457
Cook Islands,COK,1974,133.26266
Cook Islands,COK,1975,130.5379
Cook Islands,COK,1976,129.59918
Cook Islands,COK,1977,133.69565
Cook Islands,COK,1982,100.23064
Cook Islands,COK,1983,99.419
Cook Islands,COK,1985,101.19358
Cook Islands,COK,1987,116.70823
Cook Islands,COK,1988,101.88679
Cook Islands,COK,1997,112.44635
Cook Islands,COK,1998,107.70759
Cook Islands,COK,1999,105.83435
Cook Islands,COK,2000,100.50697
Cook Islands,COK,2001,106.6134
Cook Islands,COK,2002,112.16534
Cook Islands,COK,2003,108.00192
Cook Islands,COK,2004,109.44417
Cook Islands,COK,2005,111.83943
Cook Islands,COK,2007,111.47091
Cook Islands,COK,2008,112.56281
Cook Islands,COK,2009,108.68834
Cook Islands,COK,2010,102.67708
Cook Islands,COK,2011,102.647545
Cook Islands,COK,2012,102.6287
Cook Islands,COK,2013,98.84234
Cook Islands,COK,2014,101.76698
Cook Islands,COK,2015,99.44414
Cook Islands,COK,2016,103.74093
Cook Islands,COK,2017,103.607666
Cook Islands,COK,2018,108.48138
Cook Islands,COK,2019,109.35126
Cook Islands,COK,2020,110.92336
Cook Islands,COK,2021,108.49469
Cook Islands,COK,2022,107.92208
Cook Islands,COK,2023,106.0054
Cook Islands,COK,2024,107.935394
Costa Rica,CRI,2002,105.31733
Costa Rica,CRI,2004,109.1498
Costa Rica,CRI,2005,107.09986
Costa Rica,CRI,2006,108.81265
Costa Rica,CRI,2007,108.19234
Costa Rica,CRI,2008,109.62197
Costa Rica,CRI,2009,110.9649
Costa Rica,CRI,2010,109.92635
Costa Rica,CRI,2011,108.69172
Costa Rica,CRI,2012,107.54409
Costa Rica,CRI,2013,105.42814
Costa Rica,CRI,2014,104.00788
Costa Rica,CRI,2015,103.75465
Costa Rica,CRI,2016,104.59992
Costa Rica,CRI,2017,103.21517
Costa Rica,CRI,2018,105.51352
Costa Rica,CRI,2019,108.82887
Costa Rica,CRI,2020,108.29365
Costa Rica,CRI,2021,107.19037
Costa Rica,CRI,2022,106.19713
Costa Rica,CRI,2023,106.15662
Costa Rica,CRI,2024,104.77435
Cote d'Ivoire,CIV,1970,55.0921
Cote d'Ivoire,CIV,1971,56.78863
Cote d'Ivoire,CIV,1972,56.75245
Cote d'Ivoire,CIV,1973,58.14037
Cote d'Ivoire,CIV,1974,59.34917
Cote d'Ivoire,CIV,1975,59.93487
Cote d'Ivoire,CIV,1976,60.02995
Cote d'Ivoire,CIV,1977,62.66852
Cote d'Ivoire,CIV,1978,65.80924
Cote d'Ivoire,CIV,1979,68.69108
Cote d'Ivoire,CIV,1980,70.03856
Cote d'Ivoire,CIV,1981,71.31889
Cote d'Ivoire,CIV,1982,71.60564
Cote d'Ivoire,CIV,1983,71.00923
Cote d'Ivoire,CIV,1984,69.04076
Cote d'Ivoire,CIV,1985,67.14701
Cote d'Ivoire,CIV,1986,66.32837
Cote d'Ivoire,CIV,1987,65.74742
Cote d'Ivoire,CIV,1988,66.17213
Cote d'Ivoire,CIV,1989,66.68174
Cote d'Ivoire,CIV,1990,66.24759
Cote d'Ivoire,CIV,1991,64.16435
Cote d'Ivoire,CIV,1992,63.16868
Cote d'Ivoire,CIV,1993,61.47226
Cote d'Ivoire,CIV,1994,62.79413
Cote d'Ivoire,CIV,1995,62.76854
Cote d'Ivoire,CIV,1996,62.55796
Cote d'Ivoire,CIV,1997,63.10917
Cote d'Ivoire,CIV,1998,63.54455
Cote d'Ivoire,CIV,1999,65.06747
Cote d'Ivoire,CIV,2000,64.52949
Cote d'Ivoire,CIV,2001,74.01663
Cote d'Ivoire,CIV,2002,74.6222
Cote d'Ivoire,CIV,2003,70.35857
Cote d'Ivoire,CIV,2006,67.34395
Cote d'Ivoire,CIV,2007,67.78174
Cote d'Ivoire,CIV,2008,71.45049
Cote d'Ivoire,CIV,2009,70.48057
Cote d'Ivoire,CIV,2011,73.56416
Cote d'Ivoire,CIV,2012,78.28606
Cote d'Ivoire,CIV,2013,80.74985
Cote d'Ivoire,CIV,2014,83.7491
Cote d'Ivoire,CIV,2015,85.2628
Cote d'Ivoire,CIV,2016,87.969185
Cote d'Ivoire,CIV,2017,88.2052
Cote d'Ivoire,CIV,2018,88.21094
Cote d'Ivoire,CIV,2019,88.47477
Cote d'Ivoire,CIV,2020,88.62666
Cote d'Ivoire,CIV,2021,85.830086
Cote d'Ivoire,CIV,2022,86.45458
Cote d'Ivoire,CIV,2023,91.80934
Cote d'Ivoire,CIV,2024,93.29644
Croatia,HRV,2001,101.51359
Croatia,HRV,2002,100.78203
Croatia,HRV,2003,100.98777
Croatia,HRV,2005,100.14083
Croatia,HRV,2006,99.38455
Croatia,HRV,2007,98.86613
Croatia,HRV,2008,97.9028
Croatia,HRV,2009,97.97461
Croatia,HRV,2010,98.07082
Croatia,HRV,2011,98.0936
Croatia,HRV,2012,98.71564
Croatia,HRV,2013,98.57375
Croatia,HRV,2014,98.90832
Croatia,HRV,2015,99.49077
Croatia,HRV,2016,98.79094
Croatia,HRV,2017,99.23211
Croatia,HRV,2018,98.88121
Croatia,HRV,2019,99.00151
Croatia,HRV,2020,99.48867
Croatia,HRV,2021,99.74415
Croatia,HRV,2022,100.52798
Croatia,HRV,2023,101.15779
Cuba,CUB,1971,114.80595
Cuba,CUB,1972,117.97473
Cuba,CUB,1973,121.71652
Cuba,CUB,1974,122.31607
Cuba,CUB,1975,122.38605
Cuba,CUB,1976,121.76596
Cuba,CUB,1977,118.89924
Cuba,CUB,1978,116.08958
Cuba,CUB,1979,112.83127
Cuba,CUB,1980,109.468
Cuba,CUB,1981,106.38928
Cuba,CUB,1982,106.17539
Cuba,CUB,1983,108.1644
Cuba,CUB,1984,108.72447
Cuba,CUB,1985,107.23072
Cuba,CUB,1986,106.24869
Cuba,CUB,1987,106.09935
Cuba,CUB,1988,105.72371
Cuba,CUB,1989,103.9791
Cuba,CUB,1990,102.3171
Cuba,CUB,1991,101.07538
Cuba,CUB,1992,101.66854
Cuba,CUB,1993,100.66868
Cuba,CUB,1994,100.57782
Cuba,CUB,1995,100.10768
Cuba,CUB,1996,104.42478
Cuba,CUB,1997,104.78259
Cuba,CUB,1998,103.53415
Cuba,CUB,1999,104.17294
Cuba,CUB,2000,103.83696
Cuba,CUB,2001,103.53817
Cuba,CUB,2002,104.04232
Cuba,CUB,2003,102.91013
Cuba,CUB,2004,103.29079
Cuba,CUB,2005,103.21984
Cuba,CUB,2006,102.97646
Cuba,CUB,2007,102.08391
Cuba,CUB,2008,100.84722
Cuba,CUB,2009,101.11939
Cuba,CUB,2010,100.71609
Cuba,CUB,2011,100.290596
Cuba,CUB,2012,100.82891
Cuba,CUB,2013,100.721596
Cuba,CUB,2014,103.05633
Cuba,CUB,2015,103.19322
Cuba,CUB,2016,101.07589
Cuba,CUB,2017,100.56163
Cuba,CUB,2018,100.34338
Cuba,CUB,2019,100.80254
Cuba,CUB,2020,101.31744
Cuba,CUB,2021,101.30292
Cuba,CUB,2022,100.58019
Cuba,CUB,2023,99.32817
Cuba,CUB,2024,98.10922
Curacao,CUW,2013,175.82158
Curacao,CUW,2020,113.350876
Curacao,CUW,2023,109.168144
Curacao,CUW,2024,79.30492
Cyprus,CYP,2001,96.64961
Cyprus,CYP,2002,97.77345
Cyprus,CYP,2003,97.38823
Cyprus,CYP,2004,97.19887
Cyprus,CYP,2005,99.87118
Cyprus,CYP,2006,100.88705
Cyprus,CYP,2007,100.68827
Cyprus,CYP,2008,101.21351
Cyprus,CYP,2009,102.17948
Cyprus,CYP,2010,101.62433
Cyprus,CYP,2011,101.20054
Cyprus,CYP,2012,100.17535
Cyprus,CYP,2013,99.92977
Cyprus,CYP,2014,98.86856
Cyprus,CYP,2015,99.02035
Cyprus,CYP,2016,98.91188
Cyprus,CYP,2017,99.40035
Cyprus,CYP,2018,100.86411
Cyprus,CYP,2019,102.16837
Cyprus,CYP,2020,102.27548
Cyprus,CYP,2021,100.94839
Cyprus,CYP,2022,98.95226
Cyprus,CYP,2023,101.13421
Cyprus,CYP,2024,105.25987
Czechia,CZE,2001,104.46963
Czechia,CZE,2002,106.00506
Czechia,CZE,2003,106.40998
Czechia,CZE,2004,106.52911
Czechia,CZE,2005,106.73778
Czechia,CZE,2006,104.37278
Czechia,CZE,2007,103.38211
Czechia,CZE,2008,102.21477
Czechia,CZE,2009,101.47893
Czechia,CZE,2010,101.03641
Czechia,CZE,2011,100.081
Czechia,CZE,2012,99.35858
Czechia,CZE,2013,98.78048
Czechia,CZE,2014,97.68216
Czechia,CZE,2015,96.96155
Czechia,CZE,2016,96.90976
Czechia,CZE,2017,97.23249
Czechia,CZE,2018,98.27276
Czechia,CZE,2019,99.2833
Czechia,CZE,2020,99.78453
Czechia,CZE,2021,101.67784
Czechia,CZE,2022,100.97535
Czechia,CZE,2023,99.69909
Democratic Republic of Congo,COD,1971,96.67702
Democratic Republic of Congo,COD,1972,96.23799
Democratic Republic of Congo,COD,1973,96.17671
Democratic Republic of Congo,COD,1974,94.89277
Democratic Republic of Congo,COD,1975,93.467
Democratic Republic of Congo,COD,1976,93.40814
Democratic Republic of Congo,COD,1977,92.97488
Democratic Republic of Congo,COD,1978,93.71417
Democratic Republic of Congo,COD,1979,93.97242
Democratic Republic of Congo,COD,1980,94.42604
Democratic Republic of Congo,COD,1981,95.06335
Democratic Republic of Congo,COD,1982,95.80327
Democratic Republic of Congo,COD,1983,96.60495
Democratic Republic of Congo,COD,1984,97.45423
Democratic Republic of Congo,COD,1985,92.22209
Democratic Republic of Congo,COD,1986,92.06882
Democratic Republic of Congo,COD,1987,79.70437
Democratic Republic of Congo,COD,1988,80.82972
Democratic Republic of Congo,COD,1990,59.32846
Democratic Republic of Congo,COD,1991,75.93886
Democratic Republic of Congo,COD,1992,74.08315
Democratic Republic of Congo,COD,1993,75.12075
Democratic Republic of Congo,COD,1994,73.31861
Democratic Republic of Congo,COD,1995,77.15094
Democratic Republic of Congo,COD,1998,62.34162
Democratic Republic of Congo,COD,1999,50.25623
Democratic Republic of Congo,COD,2002,61.0336
Democratic Republic of Congo,COD,2007,83.54942
Democratic Republic of Congo,COD,2008,91.88695
Democratic Republic of Congo,COD,2009,91.9077
Democratic Republic of Congo,COD,2010,92.0861
Democratic Republic of Congo,COD,2011,93.52239
Democratic Republic of Congo,COD,2012,98.24398
Democratic Republic of Congo,COD,2013,99.9129
Democratic Republic of Congo,COD,2014,103.85772
Democratic Republic of Congo,COD,2015,102.05651
Democratic Republic of Congo,COD,2018,111.48867
Democratic Republic of Congo,COD,2020,115.89829
Democratic Republic of Congo,COD,2021,120.06845
Democratic Republic of Congo,COD,2023,117.6021
Denmark,DNK,2001,99.72064
Denmark,DNK,2002,101.68817
Denmark,DNK,2004,100.0
Denmark,DNK,2005,98.21059
Denmark,DNK,2006,99.34604
Denmark,DNK,2007,100.0
Denmark,DNK,2008,99.66027
Denmark,DNK,2009,100.00246
Denmark,DNK,2010,100.18156
Denmark,DNK,2011,101.19746
Denmark,DNK,2012,101.51066
Denmark,DNK,2013,101.29933
Denmark,DNK,2014,101.17694
Denmark,DNK,2015,100.88214
Denmark,DNK,2016,101.0415
Denmark,DNK,2017,100.77803
Denmark,DNK,2018,100.74901
Denmark,DNK,2019,100.551
Denmark,DNK,2020,100.45959
Denmark,DNK,2021,100.30842
Denmark,DNK,2022,100.24445
Denmark,DNK,2023,99.86989
Denmark,DNK,2024,99.77609
Dominica,DMA,1971,111.81715
Dominica,DMA,1972,111.06386
Dominica,DMA,1973,109.30798
Dominica,DMA,1974,106.05288
Dominica,DMA,1975,110.02864
Dominica,DMA,1976,107.93511
Dominica,DMA,1977,111.98215
Dominica,DMA,1978,112.49596
Dominica,DMA,1979,108.74425
Dominica,DMA,1980,104.66255
Dominica,DMA,1981,101.71644
Dominica,DMA,1982,106.6806
Dominica,DMA,1984,108.18537
Dominica,DMA,1986,112.19202
Dominica,DMA,1987,119.44263
Dominica,DMA,1988,118.66642
Dominica,DMA,1990,115.71077
Dominica,DMA,1991,114.39266
Dominica,DMA,1992,108.43697
Dominica,DMA,1993,116.53005
Dominica,DMA,1994,118.77721
Dominica,DMA,1995,119.20136
Dominica,DMA,1999,119.99601
Dominica,DMA,2000,117.88146
Dominica,DMA,2001,114.94368
Dominica,DMA,2002,111.3883
Dominica,DMA,2003,107.95748
Dominica,DMA,2004,104.84282
Dominica,DMA,2005,104.06746
Dominica,DMA,2006,102.46034
Dominica,DMA,2007,103.04006
Dominica,DMA,2008,103.25725
Dominica,DMA,2009,104.64022
Dominica,DMA,2010,105.75699
Dominica,DMA,2011,107.47491
Dominica,DMA,2012,108.43213
Dominica,DMA,2013,109.373695
Dominica,DMA,2014,103.483055
Dominica,DMA,2015,103.66897
Dominica,DMA,2016,102.00585
Dominica,DMA,2017,109.57642
Dominica,DMA,2018,97.36637
Dominica,DMA,2019,97.570274
Dominica,DMA,2020,99.325516
Dominica,DMA,2021,101.036354
Dominica,DMA,2022,100.80876
Dominica,DMA,2023,99.07217
Dominica,DMA,2024,96.78771
Dominica,DMA,2025,97.66061
Dominican Republic,DOM,1971,94.1765
Dominican Republic,DOM,1972,99.3106
Dominican Republic,DOM,1973,98.57502
Dominican Republic,DOM,1974,97.17691
Dominican Republic,DOM,1975,99.13275
Dominican Republic,DOM,1976,102.68957
Dominican Republic,DOM,1977,103.98789
Dominican Republic,DOM,1978,103.93949
Dominican Republic,DOM,1979,111.74849
Dominican Republic,DOM,1980,114.12241
Dominican Republic,DOM,1981,116.16275
Dominican Republic,DOM,1982,118.82189
Dominican Republic,DOM,1983,111.12899
Dominican Republic,DOM,1984,112.34317
Dominican Republic,DOM,1985,119.02915
Dominican Republic,DOM,1986,118.92122
Dominican Republic,DOM,1991,98.91927
Dominican Republic,DOM,1992,99.36118
Dominican Republic,DOM,1993,101.28916
Dominican Republic,DOM,1994,100.31324
Dominican Republic,DOM,1995,97.89333
Dominican Republic,DOM,1996,101.008
Dominican Republic,DOM,1997,99.61268
Dominican Republic,DOM,1998,106.38206
Dominican Republic,DOM,1999,109.04127
Dominican Republic,DOM,2000,115.30865
Dominican Republic,DOM,2002,117.96833
Dominican Republic,DOM,2003,115.68124
Dominican Republic,DOM,2004,107.71645
Dominican Republic,DOM,2005,108.27439
Dominican Republic,DOM,2006,103.60444
Dominican Republic,DOM,2007,113.67667
Dominican Republic,DOM,2008,109.52512
Dominican Republic,DOM,2009,111.81587
Dominican Republic,DOM,2010,110.49796
Dominican Republic,DOM,2011,110.200676
Dominican Republic,DOM,2012,108.46902
Dominican Republic,DOM,2013,109.528244
Dominican Republic,DOM,2014,108.06455
Dominican Republic,DOM,2015,112.01349
Dominican Republic,DOM,2016,110.70488
Dominican Republic,DOM,2017,108.01944
Dominican Republic,DOM,2018,105.8584
Dominican Republic,DOM,2019,112.33361
Dominican Republic,DOM,2020,105.92524
Dominican Republic,DOM,2021,96.87046
Dominican Republic,DOM,2022,100.492294
Dominican Republic,DOM,2023,101.64485
Dominican Republic,DOM,2024,101.93909
East Timor,TLS,2001,151.19698
East Timor,TLS,2002,138.64076
East Timor,TLS,2003,129.39653
East Timor,TLS,2004,126.79709
East Timor,TLS,2005,121.3876
East Timor,TLS,2008,123.96023
East Timor,TLS,2009,125.89551
East Timor,TLS,2010,128.02908
East Timor,TLS,2011,130.79652
East Timor,TLS,2012,129.96997
East Timor,TLS,2013,128.88464
East Timor,TLS,2014,127.79198
East Timor,TLS,2015,126.646454
East Timor,TLS,2016,123.31598
East Timor,TLS,2017,117.54559
East Timor,TLS,2018,113.61382
East Timor,TLS,2019,111.537506
East Timor,TLS,2020,110.606705
East Timor,TLS,2021,123.58494
East Timor,TLS,2022,119.03672
East Timor,TLS,2023,119.652695
Ecuador,ECU,2000,107.41169
Ecuador,ECU,2001,108.00846
Ecuador,ECU,2002,108.65873
Ecuador,ECU,2003,108.23458
Ecuador,ECU,2004,107.82351
Ecuador,ECU,2005,107.85125
Ecuador,ECU,2006,108.0287
Ecuador,ECU,2007,109.57466
Ecuador,ECU,2008,107.73561
Ecuador,ECU,2009,112.42225
Ecuador,ECU,2010,108.52983
Ecuador,ECU,2011,108.222664
Ecuador,ECU,2012,105.65793
Ecuador,ECU,2013,104.495255
Ecuador,ECU,2014,105.59687
Ecuador,ECU,2015,101.05519
Ecuador,ECU,2016,98.960815
Ecuador,ECU,2017,98.18619
Ecuador,ECU,2018,98.88282
Ecuador,ECU,2019,98.31598
Ecuador,ECU,2020,98.11638
Ecuador,ECU,2021,98.17576
Ecuador,ECU,2022,99.568016
Ecuador,ECU,2023,97.24901
Egypt,EGY,1971,69.77128
Egypt,EGY,1972,70.84771
Egypt,EGY,1973,71.531
Egypt,EGY,1974,69.11168
Egypt,EGY,1975,70.34159
Egypt,EGY,1976,69.47636
Egypt,EGY,1977,68.56458
Egypt,EGY,1978,68.01658
Egypt,EGY,1979,67.61016
Egypt,EGY,1980,68.36112
Egypt,EGY,1981,68.38093
Egypt,EGY,1982,69.46255
Egypt,EGY,1983,71.53074
Egypt,EGY,1984,73.67945
Egypt,EGY,1985,75.80655
Egypt,EGY,1986,77.76708
Egypt,EGY,1987,80.10168
Egypt,EGY,1988,82.68613
Egypt,EGY,1989,83.76061
Egypt,EGY,1990,85.93563
Egypt,EGY,1991,88.24955
Egypt,EGY,1992,80.55056
Egypt,EGY,1993,81.36094
Egypt,EGY,1994,90.48187
Egypt,EGY,1995,83.93429
Egypt,EGY,1996,92.56899
Egypt,EGY,1997,92.38373
Egypt,EGY,1999,90.18508
Egypt,EGY,2000,89.09843
Egypt,EGY,2001,88.59338
Egypt,EGY,2002,88.99305
Egypt,EGY,2003,89.30095
Egypt,EGY,2004,89.38018
Egypt,EGY,2005,89.01116
Egypt,EGY,2006,90.01284
Egypt,EGY,2007,90.52415
Egypt,EGY,2009,91.20965
Egypt,EGY,2010,90.94776
Egypt,EGY,2011,87.469734
Egypt,EGY,2012,91.86016
Egypt,EGY,2013,91.58196
Egypt,EGY,2014,89.18741
Egypt,EGY,2016,90.11305
Egypt,EGY,2017,90.65151
Egypt,EGY,2018,92.69091
Egypt,EGY,2019,94.250084
Egypt,EGY,2020,95.6433
Egypt,EGY,2021,97.00106
Egypt,EGY,2022,89.510086
Egypt,EGY,2023,95.92171
Egypt,EGY,2024,96.70739
El Salvador,SLV,1970,83.28788
El Salvador,SLV,1971,84.0972
El Salvador,SLV,1972,82.20741
El Salvador,SLV,1973,86.42705
El Salvador,SLV,1974,87.78408
El Salvador,SLV,1975,89.70779
El Salvador,SLV,1976,92.03643
El Salvador,SLV,1977,94.05284
El Salvador,SLV,1978,97.50894
El Salvador,SLV,1979,101.17824
El Salvador,SLV,1980,93.5498
El Salvador,SLV,1981,78.60884
El Salvador,SLV,1982,89.76482
El Salvador,SLV,1983,93.27436
El Salvador,SLV,1984,95.46156
El Salvador,SLV,1987,103.9197
El Salvador,SLV,1988,104.02144
El Salvador,SLV,1989,99.33363
El Salvador,SLV,1991,92.80915
El Salvador,SLV,1992,93.68437
El Salvador,SLV,1993,93.12545
El Salvador,SLV,1995,95.11639
El Salvador,SLV,1996,102.78392
El Salvador,SLV,1997,72.70973
El Salvador,SLV,1998,105.38211
El Salvador,SLV,1999,106.6469
El Salvador,SLV,2000,107.37465
El Salvador,SLV,2001,109.26635
El Salvador,SLV,2002,111.4449
El Salvador,SLV,2003,114.58843
El Salvador,SLV,2004,117.88002
El Salvador,SLV,2005,117.8936
El Salvador,SLV,2006,116.76584
El Salvador,SLV,2007,121.69412
El Salvador,SLV,2008,113.39139
El Salvador,SLV,2009,111.72329
El Salvador,SLV,2010,111.70352
El Salvador,SLV,2011,110.55831
El Salvador,SLV,2012,109.43996
El Salvador,SLV,2013,108.35728
El Salvador,SLV,2014,106.81429
El Salvador,SLV,2015,104.54272
El Salvador,SLV,2016,102.25904
El Salvador,SLV,2017,98.6918
El Salvador,SLV,2018,97.12611
El Salvador,SLV,2019,91.96986
El Salvador,SLV,2020,90.78333
El Salvador,SLV,2021,89.32544
El Salvador,SLV,2022,89.2831
El Salvador,SLV,2023,91.06006
El Salvador,SLV,2024,90.12307
Equatorial Guinea,GNQ,1971,81.19845
Equatorial Guinea,GNQ,1974,96.95214
Equatorial Guinea,GNQ,1981,115.51281
Equatorial Guinea,GNQ,1982,111.147
Equatorial Guinea,GNQ,1983,119.18301
Equatorial Guinea,GNQ,1984,136.25633
Equatorial Guinea,GNQ,1993,107.86219
Equatorial Guinea,GNQ,1994,105.35605
Equatorial Guinea,GNQ,1999,86.13793
Equatorial Guinea,GNQ,2000,81.56988
Equatorial Guinea,GNQ,2001,82.34041
Equatorial Guinea,GNQ,2002,78.56678
Equatorial Guinea,GNQ,2003,71.19791
Equatorial Guinea,GNQ,2005,68.38635
Equatorial Guinea,GNQ,2008,57.20422
Equatorial Guinea,GNQ,2009,56.32077
Equatorial Guinea,GNQ,2010,56.022
Equatorial Guinea,GNQ,2011,54.6866
Equatorial Guinea,GNQ,2012,54.97255
Equatorial Guinea,GNQ,2015,47.54865
Eritrea,ERI,1989,40.90283
Eritrea,ERI,1990,36.24372
Eritrea,ERI,1991,33.61726
Eritrea,ERI,1992,64.28836
Eritrea,ERI,1993,76.81917
Eritrea,ERI,1994,83.07387
Eritrea,ERI,1995,86.22344
Eritrea,ERI,1996,87.83357
Eritrea,ERI,1997,84.16289
Eritrea,ERI,1999,86.28955
Eritrea,ERI,2000,95.33782
Eritrea,ERI,2001,94.52606
Eritrea,ERI,2002,101.33185
Eritrea,ERI,2003,107.54042
Eritrea,ERI,2004,106.52567
Eritrea,ERI,2005,103.57465
Eritrea,ERI,2006,97.03718
Eritrea,ERI,2007,87.2029
Eritrea,ERI,2008,81.14343
Eritrea,ERI,2009,77.92118
Eritrea,ERI,2010,73.63685
Eritrea,ERI,2011,79.17432
Eritrea,ERI,2012,82.6439
Eritrea,ERI,2013,92.67655
Eritrea,ERI,2014,83.27515
Eritrea,ERI,2015,82.36695
Eritrea,ERI,2017,78.34947
Eritrea,ERI,2018,78.79165
Eritrea,ERI,2022,89.73125
Estonia,EST,2001,105.54216
Estonia,EST,2002,105.47282
Estonia,EST,2003,105.65447
Estonia,EST,2004,104.81165
Estonia,EST,2005,103.57065
Estonia,EST,2006,102.76178
Estonia,EST,2007,101.67982
Estonia,EST,2008,100.79552
Estonia,EST,2009,100.18112
Estonia,EST,2010,99.59727
Estonia,EST,2011,99.04284
Estonia,EST,2012,98.31961
Estonia,EST,2013,97.67952
Estonia,EST,2014,97.59226
Estonia,EST,2015,97.11915
Estonia,EST,2016,97.29234
Estonia,EST,2017,97.25005
Estonia,EST,2018,97.45595
Estonia,EST,2019,98.15772
Estonia,EST,2020,98.34667
Estonia,EST,2021,98.81467
Estonia,EST,2022,99.26382
Estonia,EST,2023,98.33816
Estonia,EST,2024,97.82206
Eswatini,SWZ,1970,78.59037
Eswatini,SWZ,1971,79.42533
Eswatini,SWZ,1972,82.98693
Eswatini,SWZ,1973,86.92701
Eswatini,SWZ,1974,89.55798
Eswatini,SWZ,1975,90.76605
Eswatini,SWZ,1976,91.37505
Eswatini,SWZ,1977,92.44568
Eswatini,SWZ,1978,92.64029
Eswatini,SWZ,1979,93.41371
Eswatini,SWZ,1980,95.06913
Eswatini,SWZ,1981,97.5791
Eswatini,SWZ,1982,97.73415
Eswatini,SWZ,1983,97.05761
Eswatini,SWZ,1984,96.59094
Eswatini,SWZ,1985,96.13116
Eswatini,SWZ,1986,94.00993
Eswatini,SWZ,1987,93.72415
Eswatini,SWZ,1988,93.1463
Eswatini,SWZ,1989,92.01085
Eswatini,SWZ,1990,93.53293
Eswatini,SWZ,1991,93.19528
Eswatini,SWZ,1992,93.53841
Eswatini,SWZ,1993,93.42418
Eswatini,SWZ,1994,93.95531
Eswatini,SWZ,1995,96.52419
Eswatini,SWZ,1996,94.90233
Eswatini,SWZ,1997,94.86912
Eswatini,SWZ,1998,95.41827
Eswatini,SWZ,1999,97.74541
Eswatini,SWZ,2000,98.57018
Eswatini,SWZ,2001,98.25601
Eswatini,SWZ,2002,98.12055
Eswatini,SWZ,2003,99.35935
Eswatini,SWZ,2004,105.44483
Eswatini,SWZ,2005,108.1262
Eswatini,SWZ,2006,112.74427
Eswatini,SWZ,2007,114.51503
Eswatini,SWZ,2009,117.07175
Eswatini,SWZ,2010,123.16053
Eswatini,SWZ,2011,122.704796
Eswatini,SWZ,2012,122.647804
Eswatini,SWZ,2013,122.925606
Eswatini,SWZ,2014,123.990654
Eswatini,SWZ,2015,124.64579
Eswatini,SWZ,2016,123.84999
Eswatini,SWZ,2017,123.79426
Eswatini,SWZ,2018,123.90649
Eswatini,SWZ,2019,123.59685
Eswatini,SWZ,2022,117.19574
Eswatini,SWZ,2023,116.527
Ethiopia,ETH,1971,15.20871
Ethiopia,ETH,1972,15.97808
Ethiopia,ETH,1973,16.42179
Ethiopia,ETH,1974,17.88802
Ethiopia,ETH,1975,19.30245
Ethiopia,ETH,1976,21.12575
Ethiopia,ETH,1977,22.21648
Ethiopia,ETH,1978,21.26485
Ethiopia,ETH,1979,25.03698
Ethiopia,ETH,1980,32.68243
Ethiopia,ETH,1981,38.45545
Ethiopia,ETH,1982,40.99102
Ethiopia,ETH,1983,42.06002
Ethiopia,ETH,1984,40.63223
Ethiopia,ETH,1985,38.00282
Ethiopia,ETH,1986,37.38457
Ethiopia,ETH,1987,40.38189
Ethiopia,ETH,1988,41.02905
Ethiopia,ETH,1989,39.28426
Ethiopia,ETH,1990,35.66322
Ethiopia,ETH,1991,32.24951
Ethiopia,ETH,1992,26.06085
Ethiopia,ETH,1993,22.70729
Ethiopia,ETH,1994,26.90801
Ethiopia,ETH,1995,30.68228
Ethiopia,ETH,1996,36.34547
Ethiopia,ETH,1997,41.01717
Ethiopia,ETH,1998,49.68864
Ethiopia,ETH,1999,48.19575
Ethiopia,ETH,2000,52.23873
Ethiopia,ETH,2001,57.1307
Ethiopia,ETH,2002,59.60436
Ethiopia,ETH,2003,60.70214
Ethiopia,ETH,2004,63.56571
Ethiopia,ETH,2005,74.50969
Ethiopia,ETH,2006,79.23293
Ethiopia,ETH,2007,85.46973
Ethiopia,ETH,2008,91.45302
Ethiopia,ETH,2009,90.34194
Ethiopia,ETH,2010,88.51104
Ethiopia,ETH,2011,90.62826
Ethiopia,ETH,2012,89.92532
Ethiopia,ETH,2014,93.114586
Ethiopia,ETH,2015,94.085754
Ethiopia,ETH,2017,101.22399
Ethiopia,ETH,2020,112.67017
Ethiopia,ETH,2021,101.33892
Ethiopia,ETH,2022,84.631775
Ethiopia,ETH,2023,83.73197
Ethiopia,ETH,2024,84.41601
Falkland Islands,FLK,1970,119.35484
Falkland Islands,FLK,1972,92.25352
Falkland Islands,FLK,1973,64.45993
Falkland Islands,FLK,1974,62.62976
Falkland Islands,FLK,1975,71.03448
Falkland Islands,FLK,1976,70.54795
Falkland Islands,FLK,1977,69.12752
Falkland Islands,FLK,1978,72.03947
Falkland Islands,FLK,1979,70.9571
Falkland Islands,FLK,1980,74.58194
Falkland Islands,FLK,1995,95.67308
Fiji,FJI,1970,102.90041
Fiji,FJI,1971,104.6664
Fiji,FJI,1972,105.96063
Fiji,FJI,1973,108.07557
Fiji,FJI,1974,108.09048
Fiji,FJI,1975,107.72168
Fiji,FJI,1976,107.02966
Fiji,FJI,1977,106.40167
Fiji,FJI,1978,105.92073
Fiji,FJI,1979,104.41053
Fiji,FJI,1980,104.68649
Fiji,FJI,1981,105.39271
Fiji,FJI,1983,105.3727
Fiji,FJI,1984,105.53694
Fiji,FJI,1985,105.72492
Fiji,FJI,1986,104.84095
Fiji,FJI,1987,103.11298
Fiji,FJI,1991,102.16115
Fiji,FJI,1992,101.39061
Fiji,FJI,1994,102.17509
Fiji,FJI,1995,100.85698
Fiji,FJI,1996,99.53445
Fiji,FJI,1997,100.73052
Fiji,FJI,1998,101.25867
Fiji,FJI,1999,100.99387
Fiji,FJI,2000,100.26572
Fiji,FJI,2001,101.23435
Fiji,FJI,2002,100.66868
Fiji,FJI,2003,100.21734
Fiji,FJI,2004,100.84087
Fiji,FJI,2006,98.80749
Fiji,FJI,2007,93.93983
Fiji,FJI,2008,93.62007
Fiji,FJI,2009,93.10777
Fiji,FJI,2011,94.10149
Fiji,FJI,2012,95.18244
Fiji,FJI,2013,96.62478
Fiji,FJI,2014,96.89429
Fiji,FJI,2015,99.35768
Fiji,FJI,2016,100.25669
Fiji,FJI,2017,102.96084
Fiji,FJI,2018,106.22315
Fiji,FJI,2019,114.91259
Fiji,FJI,2020,112.55333
Fiji,FJI,2021,114.93183
Fiji,FJI,2022,112.26029
Fiji,FJI,2023,111.93661
Fiji,FJI,2024,110.37723
Finland,FIN,2001,99.68859
Finland,FIN,2002,99.64477
Finland,FIN,2003,99.68957
Finland,FIN,2004,99.79343
Finland,FIN,2005,99.78411
Finland,FIN,2006,99.76595
Finland,FIN,2007,99.66215
Finland,FIN,2008,99.71987
Finland,FIN,2009,99.66419
Finland,FIN,2010,99.68806
Finland,FIN,2011,99.78519
Finland,FIN,2012,99.70712
Finland,FIN,2013,99.69185
Finland,FIN,2014,99.66172
Finland,FIN,2015,99.56723
Finland,FIN,2016,99.50804
Finland,FIN,2017,99.46821
Finland,FIN,2018,99.7032
Finland,FIN,2019,99.55575
Finland,FIN,2020,99.81758
Finland,FIN,2021,99.35363
Finland,FIN,2022,98.61902
Finland,FIN,2023,99.11517
Finland,FIN,2024,98.86561
France,FRA,2001,100.38221
France,FRA,2002,100.2493
France,FRA,2003,99.97545
France,FRA,2004,99.81118
France,FRA,2005,104.63649
France,FRA,2006,104.27885
France,FRA,2007,103.85978
France,FRA,2008,103.62215
France,FRA,2009,103.04114
France,FRA,2010,102.76151
France,FRA,2011,102.6911
France,FRA,2012,102.52316
France,FRA,2013,102.27644
France,FRA,2014,101.28035
France,FRA,2015,101.98964
France,FRA,2016,102.26043
France,FRA,2017,102.41722
France,FRA,2018,102.46441
France,FRA,2019,102.44765
France,FRA,2020,102.65163
France,FRA,2021,102.58041
France,FRA,2022,102.70949
France,FRA,2023,103.26512
France,FRA,2024,103.43974
French Guiana,GUF,1983,127.40172
French Guiana,GUF,1984,122.21945
French Guiana,GUF,1990,111.05347
French Guiana,GUF,1991,114.26739
French Guiana,GUF,1992,115.49296
French Guiana,GUF,1993,119.73054
French Guiana,GUF,1994,115.12575
French Guiana,GUF,1995,115.97687
French Guiana,GUF,1996,115.2168
French Polynesia,PYF,1981,115.67976
French Polynesia,PYF,1982,113.44334
French Polynesia,PYF,1983,113.35108
French Polynesia,PYF,1984,106.40469
French Polynesia,PYF,1985,104.44444
French Polynesia,PYF,1988,118.42986
French Polynesia,PYF,1989,115.75288
French Polynesia,PYF,1990,114.82398
French Polynesia,PYF,1991,114.34696
French Polynesia,PYF,1992,112.33068
French Polynesia,PYF,1993,114.18045
French Polynesia,PYF,1994,113.55354
French Polynesia,PYF,1995,112.65002
French Polynesia,PYF,1996,108.14338
Gabon,GAB,1971,126.6759
Gabon,GAB,1972,128.8257
Gabon,GAB,1973,130.58218
Gabon,GAB,1974,130.81567
Gabon,GAB,1975,134.8053
Gabon,GAB,1976,138.20863
Gabon,GAB,1977,135.54321
Gabon,GAB,1978,141.1486
Gabon,GAB,1979,137.0624
Gabon,GAB,1980,138.64436
Gabon,GAB,1981,139.61452
Gabon,GAB,1982,139.12662
Gabon,GAB,1983,138.40643
Gabon,GAB,1984,138.71516
Gabon,GAB,1985,138.8138
Gabon,GAB,1986,137.34506
Gabon,GAB,1987,137.7443
Gabon,GAB,1988,135.15785
Gabon,GAB,1989,138.2116
Gabon,GAB,1992,126.44356
Gabon,GAB,1994,130.28261
Gabon,GAB,1995,136.27904
Gabon,GAB,1996,134.89868
Gabon,GAB,1997,134.6433
Gabon,GAB,1999,133.6821
Gabon,GAB,2001,129.56665
Gabon,GAB,2002,135.68646
Gabon,GAB,2003,133.13985
Gabon,GAB,2011,129.776
Gabon,GAB,2019,100.1716
Gambia,GMB,1971,21.42098
Gambia,GMB,1972,21.13065
Gambia,GMB,1973,22.78684
Gambia,GMB,1974,23.58779
Gambia,GMB,1975,24.70529
Gambia,GMB,1976,26.23491
Gambia,GMB,1977,27.26505
Gambia,GMB,1978,29.4936
Gambia,GMB,1979,33.29544
Gambia,GMB,1980,37.28159
Gambia,GMB,1981,45.04471
Gambia,GMB,1982,48.66984
Gambia,GMB,1983,51.42902
Gambia,GMB,1984,54.51128
Gambia,GMB,1985,56.31648
Gambia,GMB,1986,56.66273
Gambia,GMB,1987,55.45748
Gambia,GMB,1988,53.54874
Gambia,GMB,1989,50.1887
Gambia,GMB,1990,50.55616
Gambia,GMB,1991,50.98355
Gambia,GMB,1992,50.96625
Gambia,GMB,1993,52.1582
Gambia,GMB,1994,54.16185
Gambia,GMB,1995,55.78842
Gambia,GMB,1996,58.92461
Gambia,GMB,1997,60.6879
Gambia,GMB,1998,61.95709
Gambia,GMB,1999,71.7938
Gambia,GMB,2000,70.98502
Gambia,GMB,2001,71.41174
Gambia,GMB,2002,69.33243
Gambia,GMB,2003,72.40417
Gambia,GMB,2004,73.5794
Gambia,GMB,2005,72.19089
Gambia,GMB,2006,71.47597
Gambia,GMB,2007,73.95088
Gambia,GMB,2008,73.55662
Gambia,GMB,2009,73.40965
Gambia,GMB,2010,73.459984
Gambia,GMB,2011,72.19067
Gambia,GMB,2012,75.45927
Gambia,GMB,2013,77.53189
Gambia,GMB,2014,80.67127
Gambia,GMB,2015,83.67678
Gambia,GMB,2016,85.49682
Gambia,GMB,2017,88.691574
Gambia,GMB,2018,91.48033
Gambia,GMB,2019,95.09658
Gambia,GMB,2020,96.882706
Gambia,GMB,2021,96.32354
Gambia,GMB,2022,97.278175
Gambia,GMB,2023,98.73597
Gambia,GMB,2024,98.60588
Gambia,GMB,2025,100.429016
Georgia,GEO,1981,95.34448
Georgia,GEO,1986,88.40804
Georgia,GEO,1991,93.30885
Georgia,GEO,1992,91.09414
Georgia,GEO,1993,82.05982
Georgia,GEO,1994,81.77595
Georgia,GEO,1995,82.63472
Georgia,GEO,1996,84.28198
Georgia,GEO,1997,88.56057
Georgia,GEO,1998,94.90483
Georgia,GEO,1999,99.63668
Georgia,GEO,2000,107.29076
Georgia,GEO,2001,111.00167
Georgia,GEO,2002,112.33273
Georgia,GEO,2003,111.81209
Georgia,GEO,2004,112.91079
Georgia,GEO,2005,109.41765
Georgia,GEO,2006,109.27216
Georgia,GEO,2007,110.82913
Georgia,GEO,2008,109.99113
Georgia,GEO,2009,108.24468
Georgia,GEO,2010,107.15524
Georgia,GEO,2011,107.761955
Georgia,GEO,2012,109.6514
Georgia,GEO,2013,110.575226
Georgia,GEO,2014,109.976685
Georgia,GEO,2015,107.80011
Georgia,GEO,2016,104.04251
Georgia,GEO,2017,102.93777
Georgia,GEO,2018,100.78684
Georgia,GEO,2019,101.23643
Georgia,GEO,2020,100.77953
Georgia,GEO,2021,101.28644
Georgia,GEO,2022,102.72783
Georgia,GEO,2023,100.88726
Georgia,GEO,2024,99.35602
Germany,DEU,2001,106.65067
Germany,DEU,2002,104.92115
Germany,DEU,2003,103.66805
Germany,DEU,2004,103.64272
Germany,DEU,2005,103.44062
Germany,DEU,2006,104.26264
Germany,DEU,2007,104.7935
Germany,DEU,2008,105.10398
Germany,DEU,2009,104.81651
Germany,DEU,2010,104.33759
Germany,DEU,2011,104.41572
Germany,DEU,2012,104.14055
Germany,DEU,2013,103.63867
Germany,DEU,2014,102.62182
Germany,DEU,2015,102.70246
Germany,DEU,2016,101.40607
Germany,DEU,2017,101.73871
Germany,DEU,2018,102.64538
Germany,DEU,2019,102.54747
Germany,DEU,2020,101.99666
Germany,DEU,2021,101.34655
Germany,DEU,2022,100.21813
Germany,DEU,2023,102.19069
Germany,DEU,2024,102.63802
Ghana,GHA,1971,59.09114
Ghana,GHA,1972,56.88421
Ghana,GHA,1973,57.42347
Ghana,GHA,1974,56.63084
Ghana,GHA,1975,57.31654
Ghana,GHA,1976,61.66553
Ghana,GHA,1977,63.38288
Ghana,GHA,1978,64.48324
Ghana,GHA,1979,66.15607
Ghana,GHA,1980,67.72113
Ghana,GHA,1981,69.87092
Ghana,GHA,1982,71.64046
Ghana,GHA,1983,70.59601
Ghana,GHA,1984,67.50424
Ghana,GHA,1985,68.43197
Ghana,GHA,1986,64.21118
Ghana,GHA,1987,65.28054
Ghana,GHA,1988,64.47862
Ghana,GHA,1989,67.26919
Ghana,GHA,1990,65.11501
Ghana,GHA,1991,72.6733
Ghana,GHA,1992,73.69175
Ghana,GHA,1993,72.82809
Ghana,GHA,1994,73.92877
Ghana,GHA,1995,72.993
Ghana,GHA,1996,73.29145
Ghana,GHA,1997,76.41011
Ghana,GHA,1999,75.29495
Ghana,GHA,2000,79.94038
Ghana,GHA,2001,75.41959
Ghana,GHA,2002,78.84758
Ghana,GHA,2003,76.30935
Ghana,GHA,2004,80.22544
Ghana,GHA,2005,86.70247
Ghana,GHA,2006,91.23328
Ghana,GHA,2007,95.99565
Ghana,GHA,2008,100.84149
Ghana,GHA,2009,99.07736
Ghana,GHA,2011,99.41308
Ghana,GHA,2012,102.068695
Ghana,GHA,2013,101.089455
Ghana,GHA,2014,99.56009
Ghana,GHA,2015,103.213135
Ghana,GHA,2016,101.75111
Ghana,GHA,2017,100.4789
Ghana,GHA,2018,98.68139
Ghana,GHA,2019,99.87503
Ghana,GHA,2020,98.40489
Ghana,GHA,2021,99.45094
Ghana,GHA,2022,98.231895
Ghana,GHA,2024,100.96702
Gibraltar,GIB,1971,91.18361
Gibraltar,GIB,1972,102.00214
Gibraltar,GIB,1973,75.42918
Gibraltar,GIB,1974,76.15322
Gibraltar,GIB,1975,73.84904
Gibraltar,GIB,1976,74.74048
Gibraltar,GIB,1977,71.40571
Gibraltar,GIB,1978,74.83836
Gibraltar,GIB,1979,74.13326
Gibraltar,GIB,1980,73.8857
Gibraltar,GIB,1981,74.62687
Gibraltar,GIB,1982,77.24063
Gibraltar,GIB,1983,77.94479
Gibraltar,GIB,1984,81.16183
Gibraltar,GIB,1985,79.22732
Gibraltar,GIB,1997,130.44933
Gibraltar,GIB,1999,117.91045
Gibraltar,GIB,2000,105.81395
Gibraltar,GIB,2001,107.60525
Gibraltar,GIB,2008,149.90663
Gibraltar,GIB,2009,149.38045
Gibraltar,GIB,2016,117.18357
Gibraltar,GIB,2017,118.478264
Gibraltar,GIB,2019,112.325035
Gibraltar,GIB,2020,108.72027
Gibraltar,GIB,2021,108.46834
Gibraltar,GIB,2022,106.32773
Gibraltar,GIB,2023,103.55702
Gibraltar,GIB,2024,101.77318
Greece,GRC,2000,102.30835
Greece,GRC,2001,101.49258
Greece,GRC,2002,93.63463
Greece,GRC,2003,96.36189
Greece,GRC,2004,99.33584
Greece,GRC,2005,99.71997
Greece,GRC,2006,99.14304
Greece,GRC,2007,98.76139
Greece,GRC,2010,99.96904
Greece,GRC,2011,99.50017
Greece,GRC,2012,99.5018
Greece,GRC,2013,98.73252
Greece,GRC,2014,97.95934
Greece,GRC,2015,99.82911
Greece,GRC,2016,99.37065
Greece,GRC,2017,98.82671
Greece,GRC,2018,97.8011
Greece,GRC,2019,97.64377
Greece,GRC,2020,97.28317
Greece,GRC,2021,97.33132
Greece,GRC,2022,101.36619
Greece,GRC,2023,102.02022
Grenada,GRD,1971,139.16013
Grenada,GRD,1972,138.19572
Grenada,GRD,1973,135.4746
Grenada,GRD,1974,135.23558
Grenada,GRD,1975,108.48324
Grenada,GRD,1976,106.99682
Grenada,GRD,1977,105.08325
Grenada,GRD,1978,104.55684
Grenada,GRD,1979,104.42526
Grenada,GRD,1980,104.5518
Grenada,GRD,1981,102.87405
Grenada,GRD,1982,102.99001
Grenada,GRD,1983,105.29321
Grenada,GRD,1984,105.51889
Grenada,GRD,1985,108.12291
Grenada,GRD,1986,107.57122
Grenada,GRD,1987,119.77729
Grenada,GRD,1988,123.28239
Grenada,GRD,1990,128.85455
Grenada,GRD,1991,130.57607
Grenada,GRD,1992,137.06056
Grenada,GRD,1993,138.74573
Grenada,GRD,1994,135.96724
Grenada,GRD,1995,133.12396
Grenada,GRD,1996,121.5265
Grenada,GRD,1997,132.94366
Grenada,GRD,1998,127.00023
Grenada,GRD,1999,115.0733
Grenada,GRD,2000,94.54184
Grenada,GRD,2001,95.50401
Grenada,GRD,2002,108.38895
Grenada,GRD,2003,107.6953
Grenada,GRD,2004,106.28905
Grenada,GRD,2005,99.86848
Grenada,GRD,2007,101.04481
Grenada,GRD,2008,105.57035
Grenada,GRD,2009,111.27147
Grenada,GRD,2010,110.22993
Grenada,GRD,2011,109.883286
Grenada,GRD,2013,109.840515
Grenada,GRD,2014,108.844734
Grenada,GRD,2015,111.62308
Grenada,GRD,2016,108.66271
Grenada,GRD,2017,110.18003
Grenada,GRD,2018,107.78648
Grenada,GRD,2021,99.26082
Grenada,GRD,2024,110.590515
Guadeloupe,GLP,1971,164.0518
Guadeloupe,GLP,1972,167.84277
Guadeloupe,GLP,1973,156.07573
Guadeloupe,GLP,1974,147.85802
Guadeloupe,GLP,1975,142.53624
Guadeloupe,GLP,1976,150.38187
Guadeloupe,GLP,1977,153.4551
Guadeloupe,GLP,1978,137.04906
Guadeloupe,GLP,1979,135.37865
Guadeloupe,GLP,1980,135.85406
Guadeloupe,GLP,1981,134.92055
Guadeloupe,GLP,1982,134.97247
Guadeloupe,GLP,1983,130.94788
Guadeloupe,GLP,1984,127.29818
Guadeloupe,GLP,1985,125.52467
Guadeloupe,GLP,1986,125.21316
Guadeloupe,GLP,1987,124.93213
Guadeloupe,GLP,1990,117.43571
Guadeloupe,GLP,1991,114.25394
Guadeloupe,GLP,1992,111.15793
Guadeloupe,GLP,1993,108.02037
Guadeloupe,GLP,1994,105.56828
Guadeloupe,GLP,1995,107.67718
Guam,GUM,1981,90.96074
Guam,GUM,1982,89.11014
Guam,GUM,1983,87.33631
Guam,GUM,1984,85.46171
Guam,GUM,1985,85.44067
Guam,GUM,1986,84.15484
Guam,GUM,1987,84.34822
Guam,GUM,1988,84.15416
Guam,GUM,1989,77.92286
Guatemala,GTM,1970,57.20286
Guatemala,GTM,1971,58.73405
Guatemala,GTM,1972,59.96868
Guatemala,GTM,1973,59.99538
Guatemala,GTM,1974,61.34394
Guatemala,GTM,1975,62.60079
Guatemala,GTM,1976,62.57952
Guatemala,GTM,1977,65.53239
Guatemala,GTM,1978,67.86957
Guatemala,GTM,1979,69.90904
Guatemala,GTM,1980,72.58846
Guatemala,GTM,1981,77.10828
Guatemala,GTM,1982,72.82979
Guatemala,GTM,1983,77.71594
Guatemala,GTM,1984,79.37073
Guatemala,GTM,1985,79.63414
Guatemala,GTM,1986,78.87955
Guatemala,GTM,1987,80.56859
Guatemala,GTM,1988,81.68071
Guatemala,GTM,1990,77.87626
Guatemala,GTM,1991,81.12787
Guatemala,GTM,1992,84.96668
Guatemala,GTM,1993,86.33773
Guatemala,GTM,1994,85.64742
Guatemala,GTM,1995,86.88831
Guatemala,GTM,1996,86.84364
Guatemala,GTM,1997,86.48372
Guatemala,GTM,1998,91.85086
Guatemala,GTM,1999,96.80864
Guatemala,GTM,2000,98.81933
Guatemala,GTM,2001,99.70405
Guatemala,GTM,2002,102.80278
Guatemala,GTM,2004,108.79601
Guatemala,GTM,2005,109.97214
Guatemala,GTM,2006,111.04318
Guatemala,GTM,2007,111.58713
Guatemala,GTM,2008,112.62431
Guatemala,GTM,2009,118.53664
Guatemala,GTM,2010,117.27329
Guatemala,GTM,2011,116.09951
Guatemala,GTM,2012,111.646255
Guatemala,GTM,2013,107.86459
Guatemala,GTM,2014,105.231155
Guatemala,GTM,2015,103.75696
Guatemala,GTM,2016,101.35201
Guatemala,GTM,2017,101.38744
Guatemala,GTM,2018,102.98314
Guatemala,GTM,2019,101.97936
Guatemala,GTM,2020,101.50029
Guatemala,GTM,2021,103.0265
Guatemala,GTM,2022,102.998276
Guatemala,GTM,2023,102.03223
Guatemala,GTM,2024,101.48883
Guinea,GIN,1971,31.0666
Guinea,GIN,1972,26.07313
Guinea,GIN,1973,29.65886
Guinea,GIN,1974,29.91179
Guinea,GIN,1975,30.26686
Guinea,GIN,1976,28.97706
Guinea,GIN,1977,32.16144
Guinea,GIN,1978,33.14542
Guinea,GIN,1979,34.30557
Guinea,GIN,1980,34.94088
Guinea,GIN,1981,33.43928
Guinea,GIN,1982,31.68962
Guinea,GIN,1983,30.67749
Guinea,GIN,1984,29.7747
Guinea,GIN,1985,33.99022
Guinea,GIN,1986,31.86958
Guinea,GIN,1987,30.39276
Guinea,GIN,1988,31.70601
Guinea,GIN,1989,32.40366
Guinea,GIN,1990,32.31126
Guinea,GIN,1991,34.61289
Guinea,GIN,1992,34.53967
Guinea,GIN,1993,39.37428
Guinea,GIN,1994,42.43367
Guinea,GIN,1995,47.44588
Guinea,GIN,1996,49.14123
Guinea,GIN,1997,52.89408
Guinea,GIN,1998,53.23187
Guinea,GIN,1999,55.44088
Guinea,GIN,2000,58.38123
Guinea,GIN,2001,61.12702
Guinea,GIN,2002,69.4354
Guinea,GIN,2003,72.66872
Guinea,GIN,2004,75.54236
Guinea,GIN,2005,77.4862
Guinea,GIN,2006,79.18359
Guinea,GIN,2007,81.36255
Guinea,GIN,2008,82.75275
Guinea,GIN,2009,82.91108
Guinea,GIN,2010,85.61687
Guinea,GIN,2011,89.37449
Guinea,GIN,2012,91.49246
Guinea,GIN,2013,93.53013
Guinea,GIN,2014,95.15178
Guinea,GIN,2016,93.11326
Guinea,GIN,2020,100.47452
Guinea-Bissau,GNB,1971,28.90802
Guinea-Bissau,GNB,1972,33.74122
Guinea-Bissau,GNB,1973,42.67808
Guinea-Bissau,GNB,1974,51.64044
Guinea-Bissau,GNB,1975,78.75916
Guinea-Bissau,GNB,1976,82.57121
Guinea-Bissau,GNB,1978,72.59336
Guinea-Bissau,GNB,1979,63.38133
Guinea-Bissau,GNB,1980,59.49663
Guinea-Bissau,GNB,1981,55.80687
Guinea-Bissau,GNB,1982,54.1823
Guinea-Bissau,GNB,1983,52.30729
Guinea-Bissau,GNB,1984,51.4856
Guinea-Bissau,GNB,1985,51.41674
Guinea-Bissau,GNB,1987,50.94171
Guinea-Bissau,GNB,1988,49.64999
Guinea-Bissau,GNB,1989,51.05983
Guinea-Bissau,GNB,1992,48.13329
Guinea-Bissau,GNB,1993,46.15104
Guinea-Bissau,GNB,1994,50.98297
Guinea-Bissau,GNB,1995,54.64846
Guinea-Bissau,GNB,1996,56.78295
Guinea-Bissau,GNB,1997,61.45077
Guinea-Bissau,GNB,1998,64.95425
Guinea-Bissau,GNB,2000,75.5003
Guinea-Bissau,GNB,2001,89.76202
Guinea-Bissau,GNB,2004,107.9775
Guinea-Bissau,GNB,2005,114.70054
Guinea-Bissau,GNB,2006,119.65599
Guinea-Bissau,GNB,2010,113.43678
Guyana,GUY,1971,100.05751
Guyana,GUY,1972,99.73743
Guyana,GUY,1973,100.17892
Guyana,GUY,1974,100.43973
Guyana,GUY,1976,98.96431
Guyana,GUY,1977,106.52049
Guyana,GUY,1978,104.42197
Guyana,GUY,1979,103.48487
Guyana,GUY,1980,99.45107
Guyana,GUY,1981,98.96296
Guyana,GUY,1982,99.90778
Guyana,GUY,1983,99.01977
Guyana,GUY,1984,97.67336
Guyana,GUY,1985,96.19997
Guyana,GUY,1986,95.6669
Guyana,GUY,1987,96.79391
Guyana,GUY,1988,100.77581
Guyana,GUY,1989,105.91049
Guyana,GUY,1991,97.17719
Guyana,GUY,1992,94.43926
Guyana,GUY,1993,93.32585
Guyana,GUY,1994,93.83708
Guyana,GUY,1995,95.53956
Guyana,GUY,1996,95.76173
Guyana,GUY,1997,96.59274
Guyana,GUY,1999,98.31716
Guyana,GUY,2000,98.25785
Guyana,GUY,2001,96.99067
Guyana,GUY,2003,96.33866
Guyana,GUY,2005,101.88933
Guyana,GUY,2007,98.70523
Guyana,GUY,2008,100.12952
Guyana,GUY,2009,97.61012
Guyana,GUY,2010,100.62051
Guyana,GUY,2011,104.94506
Guyana,GUY,2012,105.2369
Guyana,GUY,2019,87.73918
Guyana,GUY,2020,96.356926
Guyana,GUY,2021,96.397194
Guyana,GUY,2023,94.44605
Guyana,GUY,2024,97.5536
Haiti,HTI,1971,52.14925
Haiti,HTI,1972,54.50606
Haiti,HTI,1973,56.15222
Haiti,HTI,1974,57.81424
Haiti,HTI,1975,59.27738
Haiti,HTI,1976,62.79641
Haiti,HTI,1977,63.27328
Haiti,HTI,1978,62.93342
Haiti,HTI,1979,62.96691
Haiti,HTI,1980,67.65274
Haiti,HTI,1981,73.27467
Haiti,HTI,1982,73.35523
Haiti,HTI,1983,78.71659
Haiti,HTI,1984,83.28131
Haiti,HTI,1985,85.20768
Haiti,HTI,1986,88.7219
Haiti,HTI,1987,75.96366
Haiti,HTI,1992,82.65842
Haiti,HTI,1993,86.94351
Haiti,HTI,1994,92.88984
Haiti,HTI,1995,99.27197
Haiti,HTI,1996,106.15453
Haiti,HTI,1997,113.6298
Haiti,HTI,1998,115.84243
Haiti,HTI,2016,183.98944
Honduras,HND,1970,81.33244
Honduras,HND,1971,81.28493
Honduras,HND,1972,82.83328
Honduras,HND,1973,82.07628
Honduras,HND,1974,83.86389
Honduras,HND,1975,85.10547
Honduras,HND,1976,86.92813
Honduras,HND,1977,86.35219
Honduras,HND,1978,89.30903
Honduras,HND,1979,95.09615
Honduras,HND,1980,96.57534
Honduras,HND,1981,95.76449
Honduras,HND,1982,101.70624
Honduras,HND,1983,103.05062
Honduras,HND,1984,104.34543
Honduras,HND,1985,104.88781
Honduras,HND,1986,107.37632
Honduras,HND,1988,107.2047
Honduras,HND,1990,104.16132
Honduras,HND,1991,103.74948
Honduras,HND,1992,107.08672
Honduras,HND,1993,108.232
Honduras,HND,1994,107.91283
Honduras,HND,1995,105.59973
Honduras,HND,1996,105.91728
Honduras,HND,1997,106.00033
Honduras,HND,1998,104.97499
Honduras,HND,1999,104.19903
Honduras,HND,2000,103.20496
Honduras,HND,2003,108.33375
Honduras,HND,2004,106.42409
Honduras,HND,2005,102.47429
Honduras,HND,2006,105.86642
Honduras,HND,2007,100.83383
Honduras,HND,2008,101.45309
Honduras,HND,2009,99.53111
Honduras,HND,2010,99.43276
Honduras,HND,2011,97.67668
Honduras,HND,2012,94.187164
Honduras,HND,2013,90.552925
Honduras,HND,2014,89.403366
Honduras,HND,2015,89.24216
Honduras,HND,2016,88.64652
Honduras,HND,2017,87.1121
Honduras,HND,2019,85.36449
Honduras,HND,2020,83.6553
Honduras,HND,2021,80.893364
Honduras,HND,2022,82.29372
Honduras,HND,2023,82.54788
Honduras,HND,2024,78.969086
Hong Kong,HKG,2001,100.90642
Hong Kong,HKG,2002,101.92131
Hong Kong,HKG,2003,102.7107
Hong Kong,HKG,2004,100.33164
Hong Kong,HKG,2005,100.7303
Hong Kong,HKG,2006,101.05595
Hong Kong,HKG,2007,100.72928
Hong Kong,HKG,2008,102.48016
Hong Kong,HKG,2009,104.33899
Hong Kong,HKG,2010,105.42922
Hong Kong,HKG,2011,104.60275
Hong Kong,HKG,2012,107.340576
Hong Kong,HKG,2013,106.88467
Hong Kong,HKG,2014,105.04569
Hong Kong,HKG,2015,105.13152
Hong Kong,HKG,2016,104.74101
Hong Kong,HKG,2017,104.80791
Hong Kong,HKG,2018,103.43099
Hong Kong,HKG,2019,102.20261
Hong Kong,HKG,2020,105.12876
Hong Kong,HKG,2021,106.03369
Hong Kong,HKG,2022,103.02831
Hong Kong,HKG,2024,103.152954
Hungary,HUN,2001,101.17836
Hungary,HUN,2002,101.2561
Hungary,HUN,2003,101.32925
Hungary,HUN,2004,100.85975
Hungary,HUN,2005,100.98248
Hungary,HUN,2006,101.50181
Hungary,HUN,2007,101.52033
Hungary,HUN,2008,101.74799
Hungary,HUN,2009,100.92057
Hungary,HUN,2010,100.46742
Hungary,HUN,2011,100.10029
Hungary,HUN,2012,101.06997
Hungary,HUN,2013,100.73803
Hungary,HUN,2014,101.61779
Hungary,HUN,2015,101.53659
Hungary,HUN,2016,100.15922
Hungary,HUN,2017,99.79758
Hungary,HUN,2018,98.31477
Hungary,HUN,2019,98.40335
Hungary,HUN,2020,99.11238
Hungary,HUN,2021,103.53072
Hungary,HUN,2022,105.57553
Hungary,HUN,2023,103.57076
Hungary,HUN,2024,102.88798
Iceland,ISL,1971,98.89652
Iceland,ISL,1972,99.36028
Iceland,ISL,1973,98.96371
Iceland,ISL,1974,98.94275
Iceland,ISL,1975,98.94884
Iceland,ISL,1976,98.95865
Iceland,ISL,1977,99.61574
Iceland,ISL,1978,99.67091
Iceland,ISL,1979,99.83016
Iceland,ISL,1980,99.58706
Iceland,ISL,1981,99.54525
Iceland,ISL,1982,99.58255
Iceland,ISL,1983,99.67728
Iceland,ISL,1984,99.35935
Iceland,ISL,1985,99.44835
Iceland,ISL,1986,99.57101
Iceland,ISL,1987,99.35677
Iceland,ISL,1988,99.40219
Iceland,ISL,1989,99.65501
Iceland,ISL,1990,99.66421
Iceland,ISL,1991,99.38004
Iceland,ISL,1992,99.22027
Iceland,ISL,1993,99.84692
Iceland,ISL,1994,99.60105
Iceland,ISL,1995,99.64094
Iceland,ISL,1996,100.05479
Iceland,ISL,1997,99.21888
Iceland,ISL,1998,98.99357
Iceland,ISL,1999,98.86656
Iceland,ISL,2000,99.13799
Iceland,ISL,2001,99.32504
Iceland,ISL,2002,98.89057
Iceland,ISL,2003,99.05883
Iceland,ISL,2004,99.10757
Iceland,ISL,2005,99.18487
Iceland,ISL,2006,98.89792
Iceland,ISL,2007,98.55851
Iceland,ISL,2008,98.44824
Iceland,ISL,2009,98.40171
Iceland,ISL,2010,98.83014
Iceland,ISL,2011,98.75516
Iceland,ISL,2012,98.83299
Iceland,ISL,2013,98.78762
Iceland,ISL,2014,98.77082
Iceland,ISL,2015,98.68622
Iceland,ISL,2016,98.95318
Iceland,ISL,2017,98.86241
Iceland,ISL,2018,98.88672
Iceland,ISL,2019,98.81343
Iceland,ISL,2020,98.55612
Iceland,ISL,2021,98.56729
Iceland,ISL,2022,98.51164
Iceland,ISL,2023,98.22183
India,IND,1971,78.37103
India,IND,1972,79.34428
India,IND,1973,82.699
India,IND,1974,82.1963
India,IND,1975,82.90951
India,IND,1976,82.45703
India,IND,1977,85.08589
India,IND,1978,81.28555
India,IND,1979,81.09368
India,IND,1980,82.3608
India,IND,1981,83.56009
India,IND,1982,84.27935
India,IND,1983,86.17003
India,IND,1984,87.7679
India,IND,1985,87.56549
India,IND,1986,89.48084
India,IND,1987,87.13984
India,IND,1988,88.50748
India,IND,1989,91.52056
India,IND,1990,90.84051
India,IND,1991,90.3911
India,IND,1992,90.8074
India,IND,1993,92.3164
India,IND,1994,93.17673
India,IND,1995,92.49161
India,IND,1996,91.9326
India,IND,1997,91.51854
India,IND,1998,89.9966
India,IND,1999,91.82458
India,IND,2000,98.80897
India,IND,2001,96.90149
India,IND,2002,97.44746
India,IND,2003,105.66495
India,IND,2007,113.33041
India,IND,2008,113.82775
India,IND,2009,112.49079
India,IND,2010,112.2187
India,IND,2011,109.7079
India,IND,2012,112.38441
India,IND,2013,106.09584
India,IND,2014,103.5566
India,IND,2015,104.22183
India,IND,2016,103.74272
India,IND,2017,101.88698
India,IND,2018,101.09795
India,IND,2019,99.50392
India,IND,2020,101.29125
India,IND,2021,102.316124
India,IND,2022,111.08446
India,IND,2023,112.031235
India,IND,2024,120.52037
India,IND,2025,111.03378
Indonesia,IDN,1970,84.18102
Indonesia,IDN,1971,84.9482
Indonesia,IDN,1972,85.58881
Indonesia,IDN,1973,85.62174
Indonesia,IDN,1974,84.3972
Indonesia,IDN,1975,86.4356
Indonesia,IDN,1976,89.02822
Indonesia,IDN,1977,91.53274
Indonesia,IDN,1978,99.67369
Indonesia,IDN,1981,109.63427
Indonesia,IDN,1982,114.45723
Indonesia,IDN,1983,116.9723
Indonesia,IDN,1984,120.10246
Indonesia,IDN,1985,121.85602
Indonesia,IDN,1986,120.13096
Indonesia,IDN,1987,118.52112
Indonesia,IDN,1988,117.3284
Indonesia,IDN,1989,116.41051
Indonesia,IDN,1990,114.24205
Indonesia,IDN,1991,112.32138
Indonesia,IDN,1992,110.81992
Indonesia,IDN,1993,110.76453
Indonesia,IDN,1994,112.16429
Indonesia,IDN,1995,112.02647
Indonesia,IDN,1996,111.44076
Indonesia,IDN,1997,111.16785
Indonesia,IDN,1998,112.03004
Indonesia,IDN,1999,112.15768
Indonesia,IDN,2000,108.99359
Indonesia,IDN,2001,109.43041
Indonesia,IDN,2002,110.1169
Indonesia,IDN,2003,110.17666
Indonesia,IDN,2004,109.67884
Indonesia,IDN,2005,109.01709
Indonesia,IDN,2006,107.67254
Indonesia,IDN,2007,110.42172
Indonesia,IDN,2008,109.33368
Indonesia,IDN,2009,110.99229
Indonesia,IDN,2010,113.01077
Indonesia,IDN,2011,114.684135
Indonesia,IDN,2012,115.20107
Indonesia,IDN,2013,111.65668
Indonesia,IDN,2014,109.65961
Indonesia,IDN,2015,107.98353
Indonesia,IDN,2016,105.92239
Indonesia,IDN,2017,104.38252
Indonesia,IDN,2018,103.299545
Indonesia,IDN,2019,101.26469
Indonesia,IDN,2020,100.951935
Indonesia,IDN,2021,100.30966
Indonesia,IDN,2022,98.700874
Indonesia,IDN,2023,98.156624
Indonesia,IDN,2024,100.036316
Indonesia,IDN,2025,100.37143
Iran,IRN,1971,69.03028
Iran,IRN,1972,75.99442
Iran,IRN,1973,79.06071
Iran,IRN,1974,81.33552
Iran,IRN,1975,89.10273
Iran,IRN,1976,93.61647
Iran,IRN,1977,97.10285
Iran,IRN,1978,99.81082
Iran,IRN,1979,85.86456
Iran,IRN,1980,94.74475
Iran,IRN,1981,90.5714
Iran,IRN,1982,96.88844
Iran,IRN,1983,98.81595
Iran,IRN,1984,100.8931
Iran,IRN,1985,100.76023
Iran,IRN,1986,100.9884
Iran,IRN,1987,100.67446
Iran,IRN,1988,101.62287
Iran,IRN,1989,101.64966
Iran,IRN,1990,102.68177
Iran,IRN,1991,104.32588
Iran,IRN,1992,105.22997
Iran,IRN,1993,104.13761
Iran,IRN,1994,102.66365
Iran,IRN,1995,101.40404
Iran,IRN,1996,100.68126
Iran,IRN,1997,98.25564
Iran,IRN,1998,98.51286
Iran,IRN,1999,97.43716
Iran,IRN,2000,97.77063
Iran,IRN,2001,100.71092
Iran,IRN,2002,103.43718
Iran,IRN,2003,106.7795
Iran,IRN,2004,108.26008
Iran,IRN,2005,105.19872
Iran,IRN,2006,102.88354
Iran,IRN,2007,99.74766
Iran,IRN,2008,99.21279
Iran,IRN,2009,99.28896
Iran,IRN,2010,98.40858
Iran,IRN,2011,99.04944
Iran,IRN,2012,99.12879
Iran,IRN,2013,111.42115
Iran,IRN,2014,103.50016
Iran,IRN,2015,104.11541
Iran,IRN,2016,105.82102
Iran,IRN,2017,105.36977
Iran,IRN,2019,105.45184
Iran,IRN,2020,104.68013
Iran,IRN,2022,100.97485
Iran,IRN,2023,101.96262
Iraq,IRQ,1971,69.7969
Iraq,IRQ,1972,70.36511
Iraq,IRQ,1973,70.98564
Iraq,IRQ,1974,72.54612
Iraq,IRQ,1975,75.77108
Iraq,IRQ,1976,85.21629
Iraq,IRQ,1977,90.3264
Iraq,IRQ,1978,91.51206
Iraq,IRQ,1979,106.03892
Iraq,IRQ,1980,108.89041
Iraq,IRQ,1981,105.60556
Iraq,IRQ,1982,103.50416
Iraq,IRQ,1983,100.19838
Iraq,IRQ,1984,100.37628
Iraq,IRQ,1985,99.86319
Iraq,IRQ,1986,100.97695
Iraq,IRQ,1987,102.11337
Iraq,IRQ,1988,103.08627
Iraq,IRQ,1989,102.15282
Iraq,IRQ,1991,110.97066
Iraq,IRQ,1992,92.43108
Iraq,IRQ,1993,91.13515
Iraq,IRQ,1996,82.58159
Iraq,IRQ,1999,92.43644
Iraq,IRQ,2000,89.92594
Iraq,IRQ,2003,96.48312
Iraq,IRQ,2004,95.636
Iraq,IRQ,2007,104.57023
Ireland,IRL,2001,102.02243
Ireland,IRL,2002,102.82123
Ireland,IRL,2003,102.71863
Ireland,IRL,2004,102.96355
Ireland,IRL,2005,103.07785
Ireland,IRL,2006,102.99924
Ireland,IRL,2007,103.30853
Ireland,IRL,2008,102.4756
Ireland,IRL,2009,102.79597
Ireland,IRL,2010,103.23549
Ireland,IRL,2011,103.37868
Ireland,IRL,2012,102.11834
Ireland,IRL,2013,101.95834
Ireland,IRL,2014,101.54224
Ireland,IRL,2015,101.18464
Ireland,IRL,2016,101.34149
Ireland,IRL,2017,100.50888
Ireland,IRL,2018,100.39907
Ireland,IRL,2019,100.02586
Ireland,IRL,2020,99.87935
Ireland,IRL,2021,98.16015
Ireland,IRL,2022,96.47614
Israel,ISR,2001,99.42665
Israel,ISR,2002,98.86378
Israel,ISR,2003,98.25978
Israel,ISR,2004,98.27133
Israel,ISR,2005,97.47641
Israel,ISR,2006,97.39029
Israel,ISR,2007,98.17578
Israel,ISR,2008,97.29806
Israel,ISR,2009,97.48214
Israel,ISR,2010,99.98254
Israel,ISR,2011,99.35884
Israel,ISR,2012,100.08272
Israel,ISR,2013,99.29929
Israel,ISR,2014,99.18358
Israel,ISR,2015,99.77295
Israel,ISR,2016,99.17696
Israel,ISR,2017,99.36553
Israel,ISR,2018,98.95016
Israel,ISR,2019,98.6528
Israel,ISR,2020,98.5227
Israel,ISR,2021,98.21439
Israel,ISR,2022,98.01881
Israel,ISR,2023,98.33468
Israel,ISR,2024,97.44228
Italy,ITA,2001,101.99898
Italy,ITA,2002,102.74386
Italy,ITA,2003,103.36434
Italy,ITA,2004,103.98491
Italy,ITA,2005,103.97521
Italy,ITA,2006,103.77815
Italy,ITA,2007,103.75442
Italy,ITA,2008,102.94295
Italy,ITA,2009,101.48298
Italy,ITA,2010,100.80432
Italy,ITA,2011,100.30283
Italy,ITA,2012,100.02899
Italy,ITA,2013,101.11189
Italy,ITA,2014,100.75226
Italy,ITA,2015,100.3719
Italy,ITA,2016,99.81277
Italy,ITA,2017,102.80309
Italy,ITA,2018,102.89499
Italy,ITA,2019,102.95937
Italy,ITA,2020,102.63667
Italy,ITA,2021,101.08988
Italy,ITA,2022,101.56454
Italy,ITA,2023,103.56602
Jamaica,JAM,1971,109.35178
Jamaica,JAM,1972,111.59174
Jamaica,JAM,1973,108.67241
Jamaica,JAM,1974,112.71092
Jamaica,JAM,1975,106.15376
Jamaica,JAM,1976,106.49004
Jamaica,JAM,1977,105.95712
Jamaica,JAM,1978,106.67784
Jamaica,JAM,1979,107.89099
Jamaica,JAM,1980,105.84473
Jamaica,JAM,1981,104.90272
Jamaica,JAM,1982,106.22615
Jamaica,JAM,1983,105.86306
Jamaica,JAM,1984,104.28228
Jamaica,JAM,1985,102.52974
Jamaica,JAM,1986,101.15535
Jamaica,JAM,1987,102.46188
Jamaica,JAM,1988,100.15773
Jamaica,JAM,1989,101.50873
Jamaica,JAM,1990,100.75038
Jamaica,JAM,1991,100.02092
Jamaica,JAM,1993,96.67742
Jamaica,JAM,1999,91.02816
Jamaica,JAM,2000,92.05428
Jamaica,JAM,2001,91.74328
Jamaica,JAM,2002,91.62855
Jamaica,JAM,2003,90.56821
Jamaica,JAM,2004,93.24934
Jamaica,JAM,2005,93.73566
Jamaica,JAM,2007,94.17949
Jamaica,JAM,2008,98.69401
Jamaica,JAM,2009,100.60344
Jamaica,JAM,2010,97.169945
Jamaica,JAM,2011,97.67327
Jamaica,JAM,2012,97.340225
Jamaica,JAM,2013,95.03323
Jamaica,JAM,2014,93.967
Jamaica,JAM,2015,92.10315
Jamaica,JAM,2016,93.139496
Jamaica,JAM,2017,91.36261
Jamaica,JAM,2018,94.91127
Jamaica,JAM,2019,93.229
Jamaica,JAM,2020,90.94944
Jamaica,JAM,2021,92.37612
Jamaica,JAM,2022,93.26818
Jamaica,JAM,2023,87.73755
Jamaica,JAM,2024,97.29721
Japan,JPN,2013,100.46447
Japan,JPN,2014,100.94528
Japan,JPN,2015,101.2505
Japan,JPN,2016,101.55163
Japan,JPN,2017,101.43703
Japan,JPN,2018,101.82889
Japan,JPN,2019,101.93654
Japan,JPN,2020,101.8019
Japan,JPN,2021,101.77447
Japan,JPN,2022,101.09811
Japan,JPN,2023,101.12576
Jordan,JOR,1971,92.85382
Jordan,JOR,1972,94.82166
Jordan,JOR,1973,99.06437
Jordan,JOR,1974,103.06751
Jordan,JOR,1975,104.81529
Jordan,JOR,1976,105.45162
Jordan,JOR,1977,106.75607
Jordan,JOR,1978,106.68352
Jordan,JOR,1979,107.66559
Jordan,JOR,1980,108.51865
Jordan,JOR,1981,106.28507
Jordan,JOR,1982,105.38275
Jordan,JOR,1983,102.51461
Jordan,JOR,1984,101.57434
Jordan,JOR,1985,100.87688
Jordan,JOR,1986,101.99139
Jordan,JOR,1987,100.04869
Jordan,JOR,1988,101.113
Jordan,JOR,1989,97.84856
Jordan,JOR,1990,96.15024
Jordan,JOR,1991,97.2421
Jordan,JOR,1992,99.53286
Jordan,JOR,1993,99.30653
Jordan,JOR,1994,97.30301
Jordan,JOR,1995,95.03214
Jordan,JOR,1996,93.44031
Jordan,JOR,1998,89.57894
Jordan,JOR,1999,88.27707
Jordan,JOR,2000,87.24353
Jordan,JOR,2002,93.90765
Jordan,JOR,2003,95.48885
Jordan,JOR,2004,96.62525
Jordan,JOR,2005,96.52203
Jordan,JOR,2006,95.70851
Jordan,JOR,2007,93.89078
Jordan,JOR,2008,91.74429
Jordan,JOR,2010,89.69053
Jordan,JOR,2011,90.3732
Jordan,JOR,2012,90.93118
Jordan,JOR,2013,93.71637
Jordan,JOR,2014,97.61101
Jordan,JOR,2016,98.4273
Jordan,JOR,2017,98.558945
Jordan,JOR,2018,98.89392
Jordan,JOR,2019,98.86034
Jordan,JOR,2020,98.96053
Jordan,JOR,2021,98.00175
Jordan,JOR,2022,98.54127
Jordan,JOR,2023,98.299484
Jordan,JOR,2024,98.55163
Kazakhstan,KAZ,1981,107.99322
Kazakhstan,KAZ,1986,114.48904
Kazakhstan,KAZ,1989,111.29958
Kazakhstan,KAZ,1990,111.81634
Kazakhstan,KAZ,1991,113.69406
Kazakhstan,KAZ,1992,113.98446
Kazakhstan,KAZ,1993,113.15936
Kazakhstan,KAZ,1994,110.89502
Kazakhstan,KAZ,1995,92.60265
Kazakhstan,KAZ,1996,93.58717
Kazakhstan,KAZ,1997,94.64668
Kazakhstan,KAZ,1998,95.42845
Kazakhstan,KAZ,1999,97.63423
Kazakhstan,KAZ,2000,98.00664
Kazakhstan,KAZ,2001,99.71545
Kazakhstan,KAZ,2002,100.21136
Kazakhstan,KAZ,2003,100.59485
Kazakhstan,KAZ,2004,101.44024
Kazakhstan,KAZ,2005,100.94869
Kazakhstan,KAZ,2006,99.85272
Kazakhstan,KAZ,2007,99.79164
Kazakhstan,KAZ,2008,101.08516
Kazakhstan,KAZ,2009,99.48842
Kazakhstan,KAZ,2010,98.66513
Kazakhstan,KAZ,2011,98.20029
Kazakhstan,KAZ,2012,95.67359
Kazakhstan,KAZ,2013,94.8001
Kazakhstan,KAZ,2014,94.65822
Kazakhstan,KAZ,2015,95.07596
Kazakhstan,KAZ,2016,95.55844
Kazakhstan,KAZ,2017,97.34188
Kazakhstan,KAZ,2018,97.41879
Kazakhstan,KAZ,2019,99.05523
Kazakhstan,KAZ,2020,98.95886
Kazakhstan,KAZ,2021,98.27339
Kazakhstan,KAZ,2022,99.2239
Kazakhstan,KAZ,2023,98.980446
Kazakhstan,KAZ,2024,97.53685
Kazakhstan,KAZ,2025,97.332985
Kenya,KEN,1970,60.26599
Kenya,KEN,1971,61.70124
Kenya,KEN,1972,65.23311
Kenya,KEN,1973,67.90786
Kenya,KEN,1974,100.31181
Kenya,KEN,1975,102.89442
Kenya,KEN,1976,99.15631
Kenya,KEN,1977,98.90964
Kenya,KEN,1978,95.56793
Kenya,KEN,1979,115.58464
Kenya,KEN,1980,117.30293
Kenya,KEN,1981,115.05125
Kenya,KEN,1982,117.92199
Kenya,KEN,1983,118.23065
Kenya,KEN,1984,114.48309
Kenya,KEN,1985,109.8419
Kenya,KEN,1986,109.9135
Kenya,KEN,1987,109.73426
Kenya,KEN,1988,108.00081
Kenya,KEN,1989,108.8582
Kenya,KEN,1990,105.31367
Kenya,KEN,1991,103.02709
Kenya,KEN,1992,101.50138
Kenya,KEN,1993,100.39294
Kenya,KEN,1994,96.32663
Kenya,KEN,1995,93.32424
Kenya,KEN,1998,92.91802
Kenya,KEN,1999,90.69628
Kenya,KEN,2000,94.25724
Kenya,KEN,2001,95.15092
Kenya,KEN,2002,89.24919
Kenya,KEN,2003,103.90389
Kenya,KEN,2004,103.72943
Kenya,KEN,2005,103.62956
Kenya,KEN,2006,101.20199
Kenya,KEN,2007,107.58271
Kenya,KEN,2008,107.07647
Kenya,KEN,2009,107.94574
Kenya,KEN,2012,111.422226
Kenya,KEN,2014,107.14122
Kenya,KEN,2015,104.78009
Kenya,KEN,2016,104.11485
Kenya,KEN,2017,101.95789
Kenya,KEN,2018,99.770424
Kenya,KEN,2019,77.51322
Kenya,KEN,2020,91.95425
Kenya,KEN,2021,93.76691
Kenya,KEN,2022,98.55196
Kenya,KEN,2023,98.248344
Kiribati,KIR,1971,95.12612
Kiribati,KIR,1972,116.20474
Kiribati,KIR,1973,94.1426
Kiribati,KIR,1975,120.03877
Kiribati,KIR,1976,103.86489
Kiribati,KIR,1977,112.80719
Kiribati,KIR,1978,114.26513
Kiribati,KIR,1979,116.24956
Kiribati,KIR,1980,119.22349
Kiribati,KIR,1981,123.43664
Kiribati,KIR,1982,129.97652
Kiribati,KIR,1983,129.15836
Kiribati,KIR,1984,125.37058
Kiribati,KIR,1985,126.99613
Kiribati,KIR,1986,122.79845
Kiribati,KIR,1987,118.01087
Kiribati,KIR,1988,116.28765
Kiribati,KIR,1989,118.09186
Kiribati,KIR,1990,116.52539
Kiribati,KIR,1991,118.51119
Kiribati,KIR,1992,117.74217
Kiribati,KIR,1993,116.88516
Kiribati,KIR,1994,117.27749
Kiribati,KIR,1995,116.21252
Kiribati,KIR,1996,115.63274
Kiribati,KIR,1997,115.38562
Kiribati,KIR,1998,113.16146
Kiribati,KIR,1999,105.17507
Kiribati,KIR,2000,105.91144
Kiribati,KIR,2001,112.92365
Kiribati,KIR,2002,105.25979
Kiribati,KIR,2003,110.66125
Kiribati,KIR,2004,107.77356
Kiribati,KIR,2005,109.62898
Kiribati,KIR,2006,107.57657
Kiribati,KIR,2007,104.20412
Kiribati,KIR,2008,105.91211
Kiribati,KIR,2009,102.40789
Kiribati,KIR,2014,109.11787
Kiribati,KIR,2015,105.43011
Kiribati,KIR,2016,108.72786
Kiribati,KIR,2017,103.30425
Kiribati,KIR,2020,105.7172
Kiribati,KIR,2021,103.68843
Kiribati,KIR,2022,102.156525
Kiribati,KIR,2023,97.36554
Kiribati,KIR,2024,95.2685
Kuwait,KWT,1971,78.94885
Kuwait,KWT,1972,80.22376
Kuwait,KWT,1973,82.21661
Kuwait,KWT,1974,83.29111
Kuwait,KWT,1975,85.95027
Kuwait,KWT,1976,89.7929
Kuwait,KWT,1977,95.65237
Kuwait,KWT,1978,98.60046
Kuwait,KWT,1979,96.74136
Kuwait,KWT,1980,96.62471
Kuwait,KWT,1981,94.55036
Kuwait,KWT,1982,95.20213
Kuwait,KWT,1983,95.26098
Kuwait,KWT,1984,95.23196
Kuwait,KWT,1985,94.2609
Kuwait,KWT,1986,92.38637
Kuwait,KWT,1987,88.81515
Kuwait,KWT,1988,86.69999
Kuwait,KWT,1989,84.40118
Kuwait,KWT,1990,82.56529
Kuwait,KWT,1991,112.57149
Kuwait,KWT,1992,73.11242
Kuwait,KWT,1993,76.61529
Kuwait,KWT,1994,85.25562
Kuwait,KWT,1995,83.92785
Kuwait,KWT,1996,87.47518
Kuwait,KWT,1997,88.19011
Kuwait,KWT,1998,88.84311
Kuwait,KWT,1999,89.24403
Kuwait,KWT,2000,91.77819
Kuwait,KWT,2001,94.38819
Kuwait,KWT,2002,100.23253
Kuwait,KWT,2003,103.91636
Kuwait,KWT,2004,106.36492
Kuwait,KWT,2005,109.95246
Kuwait,KWT,2006,107.88352
Kuwait,KWT,2007,109.51025
Kuwait,KWT,2008,105.87196
Kuwait,KWT,2009,104.79334
Kuwait,KWT,2010,103.45607
Kuwait,KWT,2011,104.03464
Kuwait,KWT,2012,101.20107
Kuwait,KWT,2013,100.76174
Kuwait,KWT,2014,100.81141
Kuwait,KWT,2015,101.798935
Kuwait,KWT,2016,95.082504
Kuwait,KWT,2017,91.09184
Kuwait,KWT,2018,88.36636
Kuwait,KWT,2019,83.0584
Kuwait,KWT,2020,81.386795
Kuwait,KWT,2021,82.36341
Kyrgyzstan,KGZ,1981,106.68749
Kyrgyzstan,KGZ,1986,116.25185
Kyrgyzstan,KGZ,1989,110.46149
Kyrgyzstan,KGZ,1990,109.71852
Kyrgyzstan,KGZ,1991,109.02022
Kyrgyzstan,KGZ,1992,107.30217
Kyrgyzstan,KGZ,1993,106.10068
Kyrgyzstan,KGZ,1994,105.37135
Kyrgyzstan,KGZ,1995,104.58458
Kyrgyzstan,KGZ,1996,96.2419
Kyrgyzstan,KGZ,1997,96.08185
Kyrgyzstan,KGZ,1998,95.31256
Kyrgyzstan,KGZ,1999,95.52081
Kyrgyzstan,KGZ,2000,94.70186
Kyrgyzstan,KGZ,2001,93.92708
Kyrgyzstan,KGZ,2002,93.42308
Kyrgyzstan,KGZ,2003,93.44005
Kyrgyzstan,KGZ,2004,94.65005
Kyrgyzstan,KGZ,2005,95.2993
Kyrgyzstan,KGZ,2006,96.66276
Kyrgyzstan,KGZ,2007,95.57423
Kyrgyzstan,KGZ,2008,96.25902
Kyrgyzstan,KGZ,2009,97.05438
Kyrgyzstan,KGZ,2010,98.11806
Kyrgyzstan,KGZ,2011,97.79796
Kyrgyzstan,KGZ,2012,98.70253
Kyrgyzstan,KGZ,2013,98.56572
Kyrgyzstan,KGZ,2014,98.80743
Kyrgyzstan,KGZ,2015,98.08893
Kyrgyzstan,KGZ,2016,99.7783
Kyrgyzstan,KGZ,2017,100.80096
Kyrgyzstan,KGZ,2018,99.826454
Kyrgyzstan,KGZ,2019,98.93848
Kyrgyzstan,KGZ,2020,96.210335
Kyrgyzstan,KGZ,2021,96.374374
Kyrgyzstan,KGZ,2022,96.744286
Kyrgyzstan,KGZ,2023,98.09634
Kyrgyzstan,KGZ,2024,98.594955
Kyrgyzstan,KGZ,2025,98.953545
Laos,LAO,1971,57.89837
Laos,LAO,1972,61.55163
Laos,LAO,1973,61.64835
Laos,LAO,1976,65.9809
Laos,LAO,1977,99.26585
Laos,LAO,1978,98.97487
Laos,LAO,1979,102.6535
Laos,LAO,1980,102.42608
Laos,LAO,1981,103.12168
Laos,LAO,1982,100.61853
Laos,LAO,1983,98.0365
Laos,LAO,1984,96.54806
Laos,LAO,1985,96.17345
Laos,LAO,1986,99.37698
Laos,LAO,1988,101.34081
Laos,LAO,1990,96.61185
Laos,LAO,1991,95.65761
Laos,LAO,1992,93.23552
Laos,LAO,1993,99.07771
Laos,LAO,1994,102.60225
Laos,LAO,1995,103.86493
Laos,LAO,1996,107.51245
Laos,LAO,1997,108.373
Laos,LAO,1998,110.00442
Laos,LAO,1999,107.86608
Laos,LAO,2000,105.7222
Laos,LAO,2001,103.31086
Laos,LAO,2002,105.23369
Laos,LAO,2003,107.48159
Laos,LAO,2004,108.64942
Laos,LAO,2005,110.02653
Laos,LAO,2006,110.81731
Laos,LAO,2007,112.47181
Laos,LAO,2008,114.98402
Laos,LAO,2009,117.40709
Laos,LAO,2010,119.70568
Laos,LAO,2011,119.0746
Laos,LAO,2012,118.414314
Laos,LAO,2013,118.40815
Laos,LAO,2014,117.42546
Laos,LAO,2015,114.30288
Laos,LAO,2016,110.502815
Laos,LAO,2017,107.44497
Laos,LAO,2018,104.27541
Laos,LAO,2019,101.978546
Laos,LAO,2020,100.277664
Laos,LAO,2021,99.1102
Laos,LAO,2022,95.69885
Laos,LAO,2023,95.03825
Laos,LAO,2024,93.8514
Laos,LAO,2025,93.143524
Latvia,LVA,2001,103.41183
Latvia,LVA,2002,104.02027
Latvia,LVA,2003,105.01615
Latvia,LVA,2004,105.49058
Latvia,LVA,2005,104.84398
Latvia,LVA,2006,104.26199
Latvia,LVA,2007,104.21336
Latvia,LVA,2008,103.5486
Latvia,LVA,2009,102.9181
Latvia,LVA,2010,102.9586
Latvia,LVA,2011,102.28565
Latvia,LVA,2012,101.04871
Latvia,LVA,2013,100.38627
Latvia,LVA,2014,99.85282
Latvia,LVA,2015,99.39332
Latvia,LVA,2016,99.19855
Latvia,LVA,2017,99.36784
Latvia,LVA,2018,99.61439
Latvia,LVA,2019,99.98344
Latvia,LVA,2020,99.83285
Latvia,LVA,2021,99.74077
Latvia,LVA,2022,99.41797
Latvia,LVA,2023,98.46664
Latvia,LVA,2024,97.56935
Lebanon,LBN,1971,126.66046
Lebanon,LBN,1974,125.32446
Lebanon,LBN,1978,104.27943
Lebanon,LBN,1980,104.75646
Lebanon,LBN,1981,108.37163
Lebanon,LBN,1982,106.11768
Lebanon,LBN,1983,101.66113
Lebanon,LBN,1985,85.30378
Lebanon,LBN,1987,97.98086
Lebanon,LBN,1989,81.55756
Lebanon,LBN,1992,77.21616
Lebanon,LBN,1993,76.57771
Lebanon,LBN,1994,78.89434
Lebanon,LBN,1995,79.01941
Lebanon,LBN,1996,78.52229
Lebanon,LBN,1997,80.59198
Lebanon,LBN,1998,83.27264
Lebanon,LBN,1999,86.52083
Lebanon,LBN,2000,85.12208
Lebanon,LBN,2001,84.42803
Lebanon,LBN,2002,85.52437
Lebanon,LBN,2003,86.77268
Lebanon,LBN,2004,88.68368
Lebanon,LBN,2005,89.18877
Lebanon,LBN,2006,88.52709
Lebanon,LBN,2007,88.32697
Lebanon,LBN,2008,86.23597
Lebanon,LBN,2009,85.36893
Lebanon,LBN,2010,84.79735
Lebanon,LBN,2011,84.83722
Lebanon,LBN,2012,85.27932
Lebanon,LBN,2013,86.802864
Lebanon,LBN,2014,78.518936
Lebanon,LBN,2015,77.16094
Lebanon,LBN,2016,76.54746
Lebanon,LBN,2017,78.122375
Lebanon,LBN,2018,77.57573
Lebanon,LBN,2019,77.09279
Lebanon,LBN,2020,76.1017
Lebanon,LBN,2021,74.729225
Lebanon,LBN,2022,76.454124
Lebanon,LBN,2023,78.20269
Lebanon,LBN,2024,81.76911
Lesotho,LSO,1970,90.0763
Lesotho,LSO,1971,86.15736
Lesotho,LSO,1972,86.83521
Lesotho,LSO,1973,90.4511
Lesotho,LSO,1974,103.09759
Lesotho,LSO,1975,102.78211
Lesotho,LSO,1976,100.59768
Lesotho,LSO,1977,100.3766
Lesotho,LSO,1978,98.94484
Lesotho,LSO,1979,99.0807
Lesotho,LSO,1980,99.67513
Lesotho,LSO,1981,101.73308
Lesotho,LSO,1982,104.99346
Lesotho,LSO,1983,104.97488
Lesotho,LSO,1984,103.46622
Lesotho,LSO,1985,104.89284
Lesotho,LSO,1986,102.51363
Lesotho,LSO,1987,107.43812
Lesotho,LSO,1988,108.25026
Lesotho,LSO,1989,105.91393
Lesotho,LSO,1990,103.68466
Lesotho,LSO,1991,103.67572
Lesotho,LSO,1992,101.59228
Lesotho,LSO,1993,97.06484
Lesotho,LSO,1994,98.19577
Lesotho,LSO,1995,99.26942
Lesotho,LSO,1996,97.07375
Lesotho,LSO,1997,94.85918
Lesotho,LSO,1998,95.48881
Lesotho,LSO,1999,95.25961
Lesotho,LSO,2000,108.97637
Lesotho,LSO,2001,112.82822
Lesotho,LSO,2002,116.67521
Lesotho,LSO,2003,122.54536
Lesotho,LSO,2004,124.34705
Lesotho,LSO,2005,125.9381
Lesotho,LSO,2006,129.97635
Lesotho,LSO,2007,124.02805
Lesotho,LSO,2008,122.51394
Lesotho,LSO,2009,119.62033
Lesotho,LSO,2010,118.57386
Lesotho,LSO,2011,117.181526
Lesotho,LSO,2012,115.30793
Lesotho,LSO,2013,110.49309
Lesotho,LSO,2014,107.84388
Lesotho,LSO,2015,105.21726
Lesotho,LSO,2016,104.249374
Lesotho,LSO,2017,105.55925
Lesotho,LSO,2018,96.0052
Lesotho,LSO,2019,91.27874
Lesotho,LSO,2020,87.744736
Lesotho,LSO,2021,85.03662
Lesotho,LSO,2022,83.6343
Lesotho,LSO,2023,81.64123
Lesotho,LSO,2024,80.18302
Liberia,LBR,1970,35.60627
Liberia,LBR,1971,36.49928
Liberia,LBR,1972,37.52028
Liberia,LBR,1975,39.49774
Liberia,LBR,1976,36.9559
Liberia,LBR,1978,45.41831
Liberia,LBR,1979,45.86304
Liberia,LBR,1980,48.72943
Liberia,LBR,1984,40.17346
Liberia,LBR,1998,71.42103
Liberia,LBR,1999,90.13426
Liberia,LBR,2000,108.48388
Liberia,LBR,2006,89.20623
Liberia,LBR,2008,88.42503
Liberia,LBR,2009,95.98328
Liberia,LBR,2011,100.745735
Liberia,LBR,2013,52.197704
Liberia,LBR,2014,92.55302
Liberia,LBR,2015,89.99004
Liberia,LBR,2016,83.889114
Liberia,LBR,2017,79.59523
Liberia,LBR,2020,72.42283
Liberia,LBR,2021,67.462715
Liberia,LBR,2022,66.593925
Libya,LBY,1971,84.45058
Libya,LBY,1972,93.97966
Libya,LBY,1973,101.04652
Libya,LBY,1974,107.92717
Libya,LBY,1975,112.1242
Libya,LBY,1976,114.81819
Libya,LBY,1977,113.50782
Libya,LBY,1978,109.55366
Libya,LBY,1979,114.75652
Libya,LBY,1980,111.63218
Libya,LBY,1981,107.53368
Libya,LBY,1983,107.96026
Libya,LBY,1986,104.36612
Libya,LBY,1999,118.10913
Libya,LBY,2001,112.97652
Libya,LBY,2002,110.52322
Libya,LBY,2003,108.35965
Libya,LBY,2004,108.33387
Libya,LBY,2005,102.51218
Libya,LBY,2006,106.99824
Liechtenstein,LIE,2003,106.1752
Liechtenstein,LIE,2004,109.15222
Liechtenstein,LIE,2005,105.75472
Liechtenstein,LIE,2006,107.51196
Liechtenstein,LIE,2007,107.26577
Liechtenstein,LIE,2008,105.52567
Liechtenstein,LIE,2009,105.75112
Liechtenstein,LIE,2010,105.45918
Liechtenstein,LIE,2011,104.9505
Liechtenstein,LIE,2012,103.828
Liechtenstein,LIE,2014,102.66099
Liechtenstein,LIE,2015,105.66542
Liechtenstein,LIE,2016,105.49102
Liechtenstein,LIE,2017,104.69974
Liechtenstein,LIE,2018,106.32979
Liechtenstein,LIE,2019,103.83001
Liechtenstein,LIE,2020,102.91363
Liechtenstein,LIE,2021,102.11014
Lithuania,LTU,2001,103.1488
Lithuania,LTU,2002,103.10415
Lithuania,LTU,2003,102.96309
Lithuania,LTU,2004,103.97029
Lithuania,LTU,2005,102.84456
Lithuania,LTU,2006,102.02875
Lithuania,LTU,2007,101.10445
Lithuania,LTU,2008,99.49927
Lithuania,LTU,2009,99.94983
Lithuania,LTU,2010,100.4215
Lithuania,LTU,2011,101.25184
Lithuania,LTU,2012,101.85441
Lithuania,LTU,2013,101.80209
Lithuania,LTU,2014,101.51929
Lithuania,LTU,2015,102.10759
Lithuania,LTU,2016,102.85338
Lithuania,LTU,2017,103.46704
Lithuania,LTU,2018,103.66756
Lithuania,LTU,2019,102.55704
Lithuania,LTU,2020,102.80108
Lithuania,LTU,2021,101.84608
Lithuania,LTU,2022,101.90583
Lithuania,LTU,2023,102.67995
Lithuania,LTU,2024,100.53387
Luxembourg,LUX,2001,99.37862
Luxembourg,LUX,2002,99.7914
Luxembourg,LUX,2003,99.11013
Luxembourg,LUX,2004,99.09789
Luxembourg,LUX,2005,99.86596
Luxembourg,LUX,2006,99.64003
Luxembourg,LUX,2007,99.51731
Luxembourg,LUX,2008,99.18161
Luxembourg,LUX,2010,98.00301
Luxembourg,LUX,2011,96.29884
Luxembourg,LUX,2012,98.7364
Luxembourg,LUX,2013,97.72935
Luxembourg,LUX,2014,97.30613
Luxembourg,LUX,2015,97.40225
Luxembourg,LUX,2016,97.40957
Luxembourg,LUX,2017,96.7352
Luxembourg,LUX,2018,97.34285
Luxembourg,LUX,2019,98.33455
Luxembourg,LUX,2020,98.64425
Luxembourg,LUX,2021,98.47584
Luxembourg,LUX,2022,99.48426
Luxembourg,LUX,2023,99.06446
Luxembourg,LUX,2024,99.22044
Macao,MAC,2001,103.47383
Macao,MAC,2002,106.83876
Macao,MAC,2003,105.16848
Macao,MAC,2004,105.10333
Macao,MAC,2005,102.85455
Macao,MAC,2006,100.32634
Macao,MAC,2007,101.56987
Macao,MAC,2008,102.43255
Macao,MAC,2009,101.26009
Macao,MAC,2010,101.16641
Macao,MAC,2011,102.67645
Macao,MAC,2012,99.32456
Macao,MAC,2013,99.69058
Macao,MAC,2014,100.71365
Macao,MAC,2015,99.80247
Macao,MAC,2016,101.28735
Macao,MAC,2017,105.32593
Macao,MAC,2018,101.23826
Macao,MAC,2019,96.24261
Macao,MAC,2020,92.78962
Macao,MAC,2021,89.07035
Macao,MAC,2022,84.96767
Macao,MAC,2023,86.42466
Macao,MAC,2024,89.8103
Madagascar,MDG,1971,81.44308
Madagascar,MDG,1972,85.29572
Madagascar,MDG,1973,85.4297
Madagascar,MDG,1974,83.46232
Madagascar,MDG,1975,88.73404
Madagascar,MDG,1976,91.70981
Madagascar,MDG,1977,112.65305
Madagascar,MDG,1978,115.59544
Madagascar,MDG,1979,115.63039
Madagascar,MDG,1980,122.35177
Madagascar,MDG,1981,127.42361
Madagascar,MDG,1982,123.79897
Madagascar,MDG,1983,117.93349
Madagascar,MDG,1984,111.03211
Madagascar,MDG,1985,106.10904
Madagascar,MDG,1988,89.73304
Madagascar,MDG,1989,90.45606
Madagascar,MDG,1990,87.31046
Madagascar,MDG,1991,88.8118
Madagascar,MDG,1992,82.81552
Madagascar,MDG,1993,80.71955
Madagascar,MDG,1994,79.65944
Madagascar,MDG,1995,77.95931
Madagascar,MDG,1996,82.10748
Madagascar,MDG,1998,88.42208
Madagascar,MDG,1999,90.7251
Madagascar,MDG,2000,95.84743
Madagascar,MDG,2001,96.34941
Madagascar,MDG,2002,96.68768
Madagascar,MDG,2003,110.2662
Madagascar,MDG,2004,124.89672
Madagascar,MDG,2005,128.54791
Madagascar,MDG,2006,127.91927
Madagascar,MDG,2007,129.29437
Madagascar,MDG,2008,132.6192
Madagascar,MDG,2009,140.26636
Madagascar,MDG,2010,135.67319
Madagascar,MDG,2011,135.66302
Madagascar,MDG,2012,136.4356
Madagascar,MDG,2013,136.43648
Madagascar,MDG,2014,137.44579
Madagascar,MDG,2015,138.8332
Madagascar,MDG,2016,134.67659
Madagascar,MDG,2017,139.18668
Madagascar,MDG,2018,132.6893
Madagascar,MDG,2019,124.94658
Madagascar,MDG,2020,126.5858
Madagascar,MDG,2021,140.26566
Madagascar,MDG,2022,132.88782
Madagascar,MDG,2023,130.59904
Madagascar,MDG,2024,132.73958
Malawi,MWI,1971,42.46785
Malawi,MWI,1972,49.6009
Malawi,MWI,1973,53.97103
Malawi,MWI,1974,59.39163
Malawi,MWI,1975,65.1554
Malawi,MWI,1976,66.06738
Malawi,MWI,1977,65.24762
Malawi,MWI,1978,63.48914
Malawi,MWI,1979,63.86512
Malawi,MWI,1980,67.05129
Malawi,MWI,1981,66.87147
Malawi,MWI,1982,70.18594
Malawi,MWI,1983,65.83311
Malawi,MWI,1984,60.70996
Malawi,MWI,1985,62.30971
Malawi,MWI,1986,62.65358
Malawi,MWI,1987,65.12196
Malawi,MWI,1988,64.45808
Malawi,MWI,1989,69.59706
Malawi,MWI,1990,72.98277
Malawi,MWI,1991,74.35889
Malawi,MWI,1992,87.85039
Malawi,MWI,1993,91.83539
Malawi,MWI,1994,99.84887
Malawi,MWI,1995,152.61629
Malawi,MWI,1996,149.75465
Malawi,MWI,1998,137.81407
Malawi,MWI,1999,136.82379
Malawi,MWI,2000,139.18204
Malawi,MWI,2001,143.61174
Malawi,MWI,2002,140.27284
Malawi,MWI,2004,133.78978
Malawi,MWI,2005,131.8031
Malawi,MWI,2006,131.49432
Malawi,MWI,2007,128.68233
Malawi,MWI,2008,136.03377
Malawi,MWI,2009,133.76308
Malawi,MWI,2010,135.95338
Malawi,MWI,2011,136.57011
Malawi,MWI,2012,136.60394
Malawi,MWI,2013,140.88914
Malawi,MWI,2014,140.73456
Malawi,MWI,2015,139.54759
Malawi,MWI,2016,137.82303
Malawi,MWI,2017,139.23323
Malawi,MWI,2018,136.72388
Malawi,MWI,2019,139.27452
Malawi,MWI,2020,136.43619
Malawi,MWI,2021,127.04236
Malawi,MWI,2022,126.58776
Malawi,MWI,2023,135.97444
Malawi,MWI,2024,139.01627
Malaysia,MYS,1970,93.00793
Malaysia,MYS,1975,101.3959
Malaysia,MYS,1977,102.74917
Malaysia,MYS,1978,104.06329
Malaysia,MYS,1979,103.89435
Malaysia,MYS,1980,103.39483
Malaysia,MYS,1981,102.12559
Malaysia,MYS,1982,101.49729
Malaysia,MYS,1983,101.26971
Malaysia,MYS,1984,100.0148
Malaysia,MYS,1985,99.71063
Malaysia,MYS,1987,97.67587
Malaysia,MYS,1988,97.40904
Malaysia,MYS,1989,96.8028
Malaysia,MYS,1990,95.93521
Malaysia,MYS,1991,95.68884
Malaysia,MYS,1992,95.6894
Malaysia,MYS,1993,95.98165
Malaysia,MYS,1994,96.08131
Malaysia,MYS,1995,96.55222
Malaysia,MYS,1996,97.25405
Malaysia,MYS,1998,96.3125
Malaysia,MYS,1999,95.68343
Malaysia,MYS,2000,97.45629
Malaysia,MYS,2001,95.40631
Malaysia,MYS,2002,92.92663
Malaysia,MYS,2003,93.39647
Malaysia,MYS,2004,96.0182
Malaysia,MYS,2005,97.13336
Malaysia,MYS,2006,97.83674
Malaysia,MYS,2007,98.36264
Malaysia,MYS,2008,98.69905
Malaysia,MYS,2009,98.79409
Malaysia,MYS,2010,98.86978
Malaysia,MYS,2011,98.855644
Malaysia,MYS,2012,98.704254
Malaysia,MYS,2013,98.906685
Malaysia,MYS,2014,97.15563
Malaysia,MYS,2015,95.63116
Malaysia,MYS,2016,96.22197
Malaysia,MYS,2017,96.25746
Malaysia,MYS,2018,95.77615
Malaysia,MYS,2019,94.32751
Malaysia,MYS,2020,93.180016
Malaysia,MYS,2021,92.57699
Malaysia,MYS,2022,89.78726
Malaysia,MYS,2023,91.50211
Malaysia,MYS,2024,90.35956
Maldives,MDV,1980,130.94292
Maldives,MDV,1982,139.53012
Maldives,MDV,1986,147.69225
Maldives,MDV,1992,120.26582
Maldives,MDV,1993,122.76677
Maldives,MDV,1994,125.37861
Maldives,MDV,1995,122.30124
Maldives,MDV,1996,122.22302
Maldives,MDV,1997,119.35653
Maldives,MDV,1998,125.33072
Maldives,MDV,1999,126.68081
Maldives,MDV,2000,126.98977
Maldives,MDV,2001,124.48579
Maldives,MDV,2002,121.84113
Maldives,MDV,2003,121.19752
Maldives,MDV,2004,119.8387
Maldives,MDV,2005,113.92996
Maldives,MDV,2006,112.3856
Maldives,MDV,2007,107.56392
Maldives,MDV,2008,105.33593
Maldives,MDV,2009,104.55918
Maldives,MDV,2010,102.10017
Maldives,MDV,2011,100.38204
Maldives,MDV,2012,97.47471
Maldives,MDV,2013,95.768745
Maldives,MDV,2014,96.80734
Maldives,MDV,2015,99.00611
Maldives,MDV,2016,98.25653
Maldives,MDV,2017,97.14726
Maldives,MDV,2018,96.64062
Maldives,MDV,2019,96.86298
Maldives,MDV,2020,97.178444
Maldives,MDV,2022,96.01474
Maldives,MDV,2023,100.477974
Maldives,MDV,2024,99.71454
Mali,MLI,1971,22.56662
Mali,MLI,1972,23.57617
Mali,MLI,1973,23.89413
Mali,MLI,1974,24.61134
Mali,MLI,1975,24.44704
Mali,MLI,1976,25.03772
Mali,MLI,1977,25.68325
Mali,MLI,1978,26.42656
Mali,MLI,1979,26.88553
Mali,MLI,1980,26.63245
Mali,MLI,1981,25.21711
Mali,MLI,1982,24.50906
Mali,MLI,1983,24.14514
Mali,MLI,1984,23.12256
Mali,MLI,1985,22.48019
Mali,MLI,1986,21.64818
Mali,MLI,1987,21.42736
Mali,MLI,1988,21.35803
Mali,MLI,1989,24.58506
Mali,MLI,1990,24.67658
Mali,MLI,1991,25.15153
Mali,MLI,1992,26.69932
Mali,MLI,1993,29.9379
Mali,MLI,1994,32.93498
Mali,MLI,1995,35.42267
Mali,MLI,1996,38.65034
Mali,MLI,1997,43.1183
Mali,MLI,1998,46.85275
Mali,MLI,1999,50.97036
Mali,MLI,2000,52.93545
Mali,MLI,2001,57.45277
Mali,MLI,2002,61.16673
Mali,MLI,2003,63.11917
Mali,MLI,2004,66.44675
Mali,MLI,2005,69.79632
Mali,MLI,2006,72.46905
Mali,MLI,2007,74.72668
Mali,MLI,2008,76.5748
Mali,MLI,2009,77.82088
Mali,MLI,2010,78.28432
Mali,MLI,2011,78.66564
Mali,MLI,2012,75.38981
Mali,MLI,2013,70.87343
Mali,MLI,2014,71.82158
Mali,MLI,2015,70.52097
Mali,MLI,2016,71.86931
Mali,MLI,2017,74.67338
Mali,MLI,2018,70.36896
Mali,MLI,2023,72.79723
Malta,MLT,2001,105.50329
Malta,MLT,2002,105.04399
Malta,MLT,2003,104.114
Malta,MLT,2004,105.06308
Malta,MLT,2005,102.89608
Malta,MLT,2006,102.83012
Malta,MLT,2007,103.00437
Malta,MLT,2008,103.13583
Malta,MLT,2009,98.13467
Malta,MLT,2010,102.57831
Malta,MLT,2011,100.9815
Malta,MLT,2012,100.93798
Malta,MLT,2013,100.8785
Malta,MLT,2014,100.00831
Malta,MLT,2015,99.9229
Malta,MLT,2016,99.77411
Malta,MLT,2017,99.47939
Malta,MLT,2018,99.83068
Malta,MLT,2019,98.99848
Malta,MLT,2020,98.14492
Malta,MLT,2021,97.91031
Malta,MLT,2022,97.47648
Malta,MLT,2023,97.70784
Marshall Islands,MHL,1999,97.49406
Marshall Islands,MHL,2002,117.11917
Marshall Islands,MHL,2003,102.81309
Marshall Islands,MHL,2004,110.8871
Marshall Islands,MHL,2005,105.95896
Marshall Islands,MHL,2006,105.28326
Marshall Islands,MHL,2007,101.75895
Marshall Islands,MHL,2008,102.19282
Marshall Islands,MHL,2009,102.75297
Marshall Islands,MHL,2011,105.38908
Marshall Islands,MHL,2015,106.642494
Marshall Islands,MHL,2016,104.84553
Marshall Islands,MHL,2019,109.17597
Marshall Islands,MHL,2020,108.44889
Marshall Islands,MHL,2021,111.78101
Marshall Islands,MHL,2022,108.9755
Marshall Islands,MHL,2023,107.10996
Marshall Islands,MHL,2024,101.80129
Martinique,MTQ,1971,145.14972
Martinique,MTQ,1972,144.55766
Martinique,MTQ,1973,140.09041
Martinique,MTQ,1974,132.04076
Martinique,MTQ,1975,129.08038
Martinique,MTQ,1976,129.67001
Martinique,MTQ,1977,133.27814
Martinique,MTQ,1978,128.06291
Martinique,MTQ,1979,128.82999
Martinique,MTQ,1980,127.49047
Martinique,MTQ,1981,126.58492
Martinique,MTQ,1982,128.43112
Martinique,MTQ,1983,127.57645
Martinique,MTQ,1984,127.1283
Martinique,MTQ,1987,122.01537
Martinique,MTQ,1990,110.10724
Martinique,MTQ,1991,102.82628
Martinique,MTQ,1992,99.29351
Martinique,MTQ,1993,96.22313
Martinique,MTQ,1994,95.53492
Martinique,MTQ,1995,96.19661
Martinique,MTQ,1996,96.89349
Mauritania,MRT,1971,15.48518
Mauritania,MRT,1972,16.23109
Mauritania,MRT,1973,17.94179
Mauritania,MRT,1974,18.02967
Mauritania,MRT,1975,18.42105
Mauritania,MRT,1976,19.98891
Mauritania,MRT,1977,24.695
Mauritania,MRT,1978,26.96567
Mauritania,MRT,1979,29.52951
Mauritania,MRT,1980,34.04215
Mauritania,MRT,1981,35.21568
Mauritania,MRT,1982,38.62023
Mauritania,MRT,1983,39.60056
Mauritania,MRT,1984,42.80564
Mauritania,MRT,1985,44.23778
Mauritania,MRT,1986,47.77329
Mauritania,MRT,1987,49.63287
Mauritania,MRT,1988,50.32915
Mauritania,MRT,1989,49.34006
Mauritania,MRT,1990,46.90308
Mauritania,MRT,1991,49.17242
Mauritania,MRT,1992,53.92946
Mauritania,MRT,1993,60.92192
Mauritania,MRT,1994,67.15107
Mauritania,MRT,1995,71.00729
Mauritania,MRT,1996,74.57663
Mauritania,MRT,1997,78.51262
Mauritania,MRT,1998,80.77354
Mauritania,MRT,1999,82.44991
Mauritania,MRT,2000,81.99589
Mauritania,MRT,2001,80.31733
Mauritania,MRT,2002,81.03844
Mauritania,MRT,2003,82.6807
Mauritania,MRT,2004,88.96113
Mauritania,MRT,2005,89.07592
Mauritania,MRT,2006,92.25046
Mauritania,MRT,2007,94.50873
Mauritania,MRT,2008,91.18328
Mauritania,MRT,2009,97.03356
Mauritania,MRT,2010,97.85716
Mauritania,MRT,2011,95.43596
Mauritania,MRT,2012,94.901794
Mauritania,MRT,2013,93.6377
Mauritania,MRT,2014,93.902695
Mauritania,MRT,2015,96.69936
Mauritania,MRT,2016,88.66419
Mauritania,MRT,2017,87.81731
Mauritania,MRT,2018,90.21931
Mauritania,MRT,2019,90.2672
Mauritania,MRT,2020,93.80447
Mauritania,MRT,2023,104.015076
Mauritania,MRT,2024,105.43476
Mauritius,MUS,1970,105.85503
Mauritius,MUS,1971,105.81701
Mauritius,MUS,1972,107.21377
Mauritius,MUS,1973,107.16807
Mauritius,MUS,1974,107.43276
Mauritius,MUS,1975,109.03107
Mauritius,MUS,1976,108.08352
Mauritius,MUS,1977,109.47309
Mauritius,MUS,1978,111.18542
Mauritius,MUS,1979,107.33455
Mauritius,MUS,1980,107.62929
Mauritius,MUS,1981,113.28906
Mauritius,MUS,1982,113.06759
Mauritius,MUS,1983,111.57201
Mauritius,MUS,1984,105.16296
Mauritius,MUS,1985,105.84616
Mauritius,MUS,1986,106.27685
Mauritius,MUS,1987,104.62702
Mauritius,MUS,1988,101.98163
Mauritius,MUS,1989,101.75958
Mauritius,MUS,1990,104.02194
Mauritius,MUS,1991,105.32493
Mauritius,MUS,1992,103.84274
Mauritius,MUS,1993,102.62147
Mauritius,MUS,1994,101.48394
Mauritius,MUS,1995,101.10904
Mauritius,MUS,1996,101.09461
Mauritius,MUS,1997,101.45102
Mauritius,MUS,1998,101.91642
Mauritius,MUS,1999,102.52375
Mauritius,MUS,2000,103.12414
Mauritius,MUS,2001,102.97517
Mauritius,MUS,2002,102.72815
Mauritius,MUS,2003,102.18536
Mauritius,MUS,2004,101.85595
Mauritius,MUS,2005,102.09457
Mauritius,MUS,2006,101.59693
Mauritius,MUS,2007,100.83757
Mauritius,MUS,2008,101.19456
Mauritius,MUS,2009,100.47887
Mauritius,MUS,2010,100.593636
Mauritius,MUS,2011,100.025856
Mauritius,MUS,2012,99.3669
Mauritius,MUS,2013,97.84012
Mauritius,MUS,2014,97.15187
Mauritius,MUS,2015,97.118675
Mauritius,MUS,2016,96.7216
Mauritius,MUS,2017,96.47863
Mauritius,MUS,2018,96.4494
Mauritius,MUS,2019,95.42307
Mauritius,MUS,2020,95.00639
Mauritius,MUS,2021,99.88602
Mauritius,MUS,2023,110.91158
Mauritius,MUS,2024,107.34786
Mexico,MEX,2000,109.1183
Mexico,MEX,2001,109.02801
Mexico,MEX,2002,109.22003
Mexico,MEX,2003,109.26415
Mexico,MEX,2004,108.83455
Mexico,MEX,2005,108.53404
Mexico,MEX,2006,108.12927
Mexico,MEX,2007,108.72686
Mexico,MEX,2008,109.44638
Mexico,MEX,2009,110.7222
Mexico,MEX,2010,110.99522
Mexico,MEX,2011,111.05886
Mexico,MEX,2012,111.07352
Mexico,MEX,2013,110.10927
Mexico,MEX,2014,108.57314
Mexico,MEX,2015,106.96343
Mexico,MEX,2016,106.39122
Mexico,MEX,2017,105.79761
Mexico,MEX,2018,105.18816
Mexico,MEX,2019,105.09504
Mexico,MEX,2020,104.51773
Mexico,MEX,2021,103.35881
Mexico,MEX,2022,102.00478
Mexico,MEX,2023,101.42075
Mexico,MEX,2024,102.28096
Micronesia (country),FSM,1971,214.58926
Micronesia (country),FSM,1972,212.53336
Micronesia (country),FSM,1973,214.64262
Micronesia (country),FSM,1974,204.05429
Micronesia (country),FSM,1975,197.89958
Micronesia (country),FSM,1976,191.34393
Micronesia (country),FSM,1977,194.31783
Micronesia (country),FSM,1978,190.78648
Micronesia (country),FSM,1979,184.19379
Micronesia (country),FSM,2004,111.90839
Micronesia (country),FSM,2005,110.22287
Micronesia (country),FSM,2007,109.70074
Micronesia (country),FSM,2013,95.03186
Micronesia (country),FSM,2014,97.3142
Micronesia (country),FSM,2015,93.567055
Micronesia (country),FSM,2016,94.0772
Micronesia (country),FSM,2017,94.21926
Micronesia (country),FSM,2018,96.28819
Micronesia (country),FSM,2019,94.35985
Micronesia (country),FSM,2020,87.42404
Micronesia (country),FSM,2021,87.39909
Micronesia (country),FSM,2022,87.10633
Micronesia (country),FSM,2023,82.15476
Micronesia (country),FSM,2024,82.15982
Moldova,MDA,2010,93.54078
Moldova,MDA,2011,93.60298
Moldova,MDA,2012,93.79797
Moldova,MDA,2013,93.764915
Moldova,MDA,2014,107.43141
Moldova,MDA,2015,105.72765
Moldova,MDA,2016,104.46998
Moldova,MDA,2017,103.68576
Moldova,MDA,2018,103.33739
Moldova,MDA,2019,105.07492
Moldova,MDA,2020,106.51997
Moldova,MDA,2021,106.77842
Moldova,MDA,2022,106.97324
Moldova,MDA,2023,106.67356
Moldova,MDA,2024,107.605835
Monaco,MCO,1971,136.83241
Monaco,MCO,1972,131.6209
Monaco,MCO,1978,125.24116
Monaco,MCO,1983,120.67736
Monaco,MCO,1991,137.3354
Monaco,MCO,1992,136.1949
Monaco,MCO,1994,140.91615
Monaco,MCO,1995,141.38461
Monaco,MCO,1996,142.43793
Monaco,MCO,1997,137.46419
Monaco,MCO,1998,132.25153
Monaco,MCO,1999,133.02632
Monaco,MCO,2000,132.71646
Monaco,MCO,2008,124.21194
Monaco,MCO,2016,142.41994
Monaco,MCO,2024,120.58309
Mongolia,MNG,1971,94.49827
Mongolia,MNG,1972,95.70405
Mongolia,MNG,1973,100.19767
Mongolia,MNG,1974,100.95153
Mongolia,MNG,1975,101.41923
Mongolia,MNG,1976,102.40708
Mongolia,MNG,1978,103.99378
Mongolia,MNG,1979,101.70965
Mongolia,MNG,1980,101.18727
Mongolia,MNG,1981,101.68067
Mongolia,MNG,1982,100.42501
Mongolia,MNG,1983,100.74772
Mongolia,MNG,1984,100.4123
Mongolia,MNG,1985,99.20225
Mongolia,MNG,1986,97.41045
Mongolia,MNG,1987,98.16887
Mongolia,MNG,1988,98.32266
Mongolia,MNG,1989,100.27392
Mongolia,MNG,1990,101.12559
Mongolia,MNG,1991,100.39349
Mongolia,MNG,1992,91.36461
Mongolia,MNG,1993,79.43924
Mongolia,MNG,1994,78.5811
Mongolia,MNG,1995,84.45594
Mongolia,MNG,1996,90.40143
Mongolia,MNG,1997,89.73428
Mongolia,MNG,1998,93.09829
Mongolia,MNG,1999,96.62788
Mongolia,MNG,2000,99.7921
Mongolia,MNG,2001,102.23255
Mongolia,MNG,2002,102.58135
Mongolia,MNG,2003,105.64858
Mongolia,MNG,2004,108.21642
Mongolia,MNG,2005,96.1072
Mongolia,MNG,2006,98.07097
Mongolia,MNG,2007,96.47156
Mongolia,MNG,2008,98.89454
Mongolia,MNG,2009,109.42675
Mongolia,MNG,2010,121.8401
Mongolia,MNG,2011,120.54555
Mongolia,MNG,2012,115.83942
Mongolia,MNG,2013,107.68218
Mongolia,MNG,2014,99.84732
Mongolia,MNG,2015,97.81398
Mongolia,MNG,2016,97.286385
Mongolia,MNG,2017,94.45156
Mongolia,MNG,2018,95.085686
Mongolia,MNG,2019,94.13348
Mongolia,MNG,2020,92.34646
Mongolia,MNG,2021,92.02423
Mongolia,MNG,2022,93.34738
Mongolia,MNG,2023,93.06544
Mongolia,MNG,2024,92.34008
Montenegro,MNE,2003,105.82769
Montenegro,MNE,2004,104.63258
Montenegro,MNE,2005,108.75518
Montenegro,MNE,2006,112.49855
Montenegro,MNE,2007,116.79553
Montenegro,MNE,2008,120.29298
Montenegro,MNE,2009,113.76721
Montenegro,MNE,2010,108.2548
Montenegro,MNE,2011,98.02923
Montenegro,MNE,2012,99.0703
Montenegro,MNE,2015,101.20362
Montenegro,MNE,2016,100.17459
Montenegro,MNE,2017,100.94325
Montenegro,MNE,2018,103.26447
Montenegro,MNE,2019,103.65174
Montenegro,MNE,2020,103.84657
Montenegro,MNE,2021,104.39967
Montenegro,MNE,2022,105.62137
Montenegro,MNE,2023,106.10962
Montserrat,MSR,1972,138.59076
Montserrat,MSR,1973,135.0213
Montserrat,MSR,1974,133.01112
Montserrat,MSR,1975,130.49927
Montserrat,MSR,1976,134.30173
Montserrat,MSR,1977,123.54483
Montserrat,MSR,1978,116.21912
Montserrat,MSR,1979,119.05546
Montserrat,MSR,1980,118.12081
Montserrat,MSR,1981,107.07657
Montserrat,MSR,1982,105.4401
Montserrat,MSR,1983,107.39779
Montserrat,MSR,1984,110.0
Montserrat,MSR,1985,110.63988
Montserrat,MSR,1986,105.96078
Montserrat,MSR,1987,113.32795
Montserrat,MSR,1988,116.45057
Montserrat,MSR,1989,113.4858
Montserrat,MSR,1990,114.66364
Montserrat,MSR,1991,114.3575
Montserrat,MSR,1992,112.94964
Montserrat,MSR,1993,119.26885
Montserrat,MSR,1994,126.1373
Montserrat,MSR,1995,133.02669
Montserrat,MSR,1996,126.1424
Montserrat,MSR,1997,119.01235
Montserrat,MSR,1998,37.30044
Montserrat,MSR,1999,67.23842
Montserrat,MSR,2000,77.84553
Montserrat,MSR,2001,99.04077
Montserrat,MSR,2002,115.15152
Montserrat,MSR,2004,109.34579
Montserrat,MSR,2005,114.38202
Montserrat,MSR,2006,110.19523
Montserrat,MSR,2007,107.34341
Montserrat,MSR,2009,108.25893
Montserrat,MSR,2010,112.026726
Montserrat,MSR,2011,111.55556
Montserrat,MSR,2012,109.425285
Montserrat,MSR,2013,101.65094
Montserrat,MSR,2014,106.5534
Montserrat,MSR,2015,113.13869
Montserrat,MSR,2016,115.7767
Montserrat,MSR,2017,112.43781
Montserrat,MSR,2018,118.86305
Montserrat,MSR,2019,114.65969
Montserrat,MSR,2020,110.752686
Montserrat,MSR,2021,109.57746
Montserrat,MSR,2022,109.60961
Montserrat,MSR,2023,107.232704
Morocco,MAR,1971,52.37712
Morocco,MAR,1972,53.57184
Morocco,MAR,1973,54.16895
Morocco,MAR,1974,55.63305
Morocco,MAR,1975,57.77465
Morocco,MAR,1976,62.16641
Morocco,MAR,1977,65.89667
Morocco,MAR,1978,69.53502
Morocco,MAR,1979,73.20645
Morocco,MAR,1980,76.47378
Morocco,MAR,1981,79.21745
Morocco,MAR,1982,82.46228
Morocco,MAR,1983,85.44038
Morocco,MAR,1984,84.82566
Morocco,MAR,1985,76.75113
Morocco,MAR,1986,75.53279
Morocco,MAR,1987,72.62971
Morocco,MAR,1988,69.7155
Morocco,MAR,1989,66.25769
Morocco,MAR,1990,66.5824
Morocco,MAR,1991,63.46026
Morocco,MAR,1992,65.15196
Morocco,MAR,1993,68.5381
Morocco,MAR,1994,72.21414
Morocco,MAR,1995,75.93298
Morocco,MAR,1996,78.81691
Morocco,MAR,1997,80.66884
Morocco,MAR,1998,83.05706
Morocco,MAR,1999,88.35528
Morocco,MAR,2000,93.77907
Morocco,MAR,2001,98.26735
Morocco,MAR,2002,103.36323
Morocco,MAR,2003,105.97434
Morocco,MAR,2004,106.01558
Morocco,MAR,2005,105.91475
Morocco,MAR,2006,104.96371
Morocco,MAR,2007,105.59766
Morocco,MAR,2008,104.36217
Morocco,MAR,2009,104.07991
Morocco,MAR,2010,107.16674
Morocco,MAR,2011,108.872185
Morocco,MAR,2012,108.77377
Morocco,MAR,2013,108.130875
Morocco,MAR,2014,107.31952
Morocco,MAR,2015,106.04626
Morocco,MAR,2016,105.89781
Morocco,MAR,2017,106.85601
Morocco,MAR,2018,108.26313
Morocco,MAR,2019,110.072945
Morocco,MAR,2020,112.354034
Morocco,MAR,2021,112.94088
Morocco,MAR,2022,116.55465
Morocco,MAR,2023,117.598816
Morocco,MAR,2024,116.58865
Mozambique,MOZ,1971,43.61944
Mozambique,MOZ,1972,38.31524
Mozambique,MOZ,1973,47.68476
Mozambique,MOZ,1975,63.09818
Mozambique,MOZ,1977,110.27706
Mozambique,MOZ,1978,112.99847
Mozambique,MOZ,1979,113.6056
Mozambique,MOZ,1981,104.69287
Mozambique,MOZ,1982,95.4348
Mozambique,MOZ,1983,87.40555
Mozambique,MOZ,1984,91.88126
Mozambique,MOZ,1985,91.46321
Mozambique,MOZ,1986,90.32935
Mozambique,MOZ,1987,72.97222
Mozambique,MOZ,1988,67.72331
Mozambique,MOZ,1989,67.47918
Mozambique,MOZ,1990,69.08401
Mozambique,MOZ,1991,65.70047
Mozambique,MOZ,1992,63.69989
Mozambique,MOZ,1993,64.44734
Mozambique,MOZ,1994,65.38047
Mozambique,MOZ,1995,65.11373
Mozambique,MOZ,1998,62.59354
Mozambique,MOZ,1999,67.8009
Mozambique,MOZ,2000,73.22992
Mozambique,MOZ,2001,79.61247
Mozambique,MOZ,2002,83.0478
Mozambique,MOZ,2004,93.07639
Mozambique,MOZ,2005,100.05801
Mozambique,MOZ,2006,102.73772
Mozambique,MOZ,2007,109.3215
Mozambique,MOZ,2008,114.19458
Mozambique,MOZ,2009,115.10384
Mozambique,MOZ,2010,116.86721
Mozambique,MOZ,2011,113.59905
Mozambique,MOZ,2012,113.20078
Mozambique,MOZ,2013,114.11883
Mozambique,MOZ,2014,114.27752
Mozambique,MOZ,2015,114.82838
Mozambique,MOZ,2016,113.687874
Mozambique,MOZ,2017,111.56619
Mozambique,MOZ,2018,115.27099
Mozambique,MOZ,2019,117.86067
Mozambique,MOZ,2020,118.980064
Mozambique,MOZ,2022,119.162224
Myanmar,MMR,1971,86.52538
Myanmar,MMR,1972,85.28318
Myanmar,MMR,1973,86.2236
Myanmar,MMR,1974,86.10272
Myanmar,MMR,1976,86.06611
Myanmar,MMR,1977,86.81746
Myanmar,MMR,1978,88.98547
Myanmar,MMR,1979,90.64572
Myanmar,MMR,1980,92.47545
Myanmar,MMR,1981,95.46681
Myanmar,MMR,1982,100.22445
Myanmar,MMR,1983,102.06942
Myanmar,MMR,1984,103.08967
Myanmar,MMR,1985,101.28205
Myanmar,MMR,1986,102.09557
Myanmar,MMR,1987,107.29541
Myanmar,MMR,1988,106.51723
Myanmar,MMR,1989,108.02135
Myanmar,MMR,1990,99.12394
Myanmar,MMR,1991,108.85256
Myanmar,MMR,1992,118.07579
Myanmar,MMR,1993,119.59336
Myanmar,MMR,1994,120.6193
Myanmar,MMR,1995,114.59055
Myanmar,MMR,1996,113.29916
Myanmar,MMR,1997,107.96103
Myanmar,MMR,1999,99.00645
Myanmar,MMR,2000,101.41314
Myanmar,MMR,2001,99.76265
Myanmar,MMR,2002,99.82933
Myanmar,MMR,2003,102.38103
Myanmar,MMR,2004,103.6973
Myanmar,MMR,2005,104.43713
Myanmar,MMR,2006,105.1695
Myanmar,MMR,2007,106.16953
Myanmar,MMR,2008,108.06228
Myanmar,MMR,2009,108.31979
Myanmar,MMR,2010,109.49014
Myanmar,MMR,2014,115.44846
Myanmar,MMR,2016,119.91615
Myanmar,MMR,2017,121.79939
Myanmar,MMR,2018,120.21457
Namibia,NAM,1986,129.1449
Namibia,NAM,1987,132.49097
Namibia,NAM,1988,131.34781
Namibia,NAM,1989,127.75143
Namibia,NAM,1990,128.27942
Namibia,NAM,1991,138.33601
Namibia,NAM,1992,139.70815
Namibia,NAM,1993,138.52036
Namibia,NAM,1994,139.91833
Namibia,NAM,1995,135.47984
Namibia,NAM,1996,132.15508
Namibia,NAM,1997,128.63707
Namibia,NAM,1998,123.85931
Namibia,NAM,1999,116.87606
Namibia,NAM,2000,113.86626
Namibia,NAM,2001,112.32574
Namibia,NAM,2002,111.88403
Namibia,NAM,2003,112.01411
Namibia,NAM,2004,110.67636
Namibia,NAM,2005,112.36274
Namibia,NAM,2006,113.17867
Namibia,NAM,2007,116.05363
Namibia,NAM,2008,116.28927
Namibia,NAM,2009,116.96801
Namibia,NAM,2010,118.10914
Namibia,NAM,2011,119.05563
Namibia,NAM,2012,121.10369
Namibia,NAM,2013,122.73281
Namibia,NAM,2014,122.71194
Namibia,NAM,2015,124.62928
Namibia,NAM,2016,124.18271
Namibia,NAM,2017,125.87493
Namibia,NAM,2018,124.59168
Namibia,NAM,2019,124.15535
Namibia,NAM,2020,122.34525
Namibia,NAM,2021,121.824196
Namibia,NAM,2022,120.34193
Namibia,NAM,2023,119.46095
Namibia,NAM,2024,120.71933
Nauru,NRU,1971,76.78571
Nauru,NRU,1972,88.37366
Nauru,NRU,1973,89.74359
Nauru,NRU,1974,93.73737
Nauru,NRU,1985,123.80546
Nauru,NRU,1998,101.03281
Nauru,NRU,2000,98.5732
Nauru,NRU,2001,101.25156
Nauru,NRU,2002,97.81387
Nauru,NRU,2003,86.47799
Nauru,NRU,2004,98.90039
Nauru,NRU,2005,121.36638
Nauru,NRU,2006,96.93807
Nauru,NRU,2007,88.72126
Nauru,NRU,2008,92.88889
Nauru,NRU,2012,98.78788
Nauru,NRU,2014,109.65949
Nauru,NRU,2015,99.080154
Nauru,NRU,2016,112.50778
Nauru,NRU,2019,104.79955
Nauru,NRU,2020,102.25771
Nauru,NRU,2022,101.39037
Nauru,NRU,2023,109.89834
Nauru,NRU,2024,99.566864
Nauru,NRU,2025,94.40133
Nepal,NPL,1970,25.19648
Nepal,NPL,1981,68.37992
Nepal,NPL,1982,70.93414
Nepal,NPL,1983,76.34682
Nepal,NPL,1984,80.03657
Nepal,NPL,1985,80.68673
Nepal,NPL,1986,80.60709
Nepal,NPL,1987,82.61784
Nepal,NPL,1988,87.02104
Nepal,NPL,1989,101.57652
Nepal,NPL,1990,109.22473
Nepal,NPL,1991,109.97744
Nepal,NPL,1992,112.60219
Nepal,NPL,1993,111.68221
Nepal,NPL,1994,112.38568
Nepal,NPL,1995,112.07892
Nepal,NPL,1996,115.60837
Nepal,NPL,1997,113.21259
Nepal,NPL,1999,111.57822
Nepal,NPL,2000,114.34617
Nepal,NPL,2001,106.70214
Nepal,NPL,2002,110.70214
Nepal,NPL,2003,109.97863
Nepal,NPL,2004,112.83398
Nepal,NPL,2005,113.6567
Nepal,NPL,2006,128.36469
Nepal,NPL,2007,130.22464
Nepal,NPL,2008,128.88377
Nepal,NPL,2009,141.32368
Nepal,NPL,2010,147.08653
Nepal,NPL,2011,151.55048
Nepal,NPL,2012,149.36055
Nepal,NPL,2013,145.7261
Nepal,NPL,2014,143.00223
Nepal,NPL,2015,143.572
Nepal,NPL,2016,139.17769
Nepal,NPL,2017,135.34618
Nepal,NPL,2019,137.43376
Nepal,NPL,2020,121.90357
Nepal,NPL,2021,119.976326
Nepal,NPL,2022,121.2348
Nepal,NPL,2023,126.55368
Nepal,NPL,2024,124.6219
Nepal,NPL,2025,128.55875
Netherlands,NLD,2001,106.74068
Netherlands,NLD,2002,106.95832
Netherlands,NLD,2003,108.03084
Netherlands,NLD,2004,108.20137
Netherlands,NLD,2005,107.94099
Netherlands,NLD,2006,107.83991
Netherlands,NLD,2007,107.65289
Netherlands,NLD,2008,107.34829
Netherlands,NLD,2009,107.0194
Netherlands,NLD,2010,106.75036
Netherlands,NLD,2011,107.07278
Netherlands,NLD,2012,107.04824
Netherlands,NLD,2015,106.05942
Netherlands,NLD,2016,105.68037
Netherlands,NLD,2017,105.03942
Netherlands,NLD,2018,104.56111
Netherlands,NLD,2019,104.57891
Netherlands,NLD,2020,104.33881
Netherlands,NLD,2021,104.3784
Netherlands,NLD,2022,104.21545
Netherlands,NLD,2023,104.15657
New Caledonia,NCL,1982,134.72054
New Caledonia,NCL,1983,124.25121
New Caledonia,NCL,1984,123.8018
New Caledonia,NCL,1985,114.70124
New Caledonia,NCL,1986,114.34081
New Caledonia,NCL,1987,116.68406
New Caledonia,NCL,1988,121.15323
New Caledonia,NCL,1989,124.68628
New Caledonia,NCL,1990,120.62208
New Caledonia,NCL,1991,117.63621
New Caledonia,NCL,1992,115.76133
New Caledonia,NCL,1993,116.34524
New Caledonia,NCL,1994,116.01227
New Zealand,NZL,2000,98.77342
New Zealand,NZL,2001,99.18317
New Zealand,NZL,2002,99.50615
New Zealand,NZL,2003,99.95289
New Zealand,NZL,2004,99.66746
New Zealand,NZL,2005,99.82883
New Zealand,NZL,2006,99.59685
New Zealand,NZL,2007,99.46149
New Zealand,NZL,2008,99.32671
New Zealand,NZL,2009,99.06371
New Zealand,NZL,2010,99.03154
New Zealand,NZL,2011,99.07273
New Zealand,NZL,2012,98.88314
New Zealand,NZL,2013,98.87629
New Zealand,NZL,2014,98.65144
New Zealand,NZL,2015,98.53814
New Zealand,NZL,2016,98.58375
New Zealand,NZL,2017,98.48044
New Zealand,NZL,2018,98.55297
New Zealand,NZL,2019,98.2542
New Zealand,NZL,2020,97.53653
New Zealand,NZL,2021,97.91695
New Zealand,NZL,2022,96.55725
New Zealand,NZL,2023,96.86705
New Zealand,NZL,2024,96.69486
Nicaragua,NIC,1970,69.59002
Nicaragua,NIC,1971,71.52903
Nicaragua,NIC,1972,70.50762
Nicaragua,NIC,1973,71.76806
Nicaragua,NIC,1974,71.01841
Nicaragua,NIC,1975,72.55576
Nicaragua,NIC,1976,74.62871
Nicaragua,NIC,1977,73.58101
Nicaragua,NIC,1978,71.57061
Nicaragua,NIC,1979,77.20297
Nicaragua,NIC,1980,85.83278
Nicaragua,NIC,1982,86.8819
Nicaragua,NIC,1983,88.81298
Nicaragua,NIC,1984,85.82634
Nicaragua,NIC,1985,87.63923
Nicaragua,NIC,1986,84.54384
Nicaragua,NIC,1987,86.35905
Nicaragua,NIC,1988,86.57838
Nicaragua,NIC,1989,83.96352
Nicaragua,NIC,1990,87.26711
Nicaragua,NIC,1991,91.0975
Nicaragua,NIC,1992,93.36977
Nicaragua,NIC,1993,96.25299
Nicaragua,NIC,1994,98.51502
Nicaragua,NIC,1995,97.01859
Nicaragua,NIC,1996,95.60214
Nicaragua,NIC,1997,96.89178
Nicaragua,NIC,1998,97.03742
Nicaragua,NIC,1999,102.52862
Nicaragua,NIC,2000,103.33876
Nicaragua,NIC,2001,107.02789
Nicaragua,NIC,2002,114.21774
Nicaragua,NIC,2003,115.2928
Nicaragua,NIC,2004,117.80913
Nicaragua,NIC,2005,119.17774
Nicaragua,NIC,2006,123.00741
Nicaragua,NIC,2007,121.69915
Nicaragua,NIC,2008,121.10103
Nicaragua,NIC,2010,119.66678
Nicaragua,NIC,2023,109.53639
Niger,NER,1971,11.25046
Niger,NER,1972,11.70603
Niger,NER,1973,12.20135
Niger,NER,1974,13.0509
Niger,NER,1975,13.97928
Niger,NER,1976,16.07188
Niger,NER,1977,17.64158
Niger,NER,1978,19.075
Niger,NER,1979,19.77811
Niger,NER,1980,21.62883
Niger,NER,1981,22.98387
Niger,NER,1982,23.07495
Niger,NER,1983,22.95803
Niger,NER,1984,23.00834
Niger,NER,1985,22.42815
Niger,NER,1986,23.8008
Niger,NER,1987,24.46598
Niger,NER,1988,24.23511
Niger,NER,1989,25.27986
Niger,NER,1990,25.9602
Niger,NER,1991,26.91058
Niger,NER,1992,26.22637
Niger,NER,1993,26.58537
Niger,NER,1994,27.53064
Niger,NER,1995,27.81039
Niger,NER,1996,27.89506
Niger,NER,1997,28.53353
Niger,NER,1998,28.69028
Niger,NER,1999,30.47561
Niger,NER,2000,32.144
Niger,NER,2001,35.05072
Niger,NER,2002,39.00563
Niger,NER,2003,42.10911
Niger,NER,2004,46.04183
Niger,NER,2005,47.76868
Niger,NER,2006,48.2523
Niger,NER,2007,50.503
Niger,NER,2008,54.2273
Niger,NER,2009,57.96589
Niger,NER,2010,61.59861
Niger,NER,2011,65.25351
Niger,NER,2012,67.15489
Niger,NER,2013,68.050735
Niger,NER,2014,68.69225
Niger,NER,2015,70.89314
Niger,NER,2016,72.84769
Niger,NER,2017,74.37877
Niger,NER,2019,66.772736
Niger,NER,2021,65.86424
Niger,NER,2022,66.253975
Niger,NER,2023,66.88048
Niger,NER,2024,64.65348
Nigeria,NGA,1970,41.9058
Nigeria,NGA,1971,45.17626
Nigeria,NGA,1972,49.551
Nigeria,NGA,1973,51.14001
Nigeria,NGA,1976,49.0345
Nigeria,NGA,1977,59.87886
Nigeria,NGA,1978,76.002
Nigeria,NGA,1979,89.33972
Nigeria,NGA,1980,94.18321
Nigeria,NGA,1981,101.56426
Nigeria,NGA,1982,110.62364
Nigeria,NGA,1983,110.33412
Nigeria,NGA,1984,109.09046
Nigeria,NGA,1985,102.75814
Nigeria,NGA,1986,89.57832
Nigeria,NGA,1987,85.85673
Nigeria,NGA,1988,81.84438
Nigeria,NGA,1989,79.76165
Nigeria,NGA,1990,83.10286
Nigeria,NGA,1991,82.3225
Nigeria,NGA,1992,86.74438
Nigeria,NGA,1993,91.29586
Nigeria,NGA,1994,91.5379
Nigeria,NGA,1995,87.44753
Nigeria,NGA,1996,76.79721
Nigeria,NGA,1999,91.58309
Nigeria,NGA,2000,95.51016
Nigeria,NGA,2001,92.5249
Nigeria,NGA,2002,93.69762
Nigeria,NGA,2003,94.80959
Nigeria,NGA,2004,95.78091
Nigeria,NGA,2005,96.30635
Nigeria,NGA,2006,96.66244
Nigeria,NGA,2007,88.06885
Nigeria,NGA,2008,79.26875
Nigeria,NGA,2009,80.30917
Nigeria,NGA,2010,79.83004
Nigeria,NGA,2011,84.68056
Nigeria,NGA,2012,85.91259
Nigeria,NGA,2013,87.83497
Nigeria,NGA,2014,84.12166
Nigeria,NGA,2015,25.565756
Nigeria,NGA,2016,78.87805
Nigeria,NGA,2018,81.62785
Nigeria,NGA,2020,84.37158
Nigeria,NGA,2021,83.80926
Nigeria,NGA,2023,89.58711
Niue,NIU,1970,107.17703
Niue,NIU,1971,103.48162
Niue,NIU,1972,100.78201
Niue,NIU,1973,95.28205
Niue,NIU,1974,100.43243
Niue,NIU,1975,94.70656
Niue,NIU,1976,96.90211
Niue,NIU,1977,94.24364
Niue,NIU,1978,101.40056
Niue,NIU,1979,92.75148
Niue,NIU,1980,88.78505
Niue,NIU,1981,77.50411
Niue,NIU,1982,87.21541
Niue,NIU,1983,82.94118
Niue,NIU,1984,91.15044
Niue,NIU,1986,97.95918
Niue,NIU,1988,89.3401
Niue,NIU,1990,98.96907
Niue,NIU,1991,99.73118
Niue,NIU,1993,100.3096
Niue,NIU,1994,119.73244
Niue,NIU,1995,116.90141
Niue,NIU,1996,114.98127
Niue,NIU,1997,106.10687
Niue,NIU,1998,113.25301
Niue,NIU,1999,109.38776
Niue,NIU,2000,102.45902
Niue,NIU,2001,98.31933
Niue,NIU,2002,112.05357
Niue,NIU,2004,90.19608
Niue,NIU,2005,91.75258
Niue,NIU,2014,103.58974
Niue,NIU,2015,106.70103
Niue,NIU,2016,103.07692
Niue,NIU,2019,111.28205
Niue,NIU,2020,106.25
Niue,NIU,2021,113.82979
Niue,NIU,2022,92.57143
Niue,NIU,2023,110.90909
Niue,NIU,2024,113.92405
Niue,NIU,2025,101.29032
North Korea,PRK,2009,101.1568
North Korea,PRK,2018,92.06484
North Macedonia,MKD,1993,96.95753
North Macedonia,MKD,1994,99.45714
North Macedonia,MKD,1995,100.05013
North Macedonia,MKD,1996,101.08674
North Macedonia,MKD,1997,99.80795
North Macedonia,MKD,1998,97.92899
North Macedonia,MKD,1999,95.80728
North Macedonia,MKD,2000,101.57571
North Macedonia,MKD,2001,101.2312
North Macedonia,MKD,2002,99.62653
North Macedonia,MKD,2003,97.41909
North Macedonia,MKD,2004,97.44864
North Macedonia,MKD,2005,98.10469
North Macedonia,MKD,2006,97.4778
North Macedonia,MKD,2007,97.67881
North Macedonia,MKD,2008,91.80121
North Macedonia,MKD,2009,91.91325
North Macedonia,MKD,2010,92.33379
North Macedonia,MKD,2012,92.96671
North Macedonia,MKD,2013,96.97806
North Macedonia,MKD,2014,95.90014
North Macedonia,MKD,2015,96.88582
North Macedonia,MKD,2017,95.20241
North Macedonia,MKD,2018,95.56039
North Macedonia,MKD,2019,93.65385
North Macedonia,MKD,2020,93.43533
North Macedonia,MKD,2021,93.26246
North Macedonia,MKD,2022,97.48666
North Macedonia,MKD,2023,96.31317
Norway,NOR,2001,99.32576
Norway,NOR,2002,99.31546
Norway,NOR,2003,99.27851
Norway,NOR,2004,99.34581
Norway,NOR,2005,99.2598
Norway,NOR,2006,99.35831
Norway,NOR,2007,99.5712
Norway,NOR,2008,99.70825
Norway,NOR,2009,99.71005
Norway,NOR,2010,99.62551
Norway,NOR,2011,99.69268
Norway,NOR,2012,99.63052
Norway,NOR,2013,99.64456
Norway,NOR,2014,99.49542
Norway,NOR,2015,99.37405
Norway,NOR,2016,99.21894
Norway,NOR,2017,99.27149
Norway,NOR,2018,99.17442
Norway,NOR,2019,99.08065
Norway,NOR,2020,98.88575
Norway,NOR,2021,98.97319
Norway,NOR,2022,98.96676
Norway,NOR,2023,98.61044
Norway,NOR,2024,98.54392
Oman,OMN,1971,3.118
Oman,OMN,1972,13.16899
Oman,OMN,1973,20.09715
Oman,OMN,1974,27.84506
Oman,OMN,1975,36.75617
Oman,OMN,1976,39.53308
Oman,OMN,1977,43.45956
Oman,OMN,1978,47.06974
Oman,OMN,1979,49.83704
Oman,OMN,1980,51.17259
Oman,OMN,1981,53.80962
Oman,OMN,1982,56.95788
Oman,OMN,1983,62.22447
Oman,OMN,1984,68.17543
Oman,OMN,1985,74.23013
Oman,OMN,1986,78.08874
Oman,OMN,1987,81.14036
Oman,OMN,1988,82.86952
Oman,OMN,1989,84.20196
Oman,OMN,1990,85.02715
Oman,OMN,1991,86.54342
Oman,OMN,1992,88.37154
Oman,OMN,1993,90.15711
Oman,OMN,1994,90.68023
Oman,OMN,1995,90.54573
Oman,OMN,1996,90.86685
Oman,OMN,1997,91.39664
Oman,OMN,1998,91.22642
Oman,OMN,1999,91.51381
Oman,OMN,2000,92.62247
Oman,OMN,2001,93.13006
Oman,OMN,2002,92.99115
Oman,OMN,2003,96.4982
Oman,OMN,2005,96.95397
Oman,OMN,2006,95.92301
Oman,OMN,2007,93.54714
Oman,OMN,2008,91.81596
Oman,OMN,2009,100.96979
Oman,OMN,2011,111.14031
Oman,OMN,2012,103.3703
Oman,OMN,2013,105.94442
Oman,OMN,2014,105.67873
Oman,OMN,2015,104.03535
Oman,OMN,2016,103.31317
Oman,OMN,2017,101.83294
Oman,OMN,2018,101.0799
Oman,OMN,2019,97.735054
Oman,OMN,2020,90.63673
Oman,OMN,2021,89.19803
Oman,OMN,2022,89.245575
Oman,OMN,2024,94.72041
Pakistan,PAK,1971,45.18784
Pakistan,PAK,1972,45.30639
Pakistan,PAK,1973,47.67751
Pakistan,PAK,1974,50.06485
Pakistan,PAK,1975,50.57021
Pakistan,PAK,1976,51.72656
Pakistan,PAK,1977,53.18621
Pakistan,PAK,1978,46.92473
Pakistan,PAK,1979,46.62272
Pakistan,PAK,1980,45.89708
Pakistan,PAK,1981,46.5877
Pakistan,PAK,1982,47.2618
Pakistan,PAK,1983,49.19539
Pakistan,PAK,1984,49.34682
Pakistan,PAK,1985,50.7522
Pakistan,PAK,1986,50.77264
Pakistan,PAK,1987,52.38218
Pakistan,PAK,1988,52.21524
Pakistan,PAK,1989,51.95591
Pakistan,PAK,1990,51.88595
Pakistan,PAK,2000,62.76931
Pakistan,PAK,2001,62.63623
Pakistan,PAK,2002,62.92421
Pakistan,PAK,2003,64.72727
Pakistan,PAK,2004,68.61565
Pakistan,PAK,2005,71.95335
Pakistan,PAK,2006,68.53365
Pakistan,PAK,2007,72.81587
Pakistan,PAK,2008,72.64299
Pakistan,PAK,2009,72.93438
Pakistan,PAK,2010,73.64274
Pakistan,PAK,2011,70.44067
Pakistan,PAK,2012,69.90386
Pakistan,PAK,2013,68.88757
Pakistan,PAK,2014,72.1898
Pakistan,PAK,2015,71.73992
Pakistan,PAK,2016,75.73364
Pakistan,PAK,2017,74.49715
Pakistan,PAK,2018,77.38627
Pakistan,PAK,2019,78.70255
Pakistan,PAK,2021,80.31658
Pakistan,PAK,2022,78.940025
Pakistan,PAK,2023,81.37963
Pakistan,PAK,2024,83.72607
Palau,PLW,1999,114.65621
Palau,PLW,2000,114.16814
Palau,PLW,2003,113.1699
Palau,PLW,2004,108.3528
Palau,PLW,2005,109.5267
Palau,PLW,2006,107.80742
Palau,PLW,2007,107.82123
Palau,PLW,2013,116.396904
Palau,PLW,2014,112.72352
Palau,PLW,2020,105.47092
Palau,PLW,2021,108.98955
Palau,PLW,2022,92.01414
Palau,PLW,2023,100.71891
Palau,PLW,2024,106.93727
Palestine,PSE,1995,87.42282
Palestine,PSE,1996,89.20224
Palestine,PSE,1997,91.34205
Palestine,PSE,1999,95.123
Palestine,PSE,2000,97.33446
Palestine,PSE,2001,97.6896
Palestine,PSE,2002,97.25425
Palestine,PSE,2003,96.56374
Palestine,PSE,2004,93.6227
Palestine,PSE,2005,92.99116
Palestine,PSE,2006,91.14393
Palestine,PSE,2007,90.84383
Palestine,PSE,2008,91.21504
Palestine,PSE,2009,91.48709
Palestine,PSE,2010,92.49508
Palestine,PSE,2011,93.221535
Palestine,PSE,2012,94.70613
Palestine,PSE,2013,94.772644
Palestine,PSE,2014,96.0595
Palestine,PSE,2015,96.37065
Palestine,PSE,2016,96.50699
Palestine,PSE,2017,97.57356
Palestine,PSE,2018,96.55805
Palestine,PSE,2019,95.61666
Palestine,PSE,2020,94.65308
Palestine,PSE,2021,92.70299
Palestine,PSE,2022,91.45164
Palestine,PSE,2023,91.44224
Panama,PAN,1970,100.53915
Panama,PAN,1971,109.59074
Panama,PAN,1972,112.99315
Panama,PAN,1973,114.72471
Panama,PAN,1974,115.21274
Panama,PAN,1975,114.86089
Panama,PAN,1976,114.19439
Panama,PAN,1977,112.64626
Panama,PAN,1978,111.70285
Panama,PAN,1979,109.00987
Panama,PAN,1980,106.77832
Panama,PAN,1981,104.90512
Panama,PAN,1982,104.45793
Panama,PAN,1983,103.47686
Panama,PAN,1984,104.09279
Panama,PAN,1985,104.02223
Panama,PAN,1986,104.52484
Panama,PAN,1987,104.545
Panama,PAN,1988,103.22779
Panama,PAN,1989,103.41074
Panama,PAN,1990,102.0146
Panama,PAN,1991,100.05087
Panama,PAN,1992,99.35042
Panama,PAN,1993,99.10682
Panama,PAN,1994,98.17064
Panama,PAN,1995,98.14998
Panama,PAN,1996,99.85986
Panama,PAN,1999,103.51885
Panama,PAN,2000,104.72345
Panama,PAN,2001,105.98447
Panama,PAN,2002,108.21376
Panama,PAN,2003,107.40636
Panama,PAN,2004,108.9472
Panama,PAN,2005,107.9772
Panama,PAN,2006,108.62091
Panama,PAN,2007,109.87202
Panama,PAN,2008,108.60878
Panama,PAN,2009,106.59695
Panama,PAN,2010,105.50477
Panama,PAN,2011,104.52301
Panama,PAN,2012,103.146454
Panama,PAN,2013,102.08802
Panama,PAN,2014,99.13261
Panama,PAN,2015,96.20508
Panama,PAN,2016,93.4375
Panama,PAN,2017,94.7657
Panama,PAN,2019,93.32864
Panama,PAN,2020,95.20488
Panama,PAN,2021,100.88841
Panama,PAN,2022,101.56323
Panama,PAN,2023,95.20339
Panama,PAN,2024,96.93853
Papua New Guinea,PNG,1970,46.91352
Papua New Guinea,PNG,1971,46.63787
Papua New Guinea,PNG,1972,47.21443
Papua New Guinea,PNG,1973,48.75796
Papua New Guinea,PNG,1974,49.81552
Papua New Guinea,PNG,1975,50.48436
Papua New Guinea,PNG,1976,52.14018
Papua New Guinea,PNG,1977,52.03596
Papua New Guinea,PNG,1978,53.30683
Papua New Guinea,PNG,1979,55.73075
Papua New Guinea,PNG,1980,59.53996
Papua New Guinea,PNG,1981,59.07318
Papua New Guinea,PNG,1982,60.60284
Papua New Guinea,PNG,1984,65.18124
Papua New Guinea,PNG,1986,67.20362
Papua New Guinea,PNG,1987,67.93133
Papua New Guinea,PNG,1988,69.02293
Papua New Guinea,PNG,1989,71.29173
Papua New Guinea,PNG,1990,69.46975
Papua New Guinea,PNG,1991,68.81501
Papua New Guinea,PNG,1992,69.96938
Papua New Guinea,PNG,1993,72.83387
Papua New Guinea,PNG,1994,74.34045
Papua New Guinea,PNG,1995,73.44695
Papua New Guinea,PNG,1996,72.14585
Papua New Guinea,PNG,1997,71.44505
Papua New Guinea,PNG,1998,74.74896
Papua New Guinea,PNG,2000,68.38529
Papua New Guinea,PNG,2001,61.99064
Papua New Guinea,PNG,2002,59.66828
Papua New Guinea,PNG,2003,56.18483
Papua New Guinea,PNG,2004,56.02398
Papua New Guinea,PNG,2005,57.02937
Papua New Guinea,PNG,2006,55.56141
Papua New Guinea,PNG,2008,59.44296
Papua New Guinea,PNG,2012,100.86079
Papua New Guinea,PNG,2014,101.784195
Papua New Guinea,PNG,2016,104.50506
Papua New Guinea,PNG,2018,110.1338
Papua New Guinea,PNG,2019,105.31801
Papua New Guinea,PNG,2020,102.05354
Papua New Guinea,PNG,2021,101.94112
Papua New Guinea,PNG,2022,111.08615
Papua New Guinea,PNG,2023,121.090485
Paraguay,PRY,1970,104.79895
Paraguay,PRY,1971,104.84509
Paraguay,PRY,1972,99.68361
Paraguay,PRY,1973,102.67716
Paraguay,PRY,1974,101.24569
Paraguay,PRY,1975,98.97945
Paraguay,PRY,1976,101.2289
Paraguay,PRY,1977,102.85405
Paraguay,PRY,1978,105.40588
Paraguay,PRY,1979,107.21571
Paraguay,PRY,1980,109.59189
Paraguay,PRY,1981,110.87654
Paraguay,PRY,1982,109.60833
Paraguay,PRY,1983,111.70962
Paraguay,PRY,1984,111.59237
Paraguay,PRY,1985,111.4734
Paraguay,PRY,1986,110.409
Paraguay,PRY,1987,110.98011
Paraguay,PRY,1988,112.1446
Paraguay,PRY,1989,113.01499
Paraguay,PRY,1990,113.65352
Paraguay,PRY,1991,114.65413
Paraguay,PRY,1992,110.61518
Paraguay,PRY,1993,118.04961
Paraguay,PRY,1994,116.30102
Paraguay,PRY,1995,117.29685
Paraguay,PRY,1996,119.20758
Paraguay,PRY,1997,118.4365
Paraguay,PRY,1998,123.40793
Paraguay,PRY,1999,120.88362
Paraguay,PRY,2000,121.56992
Paraguay,PRY,2001,120.68258
Paraguay,PRY,2002,119.55433
Paraguay,PRY,2003,115.7758
Paraguay,PRY,2004,115.57207
Paraguay,PRY,2005,116.59678
Paraguay,PRY,2006,114.91061
Paraguay,PRY,2007,113.68162
Paraguay,PRY,2008,112.59061
Paraguay,PRY,2009,111.87124
Paraguay,PRY,2010,112.19943
Paraguay,PRY,2011,111.292625
Paraguay,PRY,2012,115.08792
Paraguay,PRY,2016,100.61236
Paraguay,PRY,2020,90.83429
Paraguay,PRY,2021,92.522
Paraguay,PRY,2022,91.02864
Paraguay,PRY,2023,90.35327
Paraguay,PRY,2024,89.438644
Peru,PER,1970,106.73199
Peru,PER,1971,107.93899
Peru,PER,1972,108.62636
Peru,PER,1973,111.56323
Peru,PER,1974,112.67767
Peru,PER,1975,113.74352
Peru,PER,1976,115.63348
Peru,PER,1977,115.13703
Peru,PER,1978,114.98756
Peru,PER,1979,113.04585
Peru,PER,1980,112.02545
Peru,PER,1981,112.5742
Peru,PER,1982,115.58236
Peru,PER,1983,113.75078
Peru,PER,1984,113.6266
Peru,PER,1985,119.06512
Peru,PER,1986,113.76919
Peru,PER,1987,114.16472
Peru,PER,1988,114.6268
Peru,PER,1989,115.08301
Peru,PER,1990,115.28871
Peru,PER,1991,113.66634
Peru,PER,1992,111.03105
Peru,PER,1993,111.87199
Peru,PER,1994,113.52669
Peru,PER,1995,114.88346
Peru,PER,1996,114.47262
Peru,PER,1997,113.49412
Peru,PER,1998,116.30691
Peru,PER,1999,116.96557
Peru,PER,2000,116.37729
Peru,PER,2001,116.05117
Peru,PER,2002,115.81926
Peru,PER,2003,114.65722
Peru,PER,2004,114.19228
Peru,PER,2005,114.13503
Peru,PER,2006,114.31338
Peru,PER,2007,114.93286
Peru,PER,2008,112.58444
Peru,PER,2009,112.00822
Peru,PER,2010,112.18659
Peru,PER,2011,109.57214
Peru,PER,2012,103.61678
Peru,PER,2013,105.15219
Peru,PER,2014,102.94986
Peru,PER,2015,102.78798
Peru,PER,2016,104.08795
Peru,PER,2017,102.80749
Peru,PER,2018,104.41258
Peru,PER,2019,108.46997
Peru,PER,2020,113.06583
Peru,PER,2021,113.82921
Peru,PER,2022,114.34932
Peru,PER,2023,113.90059
Peru,PER,2024,112.78778
Philippines,PHL,1971,99.53594
Philippines,PHL,1972,97.47063
Philippines,PHL,1973,95.65134
Philippines,PHL,1974,96.5135
Philippines,PHL,1975,97.99102
Philippines,PHL,1976,98.98884
Philippines,PHL,1977,100.59112
Philippines,PHL,1978,100.12954
Philippines,PHL,1979,103.03244
Philippines,PHL,1980,101.18561
Philippines,PHL,1981,105.08545
Philippines,PHL,1982,104.10869
Philippines,PHL,1983,103.74017
Philippines,PHL,1984,103.90519
Philippines,PHL,1985,103.02027
Philippines,PHL,1986,102.25818
Philippines,PHL,1987,102.87553
Philippines,PHL,1988,104.65687
Philippines,PHL,1989,106.02413
Philippines,PHL,1990,106.46633
Philippines,PHL,1991,105.011
Philippines,PHL,1992,103.30498
Philippines,PHL,1993,102.1622
Philippines,PHL,1994,100.19604
Philippines,PHL,1995,99.31846
Philippines,PHL,1996,102.63911
Philippines,PHL,1997,103.28464
Philippines,PHL,1998,102.76527
Philippines,PHL,1999,103.61452
Philippines,PHL,2000,104.05279
Philippines,PHL,2001,103.30567
Philippines,PHL,2002,102.62074
Philippines,PHL,2003,102.73258
Philippines,PHL,2004,102.27513
Philippines,PHL,2005,101.72032
Philippines,PHL,2006,100.08729
Philippines,PHL,2007,100.31091
Philippines,PHL,2008,101.46586
Philippines,PHL,2009,102.75916
Philippines,PHL,2014,104.62999
Philippines,PHL,2015,103.408356
Philippines,PHL,2016,101.72194
Philippines,PHL,2017,99.36668
Philippines,PHL,2018,94.55414
Philippines,PHL,2019,93.00769
Philippines,PHL,2020,93.28224
Philippines,PHL,2021,88.83451
Philippines,PHL,2022,90.613144
Philippines,PHL,2023,92.44621
Philippines,PHL,2024,94.03309
Poland,POL,2001,100.53023
Poland,POL,2002,100.3001
Poland,POL,2003,100.18323
Poland,POL,2004,100.0515
Poland,POL,2005,99.92912
Poland,POL,2006,99.63752
Poland,POL,2007,99.11749
Poland,POL,2008,98.23864
Poland,POL,2009,98.03965
Poland,POL,2010,98.61964
Poland,POL,2011,99.25835
Poland,POL,2012,100.68082
Poland,POL,2013,100.0735
Poland,POL,2014,99.56371
Poland,POL,2017,97.68033
Poland,POL,2018,94.48976
Poland,POL,2019,94.94496
Poland,POL,2020,82.21154
Poland,POL,2021,96.60182
Poland,POL,2022,100.59427
Poland,POL,2023,105.39708
Poland,POL,2024,105.35851
Portugal,PRT,2001,119.48236
Portugal,PRT,2002,115.04089
Portugal,PRT,2003,115.23744
Portugal,PRT,2004,114.67215
Portugal,PRT,2005,114.44255
Portugal,PRT,2006,113.98116
Portugal,PRT,2007,113.06312
Portugal,PRT,2008,112.71749
Portugal,PRT,2009,110.98108
Portugal,PRT,2010,109.77263
Portugal,PRT,2011,109.65161
Portugal,PRT,2012,108.39537
Portugal,PRT,2013,109.37364
Portugal,PRT,2014,107.8133
Portugal,PRT,2015,106.22938
Portugal,PRT,2016,105.03591
Portugal,PRT,2017,104.20973
Portugal,PRT,2018,104.37857
Portugal,PRT,2019,104.89768
Portugal,PRT,2020,105.75347
Portugal,PRT,2021,105.67217
Portugal,PRT,2022,108.10352
Portugal,PRT,2023,110.98852
Puerto Rico,PRI,1971,113.22375
Puerto Rico,PRI,1972,114.50159
Puerto Rico,PRI,1973,114.09537
Puerto Rico,PRI,1974,112.49696
Puerto Rico,PRI,1975,107.95491
Puerto Rico,PRI,1976,106.41983
Puerto Rico,PRI,1977,109.51344
Puerto Rico,PRI,1982,92.9049
Puerto Rico,PRI,2009,97.11965
Puerto Rico,PRI,2010,99.17319
Puerto Rico,PRI,2011,92.79182
Puerto Rico,PRI,2012,95.89433
Puerto Rico,PRI,2013,97.87828
Puerto Rico,PRI,2014,99.82999
Puerto Rico,PRI,2015,100.33836
Puerto Rico,PRI,2016,94.41982
Puerto Rico,PRI,2018,95.08533
Puerto Rico,PRI,2023,88.08467
Puerto Rico,PRI,2024,87.92788
Qatar,QAT,1971,102.62978
Qatar,QAT,1972,98.27702
Qatar,QAT,1973,93.57986
Qatar,QAT,1974,89.17728
Qatar,QAT,1975,91.35889
Qatar,QAT,1976,91.9838
Qatar,QAT,1977,94.569
Qatar,QAT,1978,94.59263
Qatar,QAT,1979,95.30038
Qatar,QAT,1980,97.46012
Qatar,QAT,1981,99.67194
Qatar,QAT,1982,104.35422
Qatar,QAT,1983,107.16155
Qatar,QAT,1984,105.9587
Qatar,QAT,1985,106.72682
Qatar,QAT,1986,108.29336
Qatar,QAT,1987,106.94748
Qatar,QAT,1988,108.98979
Qatar,QAT,1989,111.58879
Qatar,QAT,1990,112.04955
Qatar,QAT,1991,107.22708
Qatar,QAT,1992,104.923
Qatar,QAT,1993,101.82864
Qatar,QAT,1994,103.96754
Qatar,QAT,1995,100.34456
Qatar,QAT,1996,99.52124
Qatar,QAT,1997,99.81342
Qatar,QAT,1998,105.03875
Qatar,QAT,1999,104.54958
Qatar,QAT,2001,94.38367
Qatar,QAT,2002,95.14749
Qatar,QAT,2003,96.90648
Qatar,QAT,2004,93.36791
Qatar,QAT,2005,96.10188
Qatar,QAT,2006,94.61222
Qatar,QAT,2007,98.26396
Qatar,QAT,2008,98.57046
Qatar,QAT,2009,103.21176
Qatar,QAT,2010,103.012955
Qatar,QAT,2011,99.263245
Qatar,QAT,2012,102.53756
Qatar,QAT,2013,100.07085
Qatar,QAT,2014,97.98277
Qatar,QAT,2015,101.07326
Qatar,QAT,2016,103.68812
Qatar,QAT,2017,106.12197
Qatar,QAT,2018,107.08343
Qatar,QAT,2019,102.27394
Qatar,QAT,2020,100.98497
Qatar,QAT,2021,89.569405
Qatar,QAT,2022,94.19713
Qatar,QAT,2023,95.43876
Qatar,QAT,2024,97.5567
Reunion,REU,1971,147.89151
Reunion,REU,1972,143.33401
Reunion,REU,1973,134.71503
Reunion,REU,1974,134.93832
Reunion,REU,1975,134.70728
Reunion,REU,1976,132.86646
Reunion,REU,1977,134.14995
Reunion,REU,1978,133.90146
Reunion,REU,1979,134.50261
Reunion,REU,1980,135.12283
Reunion,REU,1981,122.9635
Reunion,REU,1982,124.43618
Reunion,REU,1983,116.96857
Reunion,REU,1984,111.69097
Reunion,REU,1985,106.30199
Reunion,REU,1986,103.46829
Reunion,REU,1987,102.19325
Reunion,REU,1988,100.07814
Reunion,REU,1989,101.53793
Reunion,REU,1990,99.62776
Reunion,REU,1991,97.50169
Reunion,REU,1992,96.74902
Reunion,REU,1993,98.2162
Reunion,REU,1994,98.20623
Reunion,REU,1995,103.22862
Reunion,REU,1996,106.11017
Romania,ROU,2001,105.79028
Romania,ROU,2002,105.53022
Romania,ROU,2003,102.83062
Romania,ROU,2004,105.12234
Romania,ROU,2005,102.18784
Romania,ROU,2006,101.634
Romania,ROU,2007,100.08549
Romania,ROU,2008,98.58095
Romania,ROU,2009,100.86079
Romania,ROU,2010,99.974
Romania,ROU,2011,98.37905
Romania,ROU,2012,96.24155
Romania,ROU,2015,89.05341
Romania,ROU,2016,87.58959
Romania,ROU,2017,87.2724
Romania,ROU,2018,91.37512
Romania,ROU,2019,92.614
Romania,ROU,2020,91.90474
Romania,ROU,2021,90.77317
Romania,ROU,2022,84.88128
Romania,ROU,2023,84.94666
Russia,RUS,1971,105.59759
Russia,RUS,1972,105.42747
Russia,RUS,1973,106.83119
Russia,RUS,1974,106.41544
Russia,RUS,1975,105.34386
Russia,RUS,1976,103.55034
Russia,RUS,1977,102.78511
Russia,RUS,1978,101.48703
Russia,RUS,1979,101.39178
Russia,RUS,1980,101.05387
Russia,RUS,1981,100.35687
Russia,RUS,1982,99.9163
Russia,RUS,1983,100.31514
Russia,RUS,1984,99.85431
Russia,RUS,1985,100.98559
Russia,RUS,1986,101.56527
Russia,RUS,1987,104.87679
Russia,RUS,1988,105.50392
Russia,RUS,1989,109.82881
Russia,RUS,1990,110.82725
Russia,RUS,1991,111.37441
Russia,RUS,1992,106.69541
Russia,RUS,1993,107.10562
Russia,RUS,1994,105.6204
Russia,RUS,1995,105.38634
Russia,RUS,1996,106.25327
Russia,RUS,1997,108.58939
Russia,RUS,1998,110.05243
Russia,RUS,1999,111.43861
Russia,RUS,2000,110.8098
Russia,RUS,2001,115.6665
Russia,RUS,2002,122.04639
Russia,RUS,2003,126.57464
Russia,RUS,2005,96.79379
Russia,RUS,2006,96.52808
Russia,RUS,2007,96.10588
Russia,RUS,2008,95.32221
Russia,RUS,2009,95.51983
Russia,RUS,2011,96.13341
Russia,RUS,2012,97.26223
Russia,RUS,2013,96.94842
Russia,RUS,2014,97.49627
Russia,RUS,2015,98.382774
Russia,RUS,2016,98.33413
Russia,RUS,2017,100.7676
Russia,RUS,2018,102.018364
Russia,RUS,2019,101.83234
Russia,RUS,2020,101.73105
Russia,RUS,2021,100.89035
Russia,RUS,2022,100.12256
Russia,RUS,2023,97.7462
Rwanda,RWA,1971,58.26333
Rwanda,RWA,1972,55.57034
Rwanda,RWA,1973,54.38319
Rwanda,RWA,1974,53.65348
Rwanda,RWA,1975,51.59039
Rwanda,RWA,1976,52.7824
Rwanda,RWA,1977,55.96722
Rwanda,RWA,1978,58.33598
Rwanda,RWA,1979,63.18653
Rwanda,RWA,1980,66.51321
Rwanda,RWA,1981,70.83337
Rwanda,RWA,1982,71.94339
Rwanda,RWA,1983,69.1657
Rwanda,RWA,1984,67.86669
Rwanda,RWA,1985,67.2316
Rwanda,RWA,1986,67.97492
Rwanda,RWA,1987,70.25236
Rwanda,RWA,1988,72.03897
Rwanda,RWA,1989,73.01355
Rwanda,RWA,1990,71.79302
Rwanda,RWA,1991,71.84003
Rwanda,RWA,1992,73.6616
Rwanda,RWA,1997,75.36327
Rwanda,RWA,1998,78.40764
Rwanda,RWA,1999,82.28796
Rwanda,RWA,2000,118.31573
Rwanda,RWA,2001,121.94497
Rwanda,RWA,2002,123.55024
Rwanda,RWA,2003,123.16227
Rwanda,RWA,2004,131.43446
Rwanda,RWA,2005,138.09166
Rwanda,RWA,2006,148.04749
Rwanda,RWA,2007,154.81601
Rwanda,RWA,2008,154.72456
Rwanda,RWA,2009,156.61426
Rwanda,RWA,2010,155.3158
Rwanda,RWA,2011,154.12964
Rwanda,RWA,2012,153.37183
Rwanda,RWA,2013,123.706
Rwanda,RWA,2014,138.31581
Rwanda,RWA,2015,137.2432
Rwanda,RWA,2016,140.62003
Rwanda,RWA,2017,139.30995
Rwanda,RWA,2018,137.12935
Rwanda,RWA,2019,138.02008
Rwanda,RWA,2021,151.06357
Rwanda,RWA,2022,148.75249
Rwanda,RWA,2023,151.89482
Rwanda,RWA,2024,149.57219
Saint Helena,SHN,1981,81.29252
Saint Helena,SHN,1982,78.23458
Saint Helena,SHN,1983,77.16437
Saint Helena,SHN,1984,76.50919
Saint Helena,SHN,1985,79.48718
Saint Helena,SHN,1986,79.29155
Saint Helena,SHN,1998,95.65217
Saint Kitts and Nevis,KNA,1976,106.96149
Saint Kitts and Nevis,KNA,1977,110.73877
Saint Kitts and Nevis,KNA,1978,107.99842
Saint Kitts and Nevis,KNA,1979,105.12303
Saint Kitts and Nevis,KNA,1980,112.99742
Saint Kitts and Nevis,KNA,1981,98.53894
Saint Kitts and Nevis,KNA,1982,99.42375
Saint Kitts and Nevis,KNA,1984,117.86184
Saint Kitts and Nevis,KNA,1985,113.93064
Saint Kitts and Nevis,KNA,1986,117.02128
Saint Kitts and Nevis,KNA,1987,117.19784
Saint Kitts and Nevis,KNA,1988,114.35248
Saint Kitts and Nevis,KNA,1989,113.02178
Saint Kitts and Nevis,KNA,1990,116.17157
Saint Kitts and Nevis,KNA,1991,110.0501
Saint Kitts and Nevis,KNA,1992,110.35535
Saint Kitts and Nevis,KNA,1993,108.28865
Saint Kitts and Nevis,KNA,1994,109.12448
Saint Kitts and Nevis,KNA,1995,107.16713
Saint Kitts and Nevis,KNA,1998,100.29832
Saint Kitts and Nevis,KNA,2000,111.08971
Saint Kitts and Nevis,KNA,2001,109.21951
Saint Kitts and Nevis,KNA,2002,106.87023
Saint Kitts and Nevis,KNA,2003,108.58355
Saint Kitts and Nevis,KNA,2004,109.9381
Saint Kitts and Nevis,KNA,2005,109.70974
Saint Kitts and Nevis,KNA,2007,108.43289
Saint Kitts and Nevis,KNA,2008,116.00072
Saint Kitts and Nevis,KNA,2009,116.26285
Saint Kitts and Nevis,KNA,2010,118.55572
Saint Kitts and Nevis,KNA,2011,117.53285
Saint Kitts and Nevis,KNA,2012,116.37966
Saint Kitts and Nevis,KNA,2013,114.31786
Saint Kitts and Nevis,KNA,2014,114.98337
Saint Kitts and Nevis,KNA,2015,117.22067
Saint Kitts and Nevis,KNA,2016,125.30453
Saint Kitts and Nevis,KNA,2017,124.00371
Saint Kitts and Nevis,KNA,2018,130.08455
Saint Kitts and Nevis,KNA,2019,129.53181
Saint Kitts and Nevis,KNA,2020,129.31885
Saint Kitts and Nevis,KNA,2021,138.73167
Saint Kitts and Nevis,KNA,2022,127.689995
Saint Kitts and Nevis,KNA,2023,121.11875
Saint Lucia,LCA,1971,94.41184
Saint Lucia,LCA,1972,99.91749
Saint Lucia,LCA,1973,105.50029
Saint Lucia,LCA,1974,109.16004
Saint Lucia,LCA,1975,111.71704
Saint Lucia,LCA,1976,115.2012
Saint Lucia,LCA,1977,120.16411
Saint Lucia,LCA,1978,123.7305
Saint Lucia,LCA,1979,127.45662
Saint Lucia,LCA,1980,125.87384
Saint Lucia,LCA,1981,121.51623
Saint Lucia,LCA,1982,127.1923
Saint Lucia,LCA,1983,128.66219
Saint Lucia,LCA,1984,129.02669
Saint Lucia,LCA,1985,131.77484
Saint Lucia,LCA,1986,129.35358
Saint Lucia,LCA,1987,127.68823
Saint Lucia,LCA,1988,125.79173
Saint Lucia,LCA,1989,128.73634
Saint Lucia,LCA,1990,131.1805
Saint Lucia,LCA,1991,133.19075
Saint Lucia,LCA,1992,129.97331
Saint Lucia,LCA,1993,128.75851
Saint Lucia,LCA,1994,126.12783
Saint Lucia,LCA,1995,120.55997
Saint Lucia,LCA,1996,123.53081
Saint Lucia,LCA,1997,124.97529
Saint Lucia,LCA,1998,124.61192
Saint Lucia,LCA,1999,102.62778
Saint Lucia,LCA,2000,103.17919
Saint Lucia,LCA,2001,105.75662
Saint Lucia,LCA,2002,104.27479
Saint Lucia,LCA,2003,103.55683
Saint Lucia,LCA,2004,101.37027
Saint Lucia,LCA,2005,100.85569
Saint Lucia,LCA,2006,104.72084
Saint Lucia,LCA,2007,98.56369
Saint Lucia,LCA,2008,97.62216
Saint Lucia,LCA,2009,98.12852
Saint Lucia,LCA,2010,98.38905
Saint Lucia,LCA,2011,97.87609
Saint Lucia,LCA,2012,96.91733
Saint Lucia,LCA,2013,97.36135
Saint Lucia,LCA,2014,96.87833
Saint Lucia,LCA,2015,95.271
Saint Lucia,LCA,2016,94.93707
Saint Lucia,LCA,2017,95.50836
Saint Lucia,LCA,2018,96.82811
Saint Lucia,LCA,2019,97.7209
Saint Lucia,LCA,2020,98.42925
Saint Lucia,LCA,2022,102.9642
Saint Lucia,LCA,2023,101.37098
Saint Lucia,LCA,2024,96.782295
Saint Pierre and Miquelon,SPM,1981,118.75994
Saint Pierre and Miquelon,SPM,1982,120.58319
Saint Pierre and Miquelon,SPM,1983,121.26126
Saint Pierre and Miquelon,SPM,1984,122.61682
Saint Pierre and Miquelon,SPM,1985,118.60465
Saint Pierre and Miquelon,SPM,1986,110.27668
Saint Pierre and Miquelon,SPM,1987,111.64659
Saint Pierre and Miquelon,SPM,1990,111.2
Saint Pierre and Miquelon,SPM,1991,112.55061
Saint Pierre and Miquelon,SPM,1992,113.77871
Saint Pierre and Miquelon,SPM,1993,114.75054
Saint Pierre and Miquelon,SPM,1994,116.17312
Saint Pierre and Miquelon,SPM,1995,116.86461
Saint Vincent and the Grenadines,VCT,1971,134.70625
Saint Vincent and the Grenadines,VCT,1972,163.3357
Saint Vincent and the Grenadines,VCT,1974,102.39637
Saint Vincent and the Grenadines,VCT,1975,98.18078
Saint Vincent and the Grenadines,VCT,1976,103.60292
Saint Vincent and the Grenadines,VCT,1982,101.954
Saint Vincent and the Grenadines,VCT,1984,108.01944
Saint Vincent and the Grenadines,VCT,1986,120.15557
Saint Vincent and the Grenadines,VCT,1987,109.48504
Saint Vincent and the Grenadines,VCT,1991,108.84387
Saint Vincent and the Grenadines,VCT,1994,114.15608
Saint Vincent and the Grenadines,VCT,1998,118.66455
Saint Vincent and the Grenadines,VCT,1999,118.02011
Saint Vincent and the Grenadines,VCT,2000,114.66914
Saint Vincent and the Grenadines,VCT,2001,114.24117
Saint Vincent and the Grenadines,VCT,2002,110.48141
Saint Vincent and the Grenadines,VCT,2003,115.84479
Saint Vincent and the Grenadines,VCT,2004,110.72105
Saint Vincent and the Grenadines,VCT,2005,113.44895
Saint Vincent and the Grenadines,VCT,2007,107.0574
Saint Vincent and the Grenadines,VCT,2008,107.74887
Saint Vincent and the Grenadines,VCT,2009,106.77505
Saint Vincent and the Grenadines,VCT,2010,106.83887
Saint Vincent and the Grenadines,VCT,2011,102.39062
Saint Vincent and the Grenadines,VCT,2012,109.24915
Saint Vincent and the Grenadines,VCT,2013,110.92184
Saint Vincent and the Grenadines,VCT,2014,112.04105
Saint Vincent and the Grenadines,VCT,2015,113.4488
Saint Vincent and the Grenadines,VCT,2016,113.22847
Saint Vincent and the Grenadines,VCT,2017,113.04348
Saint Vincent and the Grenadines,VCT,2018,115.12084
Saint Vincent and the Grenadines,VCT,2019,113.97169
Saint Vincent and the Grenadines,VCT,2020,115.48484
Saint Vincent and the Grenadines,VCT,2021,114.6461
Saint Vincent and the Grenadines,VCT,2022,111.96942
Saint Vincent and the Grenadines,VCT,2023,111.2707
Saint Vincent and the Grenadines,VCT,2024,111.436844
Samoa,WSM,1970,84.03587
Samoa,WSM,1971,84.60991
Samoa,WSM,1972,86.49275
Samoa,WSM,1973,91.56449
Samoa,WSM,1975,93.80082
Samoa,WSM,1976,93.42564
Samoa,WSM,1977,93.83327
Samoa,WSM,1978,93.76619
Samoa,WSM,1979,95.03834
Samoa,WSM,1980,92.79854
Samoa,WSM,1981,91.21321
Samoa,WSM,1982,89.87405
Samoa,WSM,1983,91.82602
Samoa,WSM,1986,99.41652
Samoa,WSM,1994,98.86978
Samoa,WSM,1995,99.94488
Samoa,WSM,1996,97.90851
Samoa,WSM,1997,98.00172
Samoa,WSM,1998,96.88228
Samoa,WSM,1999,95.56435
Samoa,WSM,2000,96.67472
Samoa,WSM,2001,98.23399
Samoa,WSM,2002,100.2726
Samoa,WSM,2003,101.36088
Samoa,WSM,2004,102.40113
Samoa,WSM,2005,102.36033
Samoa,WSM,2006,102.4577
Samoa,WSM,2007,103.18513
Samoa,WSM,2009,102.94291
Samoa,WSM,2010,107.650734
Samoa,WSM,2011,104.30348
Samoa,WSM,2012,104.03692
Samoa,WSM,2014,106.64716
Samoa,WSM,2015,107.081184
Samoa,WSM,2016,107.318115
Samoa,WSM,2017,106.41046
Samoa,WSM,2018,103.7753
Samoa,WSM,2019,103.10463
Samoa,WSM,2020,101.994835
Samoa,WSM,2021,104.73063
Samoa,WSM,2022,103.309746
Samoa,WSM,2023,101.61702
Samoa,WSM,2024,101.04333
San Marino,SMR,1971,96.46851
San Marino,SMR,1972,95.2765
San Marino,SMR,1973,95.51646
San Marino,SMR,1974,97.40933
San Marino,SMR,1975,99.64789
San Marino,SMR,1976,102.05066
San Marino,SMR,1977,102.21266
San Marino,SMR,1978,96.77996
San Marino,SMR,1979,95.83585
San Marino,SMR,1980,96.17794
San Marino,SMR,1981,96.85494
San Marino,SMR,1982,97.19138
San Marino,SMR,1983,98.22368
San Marino,SMR,1984,96.36003
San Marino,SMR,1985,97.2973
San Marino,SMR,1986,96.90934
San Marino,SMR,1987,100.14695
San Marino,SMR,1988,98.17073
San Marino,SMR,1989,99.2163
San Marino,SMR,1990,98.71279
San Marino,SMR,1991,98.29684
San Marino,SMR,1992,98.68421
San Marino,SMR,1993,100.0
San Marino,SMR,1994,99.74337
San Marino,SMR,1996,94.73684
San Marino,SMR,1997,93.67494
San Marino,SMR,2000,92.31338
San Marino,SMR,2004,98.23249
San Marino,SMR,2008,94.24805
San Marino,SMR,2009,92.94606
San Marino,SMR,2010,92.43845
San Marino,SMR,2011,92.04947
San Marino,SMR,2012,93.30172
San Marino,SMR,2018,95.12605
San Marino,SMR,2019,94.61935
San Marino,SMR,2020,94.40518
San Marino,SMR,2021,93.57357
San Marino,SMR,2022,93.9375
San Marino,SMR,2023,95.12036
San Marino,SMR,2024,93.531
Sao Tome and Principe,STP,1971,101.3714
Sao Tome and Principe,STP,1972,111.69311
Sao Tome and Principe,STP,1973,131.6714
Sao Tome and Principe,STP,1974,104.13114
Sao Tome and Principe,STP,1975,105.44656
Sao Tome and Principe,STP,1976,133.70135
Sao Tome and Principe,STP,1977,113.78381
Sao Tome and Principe,STP,1978,128.5118
Sao Tome and Principe,STP,1980,153.97314
Sao Tome and Principe,STP,1981,155.695
Sao Tome and Principe,STP,1982,151.29294
Sao Tome and Principe,STP,1983,143.43488
Sao Tome and Principe,STP,1984,136.12898
Sao Tome and Principe,STP,1985,131.89194
Sao Tome and Principe,STP,1987,129.92667
Sao Tome and Principe,STP,1988,134.12645
Sao Tome and Principe,STP,1990,141.38374
Sao Tome and Principe,STP,1991,144.1818
Sao Tome and Principe,STP,1992,148.07361
Sao Tome and Principe,STP,1996,134.56268
Sao Tome and Principe,STP,1998,126.00891
Sao Tome and Principe,STP,1999,100.15591
Sao Tome and Principe,STP,2002,120.20717
Sao Tome and Principe,STP,2003,122.29955
Sao Tome and Principe,STP,2004,123.55943
Sao Tome and Principe,STP,2005,125.52219
Sao Tome and Principe,STP,2007,122.611
Sao Tome and Principe,STP,2008,122.418
Sao Tome and Principe,STP,2009,122.30869
Sao Tome and Principe,STP,2010,119.25336
Sao Tome and Principe,STP,2011,119.29741
Sao Tome and Principe,STP,2012,111.31437
Sao Tome and Principe,STP,2013,110.59
Sao Tome and Principe,STP,2014,106.902
Sao Tome and Principe,STP,2015,107.80378
Sao Tome and Principe,STP,2016,108.67774
Sao Tome and Principe,STP,2017,110.378
Saudi Arabia,SAU,1979,91.87547
Saudi Arabia,SAU,2005,115.50854
Saudi Arabia,SAU,2007,120.88119
Saudi Arabia,SAU,2008,123.49731
Saudi Arabia,SAU,2009,125.76348
Saudi Arabia,SAU,2010,128.08614
Saudi Arabia,SAU,2011,128.02423
Saudi Arabia,SAU,2012,129.348
Saudi Arabia,SAU,2013,99.37847
Saudi Arabia,SAU,2014,100.76777
Saudi Arabia,SAU,2015,101.59483
Saudi Arabia,SAU,2016,103.420685
Saudi Arabia,SAU,2017,106.381546
Saudi Arabia,SAU,2018,105.801865
Saudi Arabia,SAU,2019,102.73752
Saudi Arabia,SAU,2020,103.1519
Saudi Arabia,SAU,2021,100.89558
Saudi Arabia,SAU,2022,102.13902
Saudi Arabia,SAU,2024,103.984474
Senegal,SEN,1971,36.67252
Senegal,SEN,1972,36.59894
Senegal,SEN,1973,37.28321
Senegal,SEN,1974,37.98887
Senegal,SEN,1975,38.17886
Senegal,SEN,1976,37.35915
Senegal,SEN,1977,40.03751
Senegal,SEN,1978,38.74177
Senegal,SEN,1979,39.94358
Senegal,SEN,1980,40.80654
Senegal,SEN,1981,42.03053
Senegal,SEN,1982,43.63369
Senegal,SEN,1983,46.0234
Senegal,SEN,1984,47.66817
Senegal,SEN,1985,48.88423
Senegal,SEN,1986,50.49357
Senegal,SEN,1987,51.03508
Senegal,SEN,1988,51.88325
Senegal,SEN,1989,51.53339
Senegal,SEN,1990,51.93717
Senegal,SEN,1991,52.39899
Senegal,SEN,1992,52.25938
Senegal,SEN,1993,51.87822
Senegal,SEN,1994,53.11597
Senegal,SEN,1995,54.17605
Senegal,SEN,1996,57.84461
Senegal,SEN,1997,62.00255
Senegal,SEN,1998,65.53535
Senegal,SEN,1999,64.96816
Senegal,SEN,2000,68.49063
Senegal,SEN,2001,70.56685
Senegal,SEN,2002,71.61349
Senegal,SEN,2003,75.91798
Senegal,SEN,2004,78.71735
Senegal,SEN,2005,80.66796
Senegal,SEN,2006,80.49899
Senegal,SEN,2007,83.90382
Senegal,SEN,2008,84.40923
Senegal,SEN,2009,84.00632
Senegal,SEN,2010,83.854904
Senegal,SEN,2011,86.57245
Senegal,SEN,2012,86.41156
Senegal,SEN,2013,82.69855
Senegal,SEN,2014,83.684456
Senegal,SEN,2015,84.89708
Senegal,SEN,2019,83.256874
Senegal,SEN,2020,84.90313
Senegal,SEN,2021,84.061226
Senegal,SEN,2022,84.27332
Senegal,SEN,2023,85.45236
Senegal,SEN,2024,85.327965
Serbia,SRB,2000,103.58666
Serbia,SRB,2001,102.52085
Serbia,SRB,2002,102.11952
Serbia,SRB,2003,101.06524
Serbia,SRB,2004,101.55494
Serbia,SRB,2005,102.74709
Serbia,SRB,2006,101.83955
Serbia,SRB,2007,100.97169
Serbia,SRB,2008,100.62958
Serbia,SRB,2009,97.6858
Serbia,SRB,2010,95.89576
Serbia,SRB,2011,101.49345
Serbia,SRB,2012,100.57131
Serbia,SRB,2013,100.89554
Serbia,SRB,2014,101.13116
Serbia,SRB,2015,101.34292
Serbia,SRB,2016,100.57127
Serbia,SRB,2017,100.31293
Serbia,SRB,2018,100.30193
Serbia,SRB,2019,99.64471
Serbia,SRB,2020,97.70585
Serbia,SRB,2021,96.81126
Serbia,SRB,2022,96.62797
Serbia,SRB,2024,95.99142
Seychelles,SYC,1970,98.50491
Seychelles,SYC,1971,100.54679
Seychelles,SYC,1972,101.12427
Seychelles,SYC,1973,101.30139
Seychelles,SYC,1974,101.09343
Seychelles,SYC,1975,99.6494
Seychelles,SYC,1976,97.10159
Seychelles,SYC,1977,97.84757
Seychelles,SYC,1978,99.86189
Seychelles,SYC,1979,99.70024
Seychelles,SYC,1980,97.28228
Seychelles,SYC,1981,99.59308
Seychelles,SYC,1982,101.16529
Seychelles,SYC,1983,100.83171
Seychelles,SYC,1984,99.59569
Seychelles,SYC,1985,101.22372
Seychelles,SYC,1986,103.99329
Seychelles,SYC,1987,101.65099
Seychelles,SYC,1988,100.42753
Seychelles,SYC,1989,102.63405
Seychelles,SYC,1991,106.42722
Seychelles,SYC,1992,104.70216
Seychelles,SYC,1993,104.66448
Seychelles,SYC,1994,105.5597
Seychelles,SYC,1995,105.29399
Seychelles,SYC,1996,104.93578
Seychelles,SYC,1997,103.5813
Seychelles,SYC,1998,104.0607
Seychelles,SYC,1999,107.29257
Seychelles,SYC,2000,118.05228
Seychelles,SYC,2001,115.73592
Seychelles,SYC,2002,105.38824
Seychelles,SYC,2003,107.54653
Seychelles,SYC,2004,106.23882
Seychelles,SYC,2005,115.5991
Seychelles,SYC,2006,117.42613
Seychelles,SYC,2007,125.33937
Seychelles,SYC,2008,130.72208
Seychelles,SYC,2009,127.47967
Seychelles,SYC,2010,111.25369
Seychelles,SYC,2011,111.588806
Seychelles,SYC,2012,113.47157
Seychelles,SYC,2013,113.371635
Seychelles,SYC,2014,118.25014
Seychelles,SYC,2015,119.94119
Seychelles,SYC,2016,126.21917
Seychelles,SYC,2017,132.23589
Seychelles,SYC,2018,123.720436
Seychelles,SYC,2019,119.31587
Seychelles,SYC,2020,114.15366
Seychelles,SYC,2021,109.62611
Seychelles,SYC,2022,97.76548
Seychelles,SYC,2023,97.13592
Seychelles,SYC,2024,93.38006
Sierra Leone,SLE,1971,34.82115
Sierra Leone,SLE,1972,36.0914
Sierra Leone,SLE,1973,33.72511
Sierra Leone,SLE,1974,35.37404
Sierra Leone,SLE,1975,36.43538
Sierra Leone,SLE,1976,38.28832
Sierra Leone,SLE,1977,39.7656
Sierra Leone,SLE,1978,40.56983
Sierra Leone,SLE,1980,51.8844
Sierra Leone,SLE,1981,52.3348
Sierra Leone,SLE,1982,56.20868
Sierra Leone,SLE,1983,55.38876
Sierra Leone,SLE,1984,58.83194
Sierra Leone,SLE,1985,62.50577
Sierra Leone,SLE,1986,61.76847
Sierra Leone,SLE,1988,58.35466
Sierra Leone,SLE,1989,53.05568
Sierra Leone,SLE,1990,51.13205
Sierra Leone,SLE,1991,45.33174
Sierra Leone,SLE,2000,63.25008
Sierra Leone,SLE,2001,75.62389
Sierra Leone,SLE,2011,114.58051
Sierra Leone,SLE,2012,117.716125
Sierra Leone,SLE,2013,119.78807
Sierra Leone,SLE,2015,120.70074
Sierra Leone,SLE,2016,123.031654
Sierra Leone,SLE,2017,126.863914
Sierra Leone,SLE,2018,114.58024
Sierra Leone,SLE,2019,145.6175
Sierra Leone,SLE,2020,142.79213
Sierra Leone,SLE,2021,157.70976
Sierra Leone,SLE,2022,163.17355
Sierra Leone,SLE,2023,159.41685
Sierra Leone,SLE,2024,162.124
Singapore,SGP,2016,100.77321
Singapore,SGP,2017,100.62695
Singapore,SGP,2018,100.26186
Singapore,SGP,2019,100.69258
Singapore,SGP,2020,100.53591
Singapore,SGP,2021,99.87464
Singapore,SGP,2022,99.57804
Singapore,SGP,2023,100.24514
Sint Maarten (Dutch part),SXM,2012,116.35832
Sint Maarten (Dutch part),SXM,2014,122.771286
Sint Maarten (Dutch part),SXM,2023,135.07076
Slovakia,SVK,2001,104.60969
Slovakia,SVK,2002,104.18099
Slovakia,SVK,2003,104.2724
Slovakia,SVK,2004,104.14358
Slovakia,SVK,2005,102.93401
Slovakia,SVK,2006,102.1464
Slovakia,SVK,2007,102.25049
Slovakia,SVK,2008,102.77456
Slovakia,SVK,2009,102.22899
Slovakia,SVK,2010,101.6383
Slovakia,SVK,2011,100.50296
Slovakia,SVK,2012,99.13287
Slovakia,SVK,2013,98.69285
Slovakia,SVK,2014,98.51195
Slovakia,SVK,2015,98.31211
Slovakia,SVK,2016,97.62104
Slovakia,SVK,2017,98.26595
Slovakia,SVK,2018,97.02444
Slovakia,SVK,2019,97.9946
Slovakia,SVK,2020,99.91723
Slovakia,SVK,2021,100.06417
Slovakia,SVK,2022,100.32672
Slovakia,SVK,2023,103.09055
Slovakia,SVK,2024,102.75259
Slovenia,SVN,2001,102.64612
Slovenia,SVN,2002,105.33399
Slovenia,SVN,2003,110.09203
Slovenia,SVN,2004,96.68437
Slovenia,SVN,2005,98.20988
Slovenia,SVN,2006,100.24935
Slovenia,SVN,2007,96.43751
Slovenia,SVN,2008,97.1057
Slovenia,SVN,2009,97.70836
Slovenia,SVN,2010,98.0614
Slovenia,SVN,2011,97.98615
Slovenia,SVN,2012,98.21429
Slovenia,SVN,2013,98.60068
Slovenia,SVN,2014,98.58717
Slovenia,SVN,2015,98.38159
Slovenia,SVN,2016,97.98158
Slovenia,SVN,2017,98.17813
Slovenia,SVN,2018,99.4631
Slovenia,SVN,2019,99.84182
Slovenia,SVN,2020,100.23154
Slovenia,SVN,2021,99.77627
Slovenia,SVN,2022,100.63914
Slovenia,SVN,2023,100.8841
Solomon Islands,SLB,1970,63.3828
Solomon Islands,SLB,1971,73.33819
Solomon Islands,SLB,1972,73.1805
Solomon Islands,SLB,1973,71.40612
Solomon Islands,SLB,1974,71.60148
Solomon Islands,SLB,1975,75.37126
Solomon Islands,SLB,1976,79.65627
Solomon Islands,SLB,1977,74.38622
Solomon Islands,SLB,1978,72.08613
Solomon Islands,SLB,1979,69.47865
Solomon Islands,SLB,1980,70.98424
Solomon Islands,SLB,1981,68.52424
Solomon Islands,SLB,1982,68.26919
Solomon Islands,SLB,1983,74.35543
Solomon Islands,SLB,1984,76.71956
Solomon Islands,SLB,1985,74.62318
Solomon Islands,SLB,1986,74.74165
Solomon Islands,SLB,1987,78.85277
Solomon Islands,SLB,1990,84.42805
Solomon Islands,SLB,1991,84.97061
Solomon Islands,SLB,1992,90.24745
Solomon Islands,SLB,1993,94.61527
Solomon Islands,SLB,1994,97.1385
Solomon Islands,SLB,1995,99.74358
Solomon Islands,SLB,1996,85.29519
Solomon Islands,SLB,1997,99.5013
Solomon Islands,SLB,1999,82.68981
Solomon Islands,SLB,2000,80.15202
Solomon Islands,SLB,2002,90.86312
Solomon Islands,SLB,2005,98.35597
Solomon Islands,SLB,2006,104.05786
Solomon Islands,SLB,2007,105.48381
Solomon Islands,SLB,2010,114.76099
Solomon Islands,SLB,2011,114.16431
Solomon Islands,SLB,2012,110.12802
Solomon Islands,SLB,2013,110.310356
Solomon Islands,SLB,2014,108.98317
Solomon Islands,SLB,2015,108.53734
Solomon Islands,SLB,2016,108.67225
Solomon Islands,SLB,2017,106.57359
Solomon Islands,SLB,2018,100.18911
Solomon Islands,SLB,2019,98.206726
Solomon Islands,SLB,2020,89.6008
Solomon Islands,SLB,2023,80.25448
Solomon Islands,SLB,2024,81.844574
Somalia,SOM,1971,6.88723
Somalia,SOM,1972,8.04929
Somalia,SOM,1973,10.43052
Somalia,SOM,1974,12.64437
Somalia,SOM,1976,28.14809
Somalia,SOM,1977,31.81034
Somalia,SOM,1978,30.89042
Somalia,SOM,1979,31.95913
Somalia,SOM,1980,28.78471
Somalia,SOM,1981,21.72508
Somalia,SOM,1982,20.40683
Somalia,SOM,1983,18.56945
Somalia,SOM,1984,18.106
Somalia,SOM,1985,15.64804
Somalia,SOM,1986,13.78103
Somalia,SOM,2007,22.78542
Somalia,SOM,2023,20.91555
South Africa,ZAF,1970,100.1134
South Africa,ZAF,1975,100.43586
South Africa,ZAF,1977,88.18569
South Africa,ZAF,1978,81.96813
South Africa,ZAF,1979,82.05211
South Africa,ZAF,1981,82.49208
South Africa,ZAF,1982,80.31322
South Africa,ZAF,1986,79.08493
South Africa,ZAF,1987,80.4053
South Africa,ZAF,1988,80.84637
South Africa,ZAF,1989,105.28379
South Africa,ZAF,1990,104.66804
South Africa,ZAF,1991,103.93004
South Africa,ZAF,1994,102.5059
South Africa,ZAF,1995,101.34245
South Africa,ZAF,1997,98.2606
South Africa,ZAF,1998,97.49484
South Africa,ZAF,1999,97.42728
South Africa,ZAF,2000,92.5674
South Africa,ZAF,2001,93.35585
South Africa,ZAF,2002,95.73938
South Africa,ZAF,2003,96.92869
South Africa,ZAF,2004,97.81682
South Africa,ZAF,2005,97.53268
South Africa,ZAF,2006,98.62355
South Africa,ZAF,2007,101.15516
South Africa,ZAF,2008,102.36882
South Africa,ZAF,2009,102.59871
South Africa,ZAF,2010,103.439766
South Africa,ZAF,2011,104.04604
South Africa,ZAF,2012,104.70721
South Africa,ZAF,2013,104.09109
South Africa,ZAF,2014,104.19802
South Africa,ZAF,2015,107.31212
South Africa,ZAF,2016,103.41822
South Africa,ZAF,2017,101.580086
South Africa,ZAF,2018,100.42432
South Africa,ZAF,2019,101.12046
South Africa,ZAF,2020,101.30035
South Africa,ZAF,2021,101.74138
South Africa,ZAF,2022,102.40239
South Africa,ZAF,2023,101.77223
South Korea,KOR,2000,98.96454
South Korea,KOR,2001,98.79215
South Korea,KOR,2002,98.95804
South Korea,KOR,2003,99.99396
South Korea,KOR,2004,100.17653
South Korea,KOR,2005,100.34492
South Korea,KOR,2006,100.36329
South Korea,KOR,2007,100.79398
South Korea,KOR,2008,101.34497
South Korea,KOR,2009,101.05083
South Korea,KOR,2010,100.80437
South Korea,KOR,2011,100.99888
South Korea,KOR,2012,101.14759
South Korea,KOR,2013,100.26877
South Korea,KOR,2014,99.45681
South Korea,KOR,2015,100.06209
South Korea,KOR,2016,99.71601
South Korea,KOR,2017,98.62471
South Korea,KOR,2018,98.66567
South Korea,KOR,2019,99.63882
South Korea,KOR,2020,99.2179
South Korea,KOR,2021,98.60793
South Korea,KOR,2022,99.00502
South Korea,KOR,2023,100.30147
South Korea,KOR,2024,100.86651
South Sudan,SSD,2011,90.40911
South Sudan,SSD,2015,70.3178
South Sudan,SSD,2024,98.44124
Spain,ESP,2001,104.56309
Spain,ESP,2002,105.45086
Spain,ESP,2003,105.15835
Spain,ESP,2004,105.00092
Spain,ESP,2005,104.35788
Spain,ESP,2006,103.61088
Spain,ESP,2007,103.02568
Spain,ESP,2008,102.44998
Spain,ESP,2009,102.09572
Spain,ESP,2010,101.21123
Spain,ESP,2011,100.81304
Spain,ESP,2012,100.47344
Spain,ESP,2013,103.24688
Spain,ESP,2014,102.77628
Spain,ESP,2015,102.48728
Spain,ESP,2016,102.52625
Spain,ESP,2017,102.92106
Spain,ESP,2018,103.11881
Spain,ESP,2019,103.66129
Spain,ESP,2020,103.88418
Spain,ESP,2021,103.36359
Spain,ESP,2022,102.98479
Spain,ESP,2023,103.00277
Spain,ESP,2024,102.93698
Sri Lanka,LKA,1970,104.45811
Sri Lanka,LKA,1971,105.4304
Sri Lanka,LKA,1972,95.11423
Sri Lanka,LKA,1973,92.36687
Sri Lanka,LKA,1974,86.87909
Sri Lanka,LKA,1975,83.7694
Sri Lanka,LKA,1976,83.17211
Sri Lanka,LKA,1977,87.80188
Sri Lanka,LKA,1978,110.74707
Sri Lanka,LKA,1979,114.0394
Sri Lanka,LKA,1980,118.74758
Sri Lanka,LKA,1981,121.98733
Sri Lanka,LKA,1982,122.48404
Sri Lanka,LKA,1983,122.33638
Sri Lanka,LKA,1984,123.06304
Sri Lanka,LKA,1985,123.74928
Sri Lanka,LKA,1986,123.63557
Sri Lanka,LKA,1987,106.75218
Sri Lanka,LKA,1988,107.19701
Sri Lanka,LKA,1989,108.66532
Sri Lanka,LKA,1990,110.38034
Sri Lanka,LKA,1991,113.81955
Sri Lanka,LKA,1992,114.77005
Sri Lanka,LKA,1993,116.81103
Sri Lanka,LKA,1994,117.23023
Sri Lanka,LKA,1995,119.98665
Sri Lanka,LKA,1996,111.96605
Sri Lanka,LKA,1998,107.30723
Sri Lanka,LKA,2001,102.91982
Sri Lanka,LKA,2002,100.61415
Sri Lanka,LKA,2003,97.22398
Sri Lanka,LKA,2004,92.19753
Sri Lanka,LKA,2005,94.22284
Sri Lanka,LKA,2006,94.23316
Sri Lanka,LKA,2007,94.31214
Sri Lanka,LKA,2008,94.19402
Sri Lanka,LKA,2009,92.68463
Sri Lanka,LKA,2010,97.45286
Sri Lanka,LKA,2011,97.217316
Sri Lanka,LKA,2012,97.1214
Sri Lanka,LKA,2013,97.21275
Sri Lanka,LKA,2014,97.43306
Sri Lanka,LKA,2015,97.45085
Sri Lanka,LKA,2016,96.94116
Sri Lanka,LKA,2017,96.6249
Sri Lanka,LKA,2018,95.93438
Sri Lanka,LKA,2019,95.4735
Sri Lanka,LKA,2020,95.23387
Sri Lanka,LKA,2021,94.459175
Sri Lanka,LKA,2022,92.98465
Sri Lanka,LKA,2023,91.45114
Sudan,SDN,2001,54.92074
Sudan,SDN,2002,55.17011
Sudan,SDN,2003,56.53583
Sudan,SDN,2004,58.0592
Sudan,SDN,2005,59.39621
Sudan,SDN,2006,63.75152
Sudan,SDN,2007,63.5355
Sudan,SDN,2008,68.94246
Sudan,SDN,2009,68.23434
Sudan,SDN,2010,67.33978
Sudan,SDN,2011,64.97618
Sudan,SDN,2012,66.06054
Sudan,SDN,2013,66.95703
Sudan,SDN,2014,67.05713
Sudan,SDN,2015,67.66497
Sudan,SDN,2016,69.85508
Sudan,SDN,2017,70.36648
Sudan,SDN,2018,72.03177
Sudan,SDN,2019,72.39811
Suriname,SUR,1971,122.32627
Suriname,SUR,1972,118.02598
Suriname,SUR,1973,121.48662
Suriname,SUR,1974,125.91447
Suriname,SUR,1975,123.85818
Suriname,SUR,1976,111.23892
Suriname,SUR,1977,124.76756
Suriname,SUR,1978,126.96781
Suriname,SUR,1979,131.41144
Suriname,SUR,1980,128.85355
Suriname,SUR,1981,121.5637
Suriname,SUR,1982,126.20987
Suriname,SUR,1983,127.80189
Suriname,SUR,1984,128.65067
Suriname,SUR,1985,127.81783
Suriname,SUR,1986,127.44877
Suriname,SUR,1987,115.24859
Suriname,SUR,1988,114.78949
Suriname,SUR,1989,118.90202
Suriname,SUR,1990,107.76558
Suriname,SUR,1991,102.33505
Suriname,SUR,1992,121.10369
Suriname,SUR,1993,127.02299
Suriname,SUR,1994,138.6567
Suriname,SUR,1999,102.53819
Suriname,SUR,2001,107.13318
Suriname,SUR,2002,106.39645
Suriname,SUR,2005,104.25769
Suriname,SUR,2006,102.54338
Suriname,SUR,2007,98.47636
Suriname,SUR,2008,103.52038
Suriname,SUR,2009,104.56826
Suriname,SUR,2010,102.471634
Suriname,SUR,2011,101.07289
Suriname,SUR,2012,102.77559
Suriname,SUR,2013,105.28414
Suriname,SUR,2014,106.41266
Suriname,SUR,2015,109.04225
Suriname,SUR,2016,106.808014
Suriname,SUR,2017,102.22922
Suriname,SUR,2018,100.72615
Suriname,SUR,2019,101.24763
Suriname,SUR,2020,102.27724
Suriname,SUR,2021,94.77001
Suriname,SUR,2022,95.41354
Suriname,SUR,2023,64.17942
Suriname,SUR,2024,91.91993
Sweden,SWE,2001,106.82676
Sweden,SWE,2002,107.1471
Sweden,SWE,2003,107.76238
Sweden,SWE,2004,100.14324
Sweden,SWE,2005,100.28267
Sweden,SWE,2006,100.30419
Sweden,SWE,2007,100.05543
Sweden,SWE,2008,100.13769
Sweden,SWE,2009,99.48524
Sweden,SWE,2010,99.16347
Sweden,SWE,2011,97.78594
Sweden,SWE,2012,99.55372
Sweden,SWE,2013,118.13544
Sweden,SWE,2014,118.02987
Sweden,SWE,2015,119.62419
Sweden,SWE,2016,121.4488
Sweden,SWE,2017,122.89606
Sweden,SWE,2018,123.75466
Sweden,SWE,2019,120.5968
Sweden,SWE,2020,119.50011
Sweden,SWE,2021,117.34763
Sweden,SWE,2022,116.42539
Sweden,SWE,2023,115.01952
Sweden,SWE,2024,114.86958
Switzerland,CHE,2000,104.15279
Switzerland,CHE,2001,103.60617
Switzerland,CHE,2002,104.00148
Switzerland,CHE,2003,104.15753
Switzerland,CHE,2004,104.15287
Switzerland,CHE,2005,103.9191
Switzerland,CHE,2006,104.12382
Switzerland,CHE,2007,103.95655
Switzerland,CHE,2008,104.08766
Switzerland,CHE,2009,103.63485
Switzerland,CHE,2010,103.39291
Switzerland,CHE,2011,102.48218
Switzerland,CHE,2012,102.13064
Switzerland,CHE,2013,102.43776
Switzerland,CHE,2014,102.47082
Switzerland,CHE,2015,102.15593
Switzerland,CHE,2016,101.90253
Switzerland,CHE,2017,101.83333
Switzerland,CHE,2018,101.83724
Switzerland,CHE,2019,101.59305
Switzerland,CHE,2020,101.73171
Switzerland,CHE,2021,101.47824
Switzerland,CHE,2022,101.36307
Switzerland,CHE,2023,102.28296
Switzerland,CHE,2024,101.21175
Syria,SYR,1971,79.70614
Syria,SYR,1972,83.59528
Syria,SYR,1973,88.42516
Syria,SYR,1974,89.77835
Syria,SYR,1975,90.48401
Syria,SYR,1976,91.76426
Syria,SYR,1977,91.3733
Syria,SYR,1978,90.79772
Syria,SYR,1979,90.89255
Syria,SYR,1980,92.36225
Syria,SYR,1981,93.64956
Syria,SYR,1982,95.48005
Syria,SYR,1983,96.34664
Syria,SYR,1984,98.7092
Syria,SYR,1985,100.52025
Syria,SYR,1986,102.50941
Syria,SYR,1987,105.64295
Syria,SYR,1988,105.4847
Syria,SYR,1989,106.79771
Syria,SYR,1990,106.51687
Syria,SYR,1991,107.96443
Syria,SYR,1992,108.85523
Syria,SYR,1993,107.31487
Syria,SYR,1994,106.49994
Syria,SYR,1995,104.83866
Syria,SYR,1996,103.52895
Syria,SYR,1997,102.42769
Syria,SYR,1998,101.31008
Syria,SYR,1999,101.92194
Syria,SYR,2000,102.30316
Syria,SYR,2001,103.40041
Syria,SYR,2002,104.69032
Syria,SYR,2003,113.06861
Syria,SYR,2004,114.18077
Syria,SYR,2005,116.21911
Syria,SYR,2006,116.51763
Syria,SYR,2007,115.95058
Syria,SYR,2008,115.69495
Syria,SYR,2009,115.82724
Syria,SYR,2010,116.73347
Syria,SYR,2011,119.22922
Syria,SYR,2012,120.19311
Syria,SYR,2013,72.35199
Syria,SYR,2020,70.37715
Syria,SYR,2021,68.55887
Syria,SYR,2022,72.12968
Syria,SYR,2023,76.77105
Syria,SYR,2024,81.41147
Tajikistan,TJK,1991,89.51105
Tajikistan,TJK,1992,90.26175
Tajikistan,TJK,1993,83.52126
Tajikistan,TJK,1994,87.1388
Tajikistan,TJK,1995,86.04345
Tajikistan,TJK,1996,85.03613
Tajikistan,TJK,1997,83.08462
Tajikistan,TJK,1998,91.34521
Tajikistan,TJK,1999,93.62354
Tajikistan,TJK,2000,96.76242
Tajikistan,TJK,2001,95.68429
Tajikistan,TJK,2002,96.39862
Tajikistan,TJK,2003,97.4547
Tajikistan,TJK,2004,96.88639
Tajikistan,TJK,2005,97.28284
Tajikistan,TJK,2006,96.9108
Tajikistan,TJK,2007,96.81371
Tajikistan,TJK,2008,99.66053
Tajikistan,TJK,2009,99.21486
Tajikistan,TJK,2010,99.05058
Tajikistan,TJK,2011,96.70383
Tajikistan,TJK,2012,92.89054
Tajikistan,TJK,2013,91.77474
Tajikistan,TJK,2014,90.32016
Tajikistan,TJK,2015,91.26459
Tajikistan,TJK,2016,93.28198
Tajikistan,TJK,2017,95.77042
Tajikistan,TJK,2020,100.404686
Tajikistan,TJK,2021,100.36873
Tajikistan,TJK,2022,99.96689
Tajikistan,TJK,2023,96.97593
Tajikistan,TJK,2024,95.75714
Tanzania,TZA,1970,35.75772
Tanzania,TZA,1971,37.1833
Tanzania,TZA,1972,39.63858
Tanzania,TZA,1973,42.36983
Tanzania,TZA,1974,45.6686
Tanzania,TZA,1975,55.54949
Tanzania,TZA,1976,65.55501
Tanzania,TZA,1977,73.3652
Tanzania,TZA,1978,92.69618
Tanzania,TZA,1979,95.20778
Tanzania,TZA,1980,95.43493
Tanzania,TZA,1981,96.07725
Tanzania,TZA,1982,91.35612
Tanzania,TZA,1983,88.8301
Tanzania,TZA,1984,83.50625
Tanzania,TZA,1985,73.01314
Tanzania,TZA,1986,70.03775
Tanzania,TZA,1987,67.77161
Tanzania,TZA,1988,65.73558
Tanzania,TZA,1989,65.95804
Tanzania,TZA,1990,66.70988
Tanzania,TZA,1991,67.65307
Tanzania,TZA,1992,67.8286
Tanzania,TZA,1993,68.80425
Tanzania,TZA,1994,68.35022
Tanzania,TZA,1995,68.24388
Tanzania,TZA,1996,67.90359
Tanzania,TZA,1997,68.52835
Tanzania,TZA,1998,66.87068
Tanzania,TZA,1999,67.87924
Tanzania,TZA,2000,69.49243
Tanzania,TZA,2001,75.71812
Tanzania,TZA,2002,90.61024
Tanzania,TZA,2003,96.86108
Tanzania,TZA,2004,101.59248
Tanzania,TZA,2005,105.03738
Tanzania,TZA,2006,107.45577
Tanzania,TZA,2007,108.75199
Tanzania,TZA,2008,109.17673
Tanzania,TZA,2009,103.46371
Tanzania,TZA,2010,100.1482
Tanzania,TZA,2011,95.08846
Tanzania,TZA,2012,91.9735
Tanzania,TZA,2013,88.83009
Tanzania,TZA,2014,85.93648
Tanzania,TZA,2015,84.22077
Tanzania,TZA,2016,85.2801
Tanzania,TZA,2017,89.59672
Tanzania,TZA,2018,94.98403
Tanzania,TZA,2019,97.64565
Tanzania,TZA,2020,98.57536
Tanzania,TZA,2021,98.69995
Tanzania,TZA,2022,90.615265
Tanzania,TZA,2023,95.64098
Tanzania,TZA,2024,92.69026
Thailand,THA,1971,80.96179
Thailand,THA,1972,82.51881
Thailand,THA,1973,83.25285
Thailand,THA,1974,84.05266
Thailand,THA,1975,83.95318
Thailand,THA,1976,83.88693
Thailand,THA,1977,83.96839
Thailand,THA,1978,84.74002
Thailand,THA,1979,95.94311
Thailand,THA,1980,101.10383
Thailand,THA,1981,103.09993
Thailand,THA,1982,104.10495
Thailand,THA,1983,103.69557
Thailand,THA,1984,102.30387
Thailand,THA,1985,102.36341
Thailand,THA,1986,102.25331
Thailand,THA,1987,103.37905
Thailand,THA,1988,103.78172
Thailand,THA,1989,103.49294
Thailand,THA,1990,104.2799
Thailand,THA,1991,104.9339
Thailand,THA,1992,105.16091
Thailand,THA,1993,103.63647
Thailand,THA,1994,101.57012
Thailand,THA,1995,98.01482
Thailand,THA,1996,93.34797
Thailand,THA,1997,92.89809
Thailand,THA,1998,93.63113
Thailand,THA,1999,97.03317
Thailand,THA,2000,96.55185
Thailand,THA,2001,95.33427
Thailand,THA,2002,96.07018
Thailand,THA,2004,97.9627
Thailand,THA,2005,98.46724
Thailand,THA,2006,98.43604
Thailand,THA,2007,97.8308
Thailand,THA,2008,96.5355
Thailand,THA,2009,93.51888
Thailand,THA,2010,89.24885
Thailand,THA,2011,95.6526
Thailand,THA,2012,96.49827
Thailand,THA,2013,97.18406
Thailand,THA,2014,103.47938
Thailand,THA,2015,103.33346
Thailand,THA,2016,104.9413
Thailand,THA,2017,101.863594
Thailand,THA,2018,102.01354
Thailand,THA,2019,103.01224
Thailand,THA,2020,103.8599
Thailand,THA,2021,103.6198
Thailand,THA,2022,104.83301
Thailand,THA,2023,102.574974
Thailand,THA,2024,101.00423
Thailand,THA,2025,100.728165
Togo,TGO,1971,61.15973
Togo,TGO,1972,66.70452
Togo,TGO,1973,72.78196
Togo,TGO,1974,75.83591
Togo,TGO,1975,77.91327
Togo,TGO,1976,83.45157
Togo,TGO,1977,88.43116
Togo,TGO,1978,91.62867
Togo,TGO,1979,96.78506
Togo,TGO,1980,99.14789
Togo,TGO,1981,100.21792
Togo,TGO,1982,95.04874
Togo,TGO,1983,90.34571
Togo,TGO,1984,80.93403
Togo,TGO,1985,77.64748
Togo,TGO,1986,76.70934
Togo,TGO,1987,82.2796
Togo,TGO,1988,82.63688
Togo,TGO,1989,86.81786
Togo,TGO,1990,88.82148
Togo,TGO,1991,93.85824
Togo,TGO,1992,92.47199
Togo,TGO,1994,96.0042
Togo,TGO,1995,105.58898
Togo,TGO,1996,110.23866
Togo,TGO,1997,111.31466
Togo,TGO,1998,112.36647
Togo,TGO,1999,118.03197
Togo,TGO,2000,110.80875
Togo,TGO,2001,112.10548
Togo,TGO,2002,113.69199
Togo,TGO,2003,111.29471
Togo,TGO,2004,110.33885
Togo,TGO,2005,109.47819
Togo,TGO,2006,113.06999
Togo,TGO,2007,107.23623
Togo,TGO,2008,107.98821
Togo,TGO,2009,121.99095
Togo,TGO,2010,124.70951
Togo,TGO,2011,122.78407
Togo,TGO,2012,125.75805
Togo,TGO,2013,126.10502
Togo,TGO,2014,122.30421
Togo,TGO,2015,125.60269
Togo,TGO,2016,121.47691
Togo,TGO,2017,119.40569
Togo,TGO,2018,117.83633
Togo,TGO,2019,117.74775
Togo,TGO,2020,119.26683
Togo,TGO,2021,116.97138
Togo,TGO,2022,118.423164
Togo,TGO,2023,116.335464
Togo,TGO,2024,114.27277
Tokelau,TKL,1976,92.70517
Tokelau,TKL,1977,101.21581
Tokelau,TKL,1978,113.37386
Tokelau,TKL,1979,115.74074
Tokelau,TKL,1982,91.21622
Tokelau,TKL,1983,91.98606
Tokelau,TKL,1991,87.80488
Tokelau,TKL,2000,82.33333
Tokelau,TKL,2001,89.56229
Tokelau,TKL,2002,90.47619
Tokelau,TKL,2003,80.49645
Tokelau,TKL,2016,85.99033
Tokelau,TKL,2019,71.06383
Tokelau,TKL,2020,70.61224
Tokelau,TKL,2021,76.954735
Tokelau,TKL,2023,64.583336
Tokelau,TKL,2024,60.165974
Tokelau,TKL,2025,56.45161
Tonga,TON,1970,120.65239
Tonga,TON,1971,108.22071
Tonga,TON,1972,106.70531
Tonga,TON,1973,105.1014
Tonga,TON,1974,104.37034
Tonga,TON,1975,114.59511
Tonga,TON,1976,112.56647
Tonga,TON,1977,109.98074
Tonga,TON,1978,112.1979
Tonga,TON,1979,112.94548
Tonga,TON,1980,109.8896
Tonga,TON,1981,102.01516
Tonga,TON,1982,100.01797
Tonga,TON,1983,99.80441
Tonga,TON,1984,104.47641
Tonga,TON,1985,106.3887
Tonga,TON,1986,106.51216
Tonga,TON,1987,105.39757
Tonga,TON,1990,100.79922
Tonga,TON,1991,101.33883
Tonga,TON,1992,100.75606
Tonga,TON,1993,102.12248
Tonga,TON,1994,101.97287
Tonga,TON,1995,104.62428
Tonga,TON,1996,108.21724
Tonga,TON,1997,108.71808
Tonga,TON,1998,107.73661
Tonga,TON,1999,109.12224
Tonga,TON,2000,111.17992
Tonga,TON,2001,113.29653
Tonga,TON,2002,113.15076
Tonga,TON,2003,117.96782
Tonga,TON,2004,112.47453
Tonga,TON,2005,111.58281
Tonga,TON,2006,110.63149
Tonga,TON,2007,110.22512
Tonga,TON,2008,112.81305
Tonga,TON,2009,113.06553
Tonga,TON,2010,113.93021
Tonga,TON,2011,115.24357
Tonga,TON,2012,117.42006
Tonga,TON,2013,117.89107
Tonga,TON,2014,117.46152
Tonga,TON,2015,117.360054
Tonga,TON,2018,116.087776
Tonga,TON,2019,113.312035
Tonga,TON,2020,112.25484
Tonga,TON,2021,107.01732
Tonga,TON,2022,106.535736
Tonga,TON,2023,109.61159
Tonga,TON,2024,108.789986
Trinidad and Tobago,TTO,1971,112.17593
Trinidad and Tobago,TTO,1972,113.19865
Trinidad and Tobago,TTO,1973,113.10992
Trinidad and Tobago,TTO,1974,111.89238
Trinidad and Tobago,TTO,1975,110.8082
Trinidad and Tobago,TTO,1976,112.10916
Trinidad and Tobago,TTO,1977,109.62154
Trinidad and Tobago,TTO,1978,106.11372
Trinidad and Tobago,TTO,1979,100.34377
Trinidad and Tobago,TTO,1980,97.34632
Trinidad and Tobago,TTO,1981,97.1575
Trinidad and Tobago,TTO,1982,96.9901
Trinidad and Tobago,TTO,1983,97.04943
Trinidad and Tobago,TTO,1984,93.94805
Trinidad and Tobago,TTO,1985,93.63126
Trinidad and Tobago,TTO,1986,91.24412
Trinidad and Tobago,TTO,1987,93.21766
Trinidad and Tobago,TTO,1988,93.94819
Trinidad and Tobago,TTO,1989,93.33858
Trinidad and Tobago,TTO,1990,93.21061
Trinidad and Tobago,TTO,1991,93.96424
Trinidad and Tobago,TTO,1992,94.40494
Trinidad and Tobago,TTO,1993,95.09629
Trinidad and Tobago,TTO,1994,95.34922
Trinidad and Tobago,TTO,1995,95.72467
Trinidad and Tobago,TTO,1996,95.73121
Trinidad and Tobago,TTO,1997,96.54676
Trinidad and Tobago,TTO,1998,97.89709
Trinidad and Tobago,TTO,1999,99.93964
Trinidad and Tobago,TTO,2000,101.9867
Trinidad and Tobago,TTO,2001,97.97882
Trinidad and Tobago,TTO,2002,92.73111
Trinidad and Tobago,TTO,2003,95.74355
Trinidad and Tobago,TTO,2004,96.18855
Trinidad and Tobago,TTO,2005,93.38877
Trinidad and Tobago,TTO,2007,97.80498
Trinidad and Tobago,TTO,2008,99.63914
Trinidad and Tobago,TTO,2009,100.59165
Trinidad and Tobago,TTO,2010,101.46696
Trinidad and Tobago,TTO,2023,99.18876
Trinidad and Tobago,TTO,2024,98.26299
Tunisia,TUN,1971,105.68785
Tunisia,TUN,1972,103.66531
Tunisia,TUN,1973,95.18741
Tunisia,TUN,1974,90.88846
Tunisia,TUN,1975,92.19242
Tunisia,TUN,1976,92.81407
Tunisia,TUN,1977,95.07781
Tunisia,TUN,1978,96.17914
Tunisia,TUN,1979,96.88601
Tunisia,TUN,1980,99.07352
Tunisia,TUN,1981,100.11997
Tunisia,TUN,1982,102.18682
Tunisia,TUN,1983,106.25548
Tunisia,TUN,1984,108.61588
Tunisia,TUN,1985,109.85835
Tunisia,TUN,1986,110.90292
Tunisia,TUN,1987,110.87457
Tunisia,TUN,1988,110.31443
Tunisia,TUN,1989,108.04909
Tunisia,TUN,1990,110.67454
Tunisia,TUN,1991,111.56523
Tunisia,TUN,1992,111.44481
Tunisia,TUN,1993,111.17275
Tunisia,TUN,1994,112.95261
Tunisia,TUN,1995,113.33909
Tunisia,TUN,1996,112.88774
Tunisia,TUN,1997,112.47986
Tunisia,TUN,1998,113.78092
Tunisia,TUN,1999,114.87339
Tunisia,TUN,2000,114.56731
Tunisia,TUN,2001,113.5046
Tunisia,TUN,2002,112.2057
Tunisia,TUN,2003,111.29524
Tunisia,TUN,2004,110.60699
Tunisia,TUN,2005,109.87634
Tunisia,TUN,2006,107.92708
Tunisia,TUN,2007,103.86099
Tunisia,TUN,2008,102.37778
Tunisia,TUN,2009,102.45584
Tunisia,TUN,2010,103.62915
Tunisia,TUN,2011,103.61201
Tunisia,TUN,2012,105.18863
Tunisia,TUN,2013,106.02185
Tunisia,TUN,2014,106.8615
Tunisia,TUN,2015,106.85128
Tunisia,TUN,2016,106.04475
Tunisia,TUN,2017,105.55292
Tunisia,TUN,2018,105.10988
Tunisia,TUN,2020,103.97551
Tunisia,TUN,2021,104.34263
Tunisia,TUN,2022,104.06365
Tunisia,TUN,2023,104.42422
Turkey,TUR,1971,97.85512
Turkey,TUR,1972,97.2155
Turkey,TUR,1973,97.96305
Turkey,TUR,1974,97.95905
Turkey,TUR,1975,97.93597
Turkey,TUR,1976,98.9478
Turkey,TUR,1977,98.78295
Turkey,TUR,1978,96.43584
Turkey,TUR,1979,96.59284
Turkey,TUR,1981,94.75783
Turkey,TUR,1982,97.07579
Turkey,TUR,1983,98.90244
Turkey,TUR,1984,105.24225
Turkey,TUR,1985,104.14309
Turkey,TUR,1986,104.11889
Turkey,TUR,1987,103.39329
Turkey,TUR,1988,104.45547
Turkey,TUR,1989,101.48552
Turkey,TUR,1990,101.94432
Turkey,TUR,1991,101.77904
Turkey,TUR,1992,101.67559
Turkey,TUR,1993,98.92305
Turkey,TUR,1994,95.98856
Turkey,TUR,1995,94.86578
Turkey,TUR,1997,95.46956
Turkey,TUR,1999,100.64584
Turkey,TUR,2000,105.34802
Turkey,TUR,2001,107.17522
Turkey,TUR,2002,107.68141
Turkey,TUR,2003,104.26134
Turkey,TUR,2004,104.27073
Turkey,TUR,2005,104.60556
Turkey,TUR,2006,104.94374
Turkey,TUR,2007,105.44543
Turkey,TUR,2008,102.86281
Turkey,TUR,2009,101.92415
Turkey,TUR,2010,104.57007
Turkey,TUR,2011,105.75129
Turkey,TUR,2012,104.7084
Turkey,TUR,2013,114.72435
Turkey,TUR,2014,111.93572
Turkey,TUR,2015,107.29418
Turkey,TUR,2016,105.28329
Turkey,TUR,2017,97.4919
Turkey,TUR,2018,100.93125
Turkey,TUR,2019,103.96296
Turkey,TUR,2020,103.29642
Turkey,TUR,2021,102.5964
Turkey,TUR,2022,102.4877
Turkey,TUR,2023,102.43807
Turkmenistan,TKM,2019,99.53927
Turkmenistan,TKM,2020,100.048096
Turkmenistan,TKM,2021,99.14802
Turkmenistan,TKM,2022,97.81013
Turkmenistan,TKM,2023,97.34189
Turkmenistan,TKM,2024,95.69218
Turks and Caicos Islands,TCA,1971,148.98524
Turks and Caicos Islands,TCA,1972,164.01099
Turks and Caicos Islands,TCA,1973,154.75975
Turks and Caicos Islands,TCA,1974,148.92857
Turks and Caicos Islands,TCA,1975,142.63158
Turks and Caicos Islands,TCA,1976,150.12766
Turks and Caicos Islands,TCA,1977,149.75043
Turks and Caicos Islands,TCA,1978,137.56097
Turks and Caicos Islands,TCA,1994,116.35638
Turks and Caicos Islands,TCA,1997,90.87233
Turks and Caicos Islands,TCA,1999,95.49266
Turks and Caicos Islands,TCA,2000,102.33266
Turks and Caicos Islands,TCA,2001,107.82953
Turks and Caicos Islands,TCA,2002,103.83868
Turks and Caicos Islands,TCA,2003,85.61968
Turks and Caicos Islands,TCA,2004,95.79186
Turks and Caicos Islands,TCA,2005,95.31988
Turks and Caicos Islands,TCA,2009,104.8984
Turks and Caicos Islands,TCA,2014,97.28041
Turks and Caicos Islands,TCA,2015,93.8021
Turks and Caicos Islands,TCA,2017,107.50782
Turks and Caicos Islands,TCA,2018,129.21349
Turks and Caicos Islands,TCA,2019,119.19861
Turks and Caicos Islands,TCA,2020,122.12914
Turks and Caicos Islands,TCA,2021,119.73126
Turks and Caicos Islands,TCA,2022,120.81705
Turks and Caicos Islands,TCA,2023,124.37124
Turks and Caicos Islands,TCA,2024,125.059586
Tuvalu,TUV,1984,109.68444
Tuvalu,TUV,1986,101.29611
Tuvalu,TUV,1987,99.44393
Tuvalu,TUV,1990,94.3609
Tuvalu,TUV,1993,114.15712
Tuvalu,TUV,1994,114.19458
Tuvalu,TUV,1998,104.64602
Tuvalu,TUV,1999,99.05317
Tuvalu,TUV,2000,108.82353
Tuvalu,TUV,2001,101.20567
Tuvalu,TUV,2002,90.47955
Tuvalu,TUV,2003,94.1836
Tuvalu,TUV,2004,97.90795
Tuvalu,TUV,2005,101.18632
Tuvalu,TUV,2006,102.60014
Tuvalu,TUV,2014,103.57675
Tuvalu,TUV,2015,105.26706
Tuvalu,TUV,2016,100.0
Tuvalu,TUV,2018,94.97848
Tuvalu,TUV,2019,96.48609
Tuvalu,TUV,2020,102.03467
Tuvalu,TUV,2021,113.292114
Tuvalu,TUV,2022,110.60487
Tuvalu,TUV,2023,108.90937
Tuvalu,TUV,2024,101.138954
Uganda,UGA,1970,36.81441
Uganda,UGA,1971,38.92956
Uganda,UGA,1972,37.34928
Uganda,UGA,1973,37.74014
Uganda,UGA,1974,39.46497
Uganda,UGA,1975,42.36046
Uganda,UGA,1976,43.71123
Uganda,UGA,1977,46.52167
Uganda,UGA,1978,47.81652
Uganda,UGA,1979,46.93094
Uganda,UGA,1980,48.56734
Uganda,UGA,1981,51.17219
Uganda,UGA,1982,57.377
Uganda,UGA,1983,59.95512
Uganda,UGA,1984,65.38449
Uganda,UGA,1985,70.12653
Uganda,UGA,1986,71.33229
Uganda,UGA,1987,72.9804
Uganda,UGA,1988,74.45163
Uganda,UGA,1989,70.96365
Uganda,UGA,1990,71.94507
Uganda,UGA,1991,72.7517
Uganda,UGA,1992,65.53401
Uganda,UGA,1993,70.19971
Uganda,UGA,1994,70.23342
Uganda,UGA,1995,70.33202
Uganda,UGA,1996,71.20862
Uganda,UGA,1997,118.06677
Uganda,UGA,1998,124.29159
Uganda,UGA,1999,129.49315
Uganda,UGA,2000,130.16061
Uganda,UGA,2001,132.11548
Uganda,UGA,2002,135.93857
Uganda,UGA,2003,136.62625
Uganda,UGA,2004,127.90669
Uganda,UGA,2005,121.47326
Uganda,UGA,2006,120.0999
Uganda,UGA,2007,119.32501
Uganda,UGA,2008,122.43731
Uganda,UGA,2009,123.94366
Uganda,UGA,2010,121.31221
Uganda,UGA,2011,113.87162
Uganda,UGA,2012,113.70003
Uganda,UGA,2013,112.32995
Uganda,UGA,2015,104.24923
Uganda,UGA,2016,106.54028
Uganda,UGA,2017,106.16958
Ukraine,UKR,1971,98.57605
Ukraine,UKR,1972,98.42286
Ukraine,UKR,1973,99.8674
Ukraine,UKR,1974,101.20334
Ukraine,UKR,1976,99.78149
Ukraine,UKR,1977,98.89804
Ukraine,UKR,1978,99.16785
Ukraine,UKR,1979,100.45682
Ukraine,UKR,1980,100.69707
Ukraine,UKR,1981,101.98859
Ukraine,UKR,1982,102.08399
Ukraine,UKR,1983,102.57646
Ukraine,UKR,1984,103.12637
Ukraine,UKR,1985,104.38523
Ukraine,UKR,1986,106.14012
Ukraine,UKR,1988,114.34904
Ukraine,UKR,1990,113.82686
Ukraine,UKR,1991,117.9759
Ukraine,UKR,1992,114.37772
Ukraine,UKR,1993,113.82512
Ukraine,UKR,1994,112.30143
Ukraine,UKR,1997,100.69666
Ukraine,UKR,1998,107.09517
Ukraine,UKR,1999,108.13599
Ukraine,UKR,2000,112.91533
Ukraine,UKR,2001,119.87779
Ukraine,UKR,2002,127.05517
Ukraine,UKR,2003,99.24392
Ukraine,UKR,2004,98.86305
Ukraine,UKR,2005,109.22405
Ukraine,UKR,2006,103.98405
Ukraine,UKR,2007,102.66537
Ukraine,UKR,2008,101.71383
Ukraine,UKR,2009,100.66182
Ukraine,UKR,2010,100.06763
Ukraine,UKR,2011,98.93146
Ukraine,UKR,2012,97.14199
Ukraine,UKR,2013,96.31408
Ukraine,UKR,2014,95.472046
Ukraine,UKR,2015,87.85099
Ukraine,UKR,2016,87.409195
Ukraine,UKR,2017,88.21409
Ukraine,UKR,2018,88.57288
Ukraine,UKR,2019,90.68096
Ukraine,UKR,2020,91.11221
Ukraine,UKR,2021,91.148705
Ukraine,UKR,2022,92.771164
Ukraine,UKR,2023,94.57726
Ukraine,UKR,2024,93.30632
United Arab Emirates,ARE,1971,68.63228
United Arab Emirates,ARE,1972,74.60172
United Arab Emirates,ARE,1973,79.58193
United Arab Emirates,ARE,1974,81.77002
United Arab Emirates,ARE,1975,82.77572
United Arab Emirates,ARE,1976,93.62973
United Arab Emirates,ARE,1977,98.19111
United Arab Emirates,ARE,1978,97.5531
United Arab Emirates,ARE,1979,94.15936
United Arab Emirates,ARE,1980,91.82614
United Arab Emirates,ARE,1981,88.28505
United Arab Emirates,ARE,1982,95.02551
United Arab Emirates,ARE,1983,96.24738
United Arab Emirates,ARE,1984,95.9791
United Arab Emirates,ARE,1985,93.97072
United Arab Emirates,ARE,1986,93.40845
United Arab Emirates,ARE,1987,92.60816
United Arab Emirates,ARE,1988,94.44104
United Arab Emirates,ARE,1989,98.41144
United Arab Emirates,ARE,1990,102.33945
United Arab Emirates,ARE,1991,103.96085
United Arab Emirates,ARE,1992,100.72739
United Arab Emirates,ARE,1993,99.32401
United Arab Emirates,ARE,1994,101.03699
United Arab Emirates,ARE,1995,102.91308
United Arab Emirates,ARE,1996,100.30485
United Arab Emirates,ARE,1997,96.92177
United Arab Emirates,ARE,1998,97.98876
United Arab Emirates,ARE,1999,102.451
United Arab Emirates,ARE,2000,119.75535
United Arab Emirates,ARE,2001,122.86998
United Arab Emirates,ARE,2002,118.77543
United Arab Emirates,ARE,2003,117.25965
United Arab Emirates,ARE,2004,110.69412
United Arab Emirates,ARE,2005,105.71991
United Arab Emirates,ARE,2006,100.25807
United Arab Emirates,ARE,2018,105.67536
United Arab Emirates,ARE,2019,107.533195
United Arab Emirates,ARE,2020,108.0698
United Arab Emirates,ARE,2021,106.65283
United Arab Emirates,ARE,2022,107.28743
United Arab Emirates,ARE,2023,106.25995
United Arab Emirates,ARE,2024,108.04442
United Kingdom,GBR,2000,100.59176
United Kingdom,GBR,2001,100.93594
United Kingdom,GBR,2002,100.69219
United Kingdom,GBR,2003,100.59812
United Kingdom,GBR,2004,105.93807
United Kingdom,GBR,2005,105.80471
United Kingdom,GBR,2006,104.35407
United Kingdom,GBR,2007,103.10492
United Kingdom,GBR,2008,105.74194
United Kingdom,GBR,2009,105.42124
United Kingdom,GBR,2010,105.67324
United Kingdom,GBR,2011,105.02626
United Kingdom,GBR,2012,105.80506
United Kingdom,GBR,2013,105.3564
United Kingdom,GBR,2014,100.0126
United Kingdom,GBR,2015,100.21656
United Kingdom,GBR,2016,100.39779
United Kingdom,GBR,2017,100.80362
United Kingdom,GBR,2018,101.35554
United Kingdom,GBR,2019,101.94419
United Kingdom,GBR,2020,102.26576
United Kingdom,GBR,2021,102.2439
United Kingdom,GBR,2022,102.48096
United Kingdom,GBR,2023,102.17129
United States,USA,1971,88.70267
United States,USA,1972,88.78062
United States,USA,1973,91.8321
United States,USA,1974,91.84334
United States,USA,1975,91.98314
United States,USA,1976,92.34605
United States,USA,1977,91.88937
United States,USA,1978,91.69011
United States,USA,1979,91.48823
United States,USA,1980,100.42947
United States,USA,1981,100.54344
United States,USA,1982,103.41622
United States,USA,1983,103.79075
United States,USA,1984,103.05622
United States,USA,1985,102.52435
United States,USA,1986,102.37382
United States,USA,1987,102.06872
United States,USA,1990,104.05411
United States,USA,1991,103.08097
United States,USA,1993,102.80172
United States,USA,1994,102.63963
United States,USA,1995,104.00316
United States,USA,1996,103.17633
United States,USA,1998,102.28461
United States,USA,1999,102.05839
United States,USA,2005,101.87402
United States,USA,2013,99.45544
United States,USA,2014,99.67338
United States,USA,2015,100.29991
United States,USA,2016,101.36286
United States,USA,2017,101.82144
United States,USA,2018,101.25656
United States,USA,2019,100.9813
United States,USA,2020,100.30579
United States,USA,2021,98.30549
United States,USA,2022,96.97173
United States Virgin Islands,VIR,1982,119.27404
United States Virgin Islands,VIR,1983,124.22884
United States Virgin Islands,VIR,1984,124.09828
United States Virgin Islands,VIR,1985,122.55224
United States Virgin Islands,VIR,1986,119.98716
United States Virgin Islands,VIR,1991,119.72408
United States Virgin Islands,VIR,1992,121.90992
United States Virgin Islands,VIR,1993,124.08498
Uruguay,URY,1970,114.31892
Uruguay,URY,1971,115.65698
Uruguay,URY,1972,112.90921
Uruguay,URY,1973,113.38121
Uruguay,URY,1974,106.51482
Uruguay,URY,1975,104.39383
Uruguay,URY,1976,105.22025
Uruguay,URY,1977,106.14741
Uruguay,URY,1978,106.88252
Uruguay,URY,1979,106.86454
Uruguay,URY,1980,107.59244
Uruguay,URY,1981,123.69721
Uruguay,URY,1982,113.65824
Uruguay,URY,1983,107.40734
Uruguay,URY,1984,105.92649
Uruguay,URY,1985,106.61807
Uruguay,URY,1986,106.38394
Uruguay,URY,1987,107.5519
Uruguay,URY,1988,108.97034
Uruguay,URY,1989,110.69535
Uruguay,URY,1990,111.23327
Uruguay,URY,1991,110.93284
Uruguay,URY,1992,110.78845
Uruguay,URY,1993,110.75946
Uruguay,URY,1994,110.06802
Uruguay,URY,1995,110.26879
Uruguay,URY,1996,110.67332
Uruguay,URY,1997,115.63105
Uruguay,URY,1998,115.0194
Uruguay,URY,1999,114.67854
Uruguay,URY,2000,110.20019
Uruguay,URY,2001,109.69227
Uruguay,URY,2002,111.09325
Uruguay,URY,2003,111.05597
Uruguay,URY,2004,111.08836
Uruguay,URY,2005,110.98373
Uruguay,URY,2006,111.68822
Uruguay,URY,2007,111.18126
Uruguay,URY,2008,110.9173
Uruguay,URY,2009,110.8201
Uruguay,URY,2010,109.97649
Uruguay,URY,2011,109.46402
Uruguay,URY,2012,108.713524
Uruguay,URY,2013,108.65516
Uruguay,URY,2014,108.393036
Uruguay,URY,2015,108.15932
Uruguay,URY,2016,108.08229
Uruguay,URY,2017,107.14653
Uruguay,URY,2018,105.11993
Uruguay,URY,2019,104.35416
Uruguay,URY,2020,105.2366
Uruguay,URY,2021,107.99081
Uruguay,URY,2022,108.82276
Uruguay,URY,2023,104.53246
Uzbekistan,UZB,1981,111.1524
Uzbekistan,UZB,1986,117.57515
Uzbekistan,UZB,1989,112.04938
Uzbekistan,UZB,1990,112.61435
Uzbekistan,UZB,1991,112.96273
Uzbekistan,UZB,1992,104.16762
Uzbekistan,UZB,1993,102.64214
Uzbekistan,UZB,1994,102.86052
Uzbekistan,UZB,1995,102.72117
Uzbekistan,UZB,1996,99.36587
Uzbekistan,UZB,1997,100.62309
Uzbekistan,UZB,1998,101.40691
Uzbekistan,UZB,1999,101.81954
Uzbekistan,UZB,2000,99.15224
Uzbekistan,UZB,2001,98.11448
Uzbekistan,UZB,2002,97.98256
Uzbekistan,UZB,2003,97.2715
Uzbekistan,UZB,2004,96.99094
Uzbekistan,UZB,2005,96.85986
Uzbekistan,UZB,2006,96.19648
Uzbekistan,UZB,2007,96.35515
Uzbekistan,UZB,2008,96.60529
Uzbekistan,UZB,2009,96.99548
Uzbekistan,UZB,2010,96.509224
Uzbekistan,UZB,2011,95.38402
Uzbekistan,UZB,2012,95.12148
Uzbekistan,UZB,2013,95.44646
Uzbekistan,UZB,2014,96.776955
Uzbekistan,UZB,2015,96.84696
Uzbekistan,UZB,2016,97.6623
Uzbekistan,UZB,2017,98.04865
Uzbekistan,UZB,2018,98.28665
Uzbekistan,UZB,2019,98.25693
Uzbekistan,UZB,2020,98.61531
Uzbekistan,UZB,2021,97.928925
Uzbekistan,UZB,2022,93.90998
Uzbekistan,UZB,2023,93.48882
Uzbekistan,UZB,2024,94.43167
Uzbekistan,UZB,2025,120.864044
Vanuatu,VUT,1970,123.20259
Vanuatu,VUT,1971,123.37756
Vanuatu,VUT,1972,118.00266
Vanuatu,VUT,1973,118.9423
Vanuatu,VUT,1974,120.26437
Vanuatu,VUT,1975,119.49218
Vanuatu,VUT,1976,120.14087
Vanuatu,VUT,1977,120.33551
Vanuatu,VUT,1978,120.85757
Vanuatu,VUT,1979,122.05709
Vanuatu,VUT,1980,114.88962
Vanuatu,VUT,1981,110.44381
Vanuatu,VUT,1983,102.41252
Vanuatu,VUT,1985,115.00251
Vanuatu,VUT,1986,117.9822
Vanuatu,VUT,1987,116.60366
Vanuatu,VUT,1988,116.31333
Vanuatu,VUT,1989,114.27004
Vanuatu,VUT,1990,103.83147
Vanuatu,VUT,1991,96.106
Vanuatu,VUT,1992,97.85054
Vanuatu,VUT,1993,109.02818
Vanuatu,VUT,1994,107.16748
Vanuatu,VUT,1997,104.64434
Vanuatu,VUT,1998,111.27084
Vanuatu,VUT,1999,109.37908
Vanuatu,VUT,2000,112.03442
Vanuatu,VUT,2001,112.96486
Vanuatu,VUT,2002,114.86114
Vanuatu,VUT,2003,120.06706
Vanuatu,VUT,2004,118.65026
Vanuatu,VUT,2005,117.43371
Vanuatu,VUT,2006,112.99125
Vanuatu,VUT,2007,114.87546
Vanuatu,VUT,2008,116.41521
Vanuatu,VUT,2009,115.38026
Vanuatu,VUT,2010,122.73074
Vanuatu,VUT,2013,123.9264
Vanuatu,VUT,2015,121.88139
Vanuatu,VUT,2019,125.50654
Vanuatu,VUT,2020,125.12481
Vanuatu,VUT,2021,122.87289
Vanuatu,VUT,2022,118.36653
Vanuatu,VUT,2023,113.170784
Vanuatu,VUT,2024,112.491974
Venezuela,VEN,1971,89.08631
Venezuela,VEN,1972,90.57197
Venezuela,VEN,1973,91.30415
Venezuela,VEN,1974,90.82086
Venezuela,VEN,1975,92.03941
Venezuela,VEN,1976,95.63989
Venezuela,VEN,1977,98.16888
Venezuela,VEN,1978,101.07674
Venezuela,VEN,1979,102.41316
Venezuela,VEN,1980,104.08597
Venezuela,VEN,1981,105.4141
Venezuela,VEN,1982,106.07884
Venezuela,VEN,1983,105.25444
Venezuela,VEN,1984,103.98254
Venezuela,VEN,1985,104.39527
Venezuela,VEN,1986,104.34031
Venezuela,VEN,1987,103.78647
Venezuela,VEN,1988,103.34563
Venezuela,VEN,1989,102.94651
Venezuela,VEN,1990,103.63254
Venezuela,VEN,1991,107.00603
Venezuela,VEN,1992,108.72569
Venezuela,VEN,1993,107.15224
Venezuela,VEN,1996,98.7613
Venezuela,VEN,1997,100.0051
Venezuela,VEN,1999,98.339
Venezuela,VEN,2000,99.86499
Venezuela,VEN,2001,102.41566
Venezuela,VEN,2002,104.67631
Venezuela,VEN,2003,102.77711
Venezuela,VEN,2004,102.65809
Venezuela,VEN,2005,102.2754
Venezuela,VEN,2006,102.0635
Venezuela,VEN,2007,103.89139
Venezuela,VEN,2008,101.03289
Venezuela,VEN,2009,101.23586
Venezuela,VEN,2010,100.68516
Venezuela,VEN,2011,100.66476
Venezuela,VEN,2012,100.78789
Venezuela,VEN,2013,101.16229
Venezuela,VEN,2014,100.27665
Venezuela,VEN,2015,99.87618
Venezuela,VEN,2016,97.50659
Venezuela,VEN,2017,95.05072
Venezuela,VEN,2022,109.25956
Venezuela,VEN,2023,111.13041
Venezuela,VEN,2024,113.69388
Vietnam,VNM,1976,122.26972
Vietnam,VNM,1977,125.82382
Vietnam,VNM,1978,123.55283
Vietnam,VNM,1979,112.34538
Vietnam,VNM,1980,117.02286
Vietnam,VNM,1981,113.0403
Vietnam,VNM,1983,107.12721
Vietnam,VNM,1984,106.49438
Vietnam,VNM,1985,105.15331
Vietnam,VNM,1986,104.70445
Vietnam,VNM,1987,107.51531
Vietnam,VNM,1988,107.9376
Vietnam,VNM,1989,105.7967
Vietnam,VNM,1990,102.54318
Vietnam,VNM,1991,103.64363
Vietnam,VNM,1992,104.49943
Vietnam,VNM,1993,108.63986
Vietnam,VNM,1994,111.88601
Vietnam,VNM,1995,115.78685
Vietnam,VNM,1996,118.32006
Vietnam,VNM,1997,120.42115
Vietnam,VNM,1998,119.42287
Vietnam,VNM,1999,116.10541
Vietnam,VNM,2000,113.52956
Vietnam,VNM,2001,111.2951
Vietnam,VNM,2002,109.35702
Vietnam,VNM,2003,107.7701
Vietnam,VNM,2004,106.74496
Vietnam,VNM,2005,104.89729
Vietnam,VNM,2006,103.91251
Vietnam,VNM,2007,102.28226
Vietnam,VNM,2008,100.98104
Vietnam,VNM,2009,100.05769
Vietnam,VNM,2010,100.91968
Vietnam,VNM,2011,101.38405
Vietnam,VNM,2012,102.054955
Vietnam,VNM,2013,102.26237
Vietnam,VNM,2014,103.08356
Vietnam,VNM,2015,103.27837
Vietnam,VNM,2016,105.94759
Vietnam,VNM,2017,104.43766
Vietnam,VNM,2018,104.190506
Vietnam,VNM,2019,103.33727
Vietnam,VNM,2020,102.84775
Vietnam,VNM,2021,103.39128
Vietnam,VNM,2022,104.129395
Vietnam,VNM,2023,105.17081
Vietnam,VNM,2024,106.332886
Yemen,YEM,1999,63.51522
Yemen,YEM,2001,68.98516
Yemen,YEM,2002,71.0543
Yemen,YEM,2003,74.38633
Yemen,YEM,2004,77.44957
Yemen,YEM,2005,79.41656
Yemen,YEM,2008,77.91959
Yemen,YEM,2010,77.85576
Yemen,YEM,2011,80.8095
Yemen,YEM,2012,79.96325
Yemen,YEM,2013,82.07309
Yemen,YEM,2016,76.97538
Zambia,ZMB,1970,85.69793
Zambia,ZMB,1971,86.97986
Zambia,ZMB,1972,89.578
Zambia,ZMB,1973,90.14599
Zambia,ZMB,1974,92.26491
Zambia,ZMB,1975,90.6273
Zambia,ZMB,1976,91.07057
Zambia,ZMB,1977,90.71215
Zambia,ZMB,1978,90.06588
Zambia,ZMB,1979,89.72943
Zambia,ZMB,1980,90.43949
Zambia,ZMB,1981,89.80042
Zambia,ZMB,1982,90.52144
Zambia,ZMB,1983,93.01473
Zambia,ZMB,1984,95.2896
Zambia,ZMB,1985,98.29081
Zambia,ZMB,1986,97.55254
Zambia,ZMB,1987,95.95713
Zambia,ZMB,1988,96.09653
Zambia,ZMB,1989,95.34286
Zambia,ZMB,1990,94.28443
Zambia,ZMB,1991,95.33698
Zambia,ZMB,1994,88.66022
Zambia,ZMB,1995,86.30983
Zambia,ZMB,1996,84.71403
Zambia,ZMB,1998,82.66857
Zambia,ZMB,1999,80.5592
Zambia,ZMB,2000,80.37007
Zambia,ZMB,2001,80.17201
Zambia,ZMB,2002,83.15868
Zambia,ZMB,2004,102.25474
Zambia,ZMB,2005,113.55629
Zambia,ZMB,2006,114.72246
Zambia,ZMB,2007,115.8436
Zambia,ZMB,2008,117.08868
Zambia,ZMB,2009,110.93385
Zambia,ZMB,2010,109.873665
Zambia,ZMB,2011,111.400734
Zambia,ZMB,2012,111.61851
Zambia,ZMB,2013,105.88756
Zambia,ZMB,2014,107.06889
Zambia,ZMB,2015,103.41382
Zambia,ZMB,2016,99.571556
Zambia,ZMB,2017,98.795006
Zambia,ZMB,2024,115.55092
Zimbabwe,ZWE,1970,71.46588
Zimbabwe,ZWE,1971,65.86502
Zimbabwe,ZWE,1972,69.56179
Zimbabwe,ZWE,1973,70.65519
Zimbabwe,ZWE,1974,72.42585
Zimbabwe,ZWE,1975,72.58855
Zimbabwe,ZWE,1976,72.20739
Zimbabwe,ZWE,1977,70.88673
Zimbabwe,ZWE,1978,64.6699
Zimbabwe,ZWE,1979,64.6742
Zimbabwe,ZWE,1980,92.90637
Zimbabwe,ZWE,1981,115.13185
Zimbabwe,ZWE,1982,124.15843
Zimbabwe,ZWE,1983,128.46625
Zimbabwe,ZWE,1984,129.08014
Zimbabwe,ZWE,1985,129.1898
Zimbabwe,ZWE,1986,127.25357
Zimbabwe,ZWE,1987,118.56285
Zimbabwe,ZWE,1988,108.99021
Zimbabwe,ZWE,1989,105.42462
Zimbabwe,ZWE,1990,97.20713
Zimbabwe,ZWE,1991,102.51281
Zimbabwe,ZWE,1992,101.05292
Zimbabwe,ZWE,1993,96.04766
Zimbabwe,ZWE,1995,101.23665
Zimbabwe,ZWE,1996,103.49055
Zimbabwe,ZWE,1997,106.2802
Zimbabwe,ZWE,1998,107.4323
Zimbabwe,ZWE,1999,108.80463
Zimbabwe,ZWE,2000,112.04549
Zimbabwe,ZWE,2001,116.90483
Zimbabwe,ZWE,2002,111.59956
Zimbabwe,ZWE,2003,109.80422
Zimbabwe,ZWE,2012,100.09813
Zimbabwe,ZWE,2013,99.17264
Zimbabwe,ZWE,2014,98.24782
Zimbabwe,ZWE,2015,97.22907
Zimbabwe,ZWE,2016,95.73409
Zimbabwe,ZWE,2017,94.334175
Zimbabwe,ZWE,2018,93.7552
Zimbabwe,ZWE,2019,93.42709
Zimbabwe,ZWE,2020,93.61259
Zimbabwe,ZWE,2021,92.78469
Zimbabwe,ZWE,2022,93.16596
Zimbabwe,ZWE,2023,93.23838
Zimbabwe,ZWE,2024,93.07721
