Entity,Code,Year,Primary school age
Afghanistan,AFG,1974,72.48552
Afghanistan,AFG,1993,68.77155
Albania,ALB,1999,3.06716
Albania,ALB,2000,3.14056
Albania,ALB,2001,3.11346
Albania,ALB,2003,1.33887
Albania,ALB,2004,3.56275
Albania,ALB,2008,6.73451
Albania,ALB,2009,5.63091
Albania,ALB,2010,6.217458
Albania,ALB,2011,4.5020137
Albania,ALB,2012,2.833544
Albania,ALB,2013,3.1580665
Albania,ALB,2014,0.38362
Albania,ALB,2015,0.17577744
Albania,ALB,2016,0.1161279
Albania,ALB,2017,0.6870004
Albania,ALB,2018,1.3674617
Albania,ALB,2019,2.1948545
Albania,ALB,2020,3.96766
Albania,ALB,2021,6.6652374
Albania,ALB,2022,8.477967
Albania,ALB,2023,10.865323
Albania,ALB,2024,0.48762
Algeria,DZA,1973,30.5287
Algeria,DZA,1974,25.24024
Algeria,DZA,1975,21.44466
Algeria,DZA,1976,21.24453
Algeria,DZA,1977,22.89033
Algeria,DZA,1978,22.05064
Algeria,DZA,1979,21.9953
Algeria,DZA,1980,20.83999
Algeria,DZA,1981,20.52269
Algeria,DZA,1982,20.62151
Algeria,DZA,1983,20.36764
Algeria,DZA,1984,18.09641
Algeria,DZA,1985,16.60428
Algeria,DZA,1986,14.57302
Algeria,DZA,1987,12.66848
Algeria,DZA,1988,11.26215
Algeria,DZA,1989,10.61067
Algeria,DZA,1990,10.95462
Algeria,DZA,1991,10.11002
Algeria,DZA,1992,9.70918
Algeria,DZA,1993,10.89274
Algeria,DZA,1994,10.94165
Algeria,DZA,1995,10.49197
Algeria,DZA,1996,10.61929
Algeria,DZA,1997,10.69823
Algeria,DZA,1999,6.67003
Algeria,DZA,2000,5.30921
Algeria,DZA,2001,2.79632
Algeria,DZA,2002,1.15476
Algeria,DZA,2003,0.78499
Algeria,DZA,2004,0.87258
Algeria,DZA,2005,0.51511
Algeria,DZA,2006,0.88907
Algeria,DZA,2007,1.65556
Algeria,DZA,2008,1.23505
Algeria,DZA,2009,1.11156
Algeria,DZA,2010,1.0839697
Algeria,DZA,2011,0.8278067
Algeria,DZA,2012,0.6627164
Algeria,DZA,2013,0.47569004
Algeria,DZA,2014,0.4791783
Algeria,DZA,2015,0.41092628
Algeria,DZA,2016,0.47102788
Algeria,DZA,2017,0.41676265
Algeria,DZA,2018,0.7300368
Algeria,DZA,2019,1.9147688
Algeria,DZA,2020,0.2483567
Algeria,DZA,2021,0.87887496
Algeria,DZA,2022,2.1304505
Algeria,DZA,2023,0.93002933
Algeria,DZA,2024,1.5795172
Algeria,DZA,2025,1.5670915
Andorra,AND,2014,9.3556
Andorra,AND,2015,8.70213
Andorra,AND,2016,6.68667
Andorra,AND,2017,6.36902
Andorra,AND,2018,6.0193
Andorra,AND,2019,7.06861
Andorra,AND,2020,8.19292
Andorra,AND,2021,7.16157
Andorra,AND,2022,6.75348
Andorra,AND,2023,0.18091
Andorra,AND,2024,2.41477
Angola,AGO,1982,47.33651
Angola,AGO,1983,50.68501
Angola,AGO,1998,51.41867
Angola,AGO,2008,11.19437
Angola,AGO,2009,12.38203
Angola,AGO,2010,11.825303
Angola,AGO,2011,12.35489
Angola,AGO,2023,36.76215
Anguilla,AIA,1999,0.58502
Anguilla,AIA,2000,0.64016
Anguilla,AIA,2001,1.64068
Anguilla,AIA,2002,2.00831
Anguilla,AIA,2003,1.683
Anguilla,AIA,2004,2.95983
Anguilla,AIA,2005,2.42887
Anguilla,AIA,2006,1.34542
Anguilla,AIA,2007,2.71069
Anguilla,AIA,2009,3.38071
Anguilla,AIA,2010,3.49071
Anguilla,AIA,2011,4.16466
Antigua and Barbuda,ATG,2007,0.36167
Antigua and Barbuda,ATG,2008,0.25092
Antigua and Barbuda,ATG,2009,1.45594
Antigua and Barbuda,ATG,2010,3.28413
Antigua and Barbuda,ATG,2011,1.34688
Antigua and Barbuda,ATG,2012,0.45412
Antigua and Barbuda,ATG,2013,2.9225469
Antigua and Barbuda,ATG,2014,1.1608623
Antigua and Barbuda,ATG,2015,0.95145154
Antigua and Barbuda,ATG,2016,1.1967342
Antigua and Barbuda,ATG,2017,1.3687
Antigua and Barbuda,ATG,2018,0.91236466
Antigua and Barbuda,ATG,2019,0.23562162
Antigua and Barbuda,ATG,2023,1.7110126
Argentina,ARG,1970,5.40711
Argentina,ARG,1974,2.82587
Argentina,ARG,1975,3.22059
Argentina,ARG,1987,2.40957
Argentina,ARG,1991,4.16728
Argentina,ARG,1997,0
Argentina,ARG,1998,0.73262
Argentina,ARG,1999,0.84348
Argentina,ARG,2000,0.5418
Argentina,ARG,2001,0.58694
Argentina,ARG,2002,0.57922
Argentina,ARG,2003,0.50591
Argentina,ARG,2004,0.12403
Argentina,ARG,2005,0.28207
Argentina,ARG,2006,0.43842
Argentina,ARG,2007,0.55531
Argentina,ARG,2008,0.48161
Argentina,ARG,2009,0.4571
Argentina,ARG,2010,0.17116502
Argentina,ARG,2011,0.009467504
Argentina,ARG,2012,0.02086601
Argentina,ARG,2013,0.06936763
Argentina,ARG,2014,0.20132399
Argentina,ARG,2015,0.3163805
Argentina,ARG,2016,0.5142041
Argentina,ARG,2017,0.5817265
Argentina,ARG,2018,0.6401503
Argentina,ARG,2019,0.61998916
Argentina,ARG,2020,0.8315457
Argentina,ARG,2021,0.7940449
Argentina,ARG,2022,0.747436
Argentina,ARG,2023,0.7346221
Armenia,ARM,2002,8.39183
Armenia,ARM,2003,7.30819
Armenia,ARM,2005,6.77396
Armenia,ARM,2006,4.33794
Armenia,ARM,2007,1.81366
Armenia,ARM,2011,4.98234
Armenia,ARM,2012,5.3715
Armenia,ARM,2013,5.93837
Armenia,ARM,2014,8.25212
Armenia,ARM,2015,7.02593
Armenia,ARM,2016,7.420971
Armenia,ARM,2017,7.142114
Armenia,ARM,2018,7.488349
Armenia,ARM,2019,8.405432
Armenia,ARM,2020,8.874154
Armenia,ARM,2021,7.2016096
Armenia,ARM,2022,5.3599653
Armenia,ARM,2023,3.5092235
Armenia,ARM,2024,1.0841454
Aruba,ABW,1999,6.82961
Aruba,ABW,2000,3.29141
Aruba,ABW,2001,0.51983
Aruba,ABW,2002,1.94417
Aruba,ABW,2003,2.75967
Aruba,ABW,2004,2.03862
Aruba,ABW,2005,0.53695
Aruba,ABW,2006,1.65373
Aruba,ABW,2007,3.47342
Aruba,ABW,2008,2.63326
Aruba,ABW,2009,0.85971
Aruba,ABW,2014,1.7554
Australia,AUS,2000,4.70643
Australia,AUS,2001,0.47572
Australia,AUS,2002,0.33128
Australia,AUS,2003,1.3843
Australia,AUS,2004,1.11955
Australia,AUS,2005,0.57263
Australia,AUS,2006,0.48196
Australia,AUS,2007,0.26154
Australia,AUS,2008,0.29742
Australia,AUS,2009,0.3046
Australia,AUS,2010,0.3235
Australia,AUS,2011,2.70569
Australia,AUS,2012,2.30446
Australia,AUS,2013,0.04827
Australia,AUS,2014,0.07196
Australia,AUS,2015,0.02813
Australia,AUS,2016,0.00778
Australia,AUS,2017,0.05779
Australia,AUS,2018,0.19165
Australia,AUS,2019,0.21404
Australia,AUS,2020,0.58085
Australia,AUS,2021,0.36781
Australia,AUS,2022,0.29641
Australia,AUS,2023,0.20745
Australia,AUS,2024,0.12431
Austria,AUT,2001,1.7277
Austria,AUT,2002,1.91212
Austria,AUT,2003,2.00231
Austria,AUT,2004,1.51944
Austria,AUT,2005,1.59819
Austria,AUT,2006,1.95814
Austria,AUT,2007,1.54343
Austria,AUT,2008,1.40164
Austria,AUT,2009,1.41786
Austria,AUT,2010,1.30096
Austria,AUT,2011,2.05923
Austria,AUT,2012,1.92673
Austria,AUT,2013,1.48
Austria,AUT,2014,1.29589
Austria,AUT,2015,1.34192
Austria,AUT,2016,1.99799
Austria,AUT,2017,1.33122
Austria,AUT,2018,1.25853
Austria,AUT,2019,1.23358
Austria,AUT,2020,1.17481
Austria,AUT,2021,0.94779
Austria,AUT,2022,1.67592
Austria,AUT,2023,1.49949
Austria,AUT,2024,1.42959
Azerbaijan,AZE,2000,8.49331
Azerbaijan,AZE,2001,11.27719
Azerbaijan,AZE,2002,11.74764
Azerbaijan,AZE,2003,13.43152
Azerbaijan,AZE,2004,12.51805
Azerbaijan,AZE,2005,13.01972
Azerbaijan,AZE,2006,12.84241
Azerbaijan,AZE,2007,13.18632
Azerbaijan,AZE,2008,13.3261
Azerbaijan,AZE,2009,11.97428
Azerbaijan,AZE,2010,12.754023
Azerbaijan,AZE,2011,10.553677
Azerbaijan,AZE,2012,7.860477
Azerbaijan,AZE,2013,1.7234285
Azerbaijan,AZE,2014,0.7452602
Azerbaijan,AZE,2015,1.1566665
Azerbaijan,AZE,2016,0.79481006
Azerbaijan,AZE,2017,2.0349612
Azerbaijan,AZE,2018,3.8943484
Azerbaijan,AZE,2019,8.4502535
Azerbaijan,AZE,2020,8.193203
Azerbaijan,AZE,2021,8.010997
Azerbaijan,AZE,2022,4.217606
Azerbaijan,AZE,2023,1.5381212
Azerbaijan,AZE,2024,0.026582628
Bahamas,BHS,1972,0
Bahamas,BHS,1973,5.29178
Bahamas,BHS,1974,6.15187
Bahamas,BHS,1975,6.67431
Bahamas,BHS,1976,7.40048
Bahamas,BHS,1977,6.99409
Bahamas,BHS,1980,5.27443
Bahamas,BHS,1981,0.89889
Bahamas,BHS,1984,3.43368
Bahamas,BHS,1992,0.16789
Bahamas,BHS,1993,0.54134
Bahamas,BHS,1994,0
Bahamas,BHS,1999,14.18711
Bahamas,BHS,2004,12.52166
Bahamas,BHS,2005,8.72436
Bahamas,BHS,2006,9.81267
Bahamas,BHS,2007,6.14188
Bahamas,BHS,2008,4.90199
Bahamas,BHS,2009,7.173
Bahamas,BHS,2010,7.0549555
Bahamas,BHS,2011,1.1522324
Bahamas,BHS,2012,3.2146854
Bahamas,BHS,2023,28.91781
Bahamas,BHS,2024,15.876039
Bahrain,BHR,1971,30.84208
Bahrain,BHR,1972,30.61284
Bahrain,BHR,1973,30.91683
Bahrain,BHR,1974,29.12838
Bahrain,BHR,1975,23.98334
Bahrain,BHR,1976,23.34487
Bahrain,BHR,1977,20.49148
Bahrain,BHR,1978,20.76044
Bahrain,BHR,1979,20.13109
Bahrain,BHR,1980,20.28709
Bahrain,BHR,1981,23.80014
Bahrain,BHR,1982,26.66262
Bahrain,BHR,1983,24.55114
Bahrain,BHR,1984,21.0756
Bahrain,BHR,1985,16.2073
Bahrain,BHR,1986,10.72092
Bahrain,BHR,1987,10.32061
Bahrain,BHR,1988,6.99564
Bahrain,BHR,1989,6.79147
Bahrain,BHR,1991,10.28885
Bahrain,BHR,1992,15.7323
Bahrain,BHR,1993,15.13302
Bahrain,BHR,1994,14.6493
Bahrain,BHR,1995,12.70002
Bahrain,BHR,1996,11.54411
Bahrain,BHR,1997,10.747
Bahrain,BHR,1998,6.97488
Bahrain,BHR,1999,4.8797
Bahrain,BHR,2000,7.08633
Bahrain,BHR,2001,7.22977
Bahrain,BHR,2002,8.95054
Bahrain,BHR,2003,10.71528
Bahrain,BHR,2004,10.1721
Bahrain,BHR,2005,9.96265
Bahrain,BHR,2006,4.41539
Bahrain,BHR,2011,6.4063888
Bahrain,BHR,2012,0.5222099
Bahrain,BHR,2013,0.4196533
Bahrain,BHR,2014,0.54477304
Bahrain,BHR,2015,1.5891234
Bahrain,BHR,2016,1.6879226
Bahrain,BHR,2017,1.8067164
Bahrain,BHR,2018,2.8281114
Bahrain,BHR,2019,3.011071
Bahrain,BHR,2022,3.2448428
Bahrain,BHR,2023,6.712273
Bahrain,BHR,2024,4.7469306
Bangladesh,BGD,1970,51.0747
Bangladesh,BGD,1973,30.8387
Bangladesh,BGD,1976,25.81719
Bangladesh,BGD,1977,31.18078
Bangladesh,BGD,1978,33.08418
Bangladesh,BGD,1981,39.22603
Bangladesh,BGD,1983,42.04261
Bangladesh,BGD,1984,42.6978
Bangladesh,BGD,1985,43.80204
Bangladesh,BGD,1986,44.19919
Bangladesh,BGD,1987,44.76028
Bangladesh,BGD,1988,34.97424
Bangladesh,BGD,1989,35.12296
Bangladesh,BGD,1990,32.57108
Bangladesh,BGD,2005,6.82541
Bangladesh,BGD,2006,7.5425
Bangladesh,BGD,2008,13.089
Bangladesh,BGD,2009,12.92776
Bangladesh,BGD,2010,9.75357
Bangladesh,BGD,2017,3.2782767
Bangladesh,BGD,2018,3.3579295
Bangladesh,BGD,2022,7.2862425
Bangladesh,BGD,2023,6.8846154
Bangladesh,BGD,2024,5.862196
Barbados,BRB,1971,12.10868
Barbados,BRB,1972,11.2235
Barbados,BRB,1973,12.69794
Barbados,BRB,1976,11.59675
Barbados,BRB,1977,8.15793
Barbados,BRB,1978,4.72821
Barbados,BRB,1979,3.03307
Barbados,BRB,1981,1.52998
Barbados,BRB,1982,0.47728
Barbados,BRB,1983,2.16548
Barbados,BRB,1989,1.93431
Barbados,BRB,1990,4.40031
Barbados,BRB,1992,9.7735
Barbados,BRB,1999,0.64976
Barbados,BRB,2000,0.42706
Barbados,BRB,2001,0.53009
Barbados,BRB,2002,1.02306
Barbados,BRB,2003,0.99058
Barbados,BRB,2004,0.6139
Barbados,BRB,2005,2.64384
Barbados,BRB,2006,1.88024
Barbados,BRB,2007,1.98349
Barbados,BRB,2008,1.93035
Barbados,BRB,2009,3.39891
Barbados,BRB,2010,1.7745994
Barbados,BRB,2011,2.0202923
Barbados,BRB,2014,5.29744
Barbados,BRB,2015,4.6632595
Barbados,BRB,2016,3.940411
Barbados,BRB,2017,6.80987
Barbados,BRB,2018,6.443624
Barbados,BRB,2019,6.3488283
Barbados,BRB,2020,7.6722827
Barbados,BRB,2021,9.338209
Barbados,BRB,2022,12.088191
Barbados,BRB,2023,14.48297
Barbados,BRB,2024,17.596212
Belarus,BLR,1995,14.07629
Belarus,BLR,2001,0
Belarus,BLR,2002,0.62596
Belarus,BLR,2003,0.43548
Belarus,BLR,2004,1.88443
Belarus,BLR,2005,1.75583
Belarus,BLR,2006,1.41091
Belarus,BLR,2007,1.12298
Belarus,BLR,2008,0.50642
Belarus,BLR,2009,0.71382
Belarus,BLR,2010,0.6185
Belarus,BLR,2011,0.59898
Belarus,BLR,2012,0.63739
Belarus,BLR,2013,0.5305055
Belarus,BLR,2014,1.54319
Belarus,BLR,2015,2.1803565
Belarus,BLR,2016,2.153569
Belarus,BLR,2017,2.7534916
Belarus,BLR,2018,3.5358927
Belarus,BLR,2019,4.5607095
Belarus,BLR,2020,5.0625095
Belarus,BLR,2021,5.055651
Belarus,BLR,2022,5.303265
Belarus,BLR,2023,5.450072
Belarus,BLR,2024,4.4917655
Belgium,BEL,2001,0.11663
Belgium,BEL,2002,0.0883
Belgium,BEL,2003,0.11888
Belgium,BEL,2004,0.59015
Belgium,BEL,2005,0.54978
Belgium,BEL,2006,0.76435
Belgium,BEL,2007,0.92658
Belgium,BEL,2008,1.09429
Belgium,BEL,2009,1.2289
Belgium,BEL,2010,1.29542
Belgium,BEL,2011,2.10104
Belgium,BEL,2012,1.87756
Belgium,BEL,2013,1.80782
Belgium,BEL,2014,1.83107
Belgium,BEL,2015,1.85124
Belgium,BEL,2016,1.91904
Belgium,BEL,2017,1.38223
Belgium,BEL,2018,1.33836
Belgium,BEL,2019,1.34749
Belgium,BEL,2020,1.22927
Belgium,BEL,2021,1.47403
Belgium,BEL,2022,1.22425
Belgium,BEL,2023,1.65828
Belize,BLZ,1999,2.43399
Belize,BLZ,2000,2.46675
Belize,BLZ,2001,2.41435
Belize,BLZ,2003,1.47666
Belize,BLZ,2004,1.4479
Belize,BLZ,2005,0.32927
Belize,BLZ,2006,0.58228
Belize,BLZ,2007,0.82865
Belize,BLZ,2008,0.99794
Belize,BLZ,2009,1.46041
Belize,BLZ,2010,1.5252601
Belize,BLZ,2011,1.5181404
Belize,BLZ,2012,0.5185167
Belize,BLZ,2013,0.053957302
Belize,BLZ,2014,0.49833843
Belize,BLZ,2015,0.39010918
Belize,BLZ,2016,0.5186705
Belize,BLZ,2017,0.25854677
Belize,BLZ,2018,0.44111207
Belize,BLZ,2019,0.95285827
Belize,BLZ,2020,0.57673955
Belize,BLZ,2021,4.07249
Belize,BLZ,2022,8.093129
Belize,BLZ,2023,11.635585
Belize,BLZ,2024,10.6771
Benin,BEN,1984,53.39148
Benin,BEN,1985,52.56174
Benin,BEN,1986,54.47719
Benin,BEN,1988,55.10002
Benin,BEN,1989,54.81508
Benin,BEN,1990,63.65635
Benin,BEN,1992,55.01976
Benin,BEN,1993,51.21487
Benin,BEN,1994,50.04423
Benin,BEN,1995,47.60672
Benin,BEN,1996,45.49264
Benin,BEN,1997,42.12484
Benin,BEN,2003,20.99466
Benin,BEN,2004,17.96527
Benin,BEN,2005,21.74603
Benin,BEN,2006,19.15138
Benin,BEN,2008,15.20321
Benin,BEN,2009,9.47468
Benin,BEN,2010,7.90986
Benin,BEN,2011,6.93919
Benin,BEN,2012,4.10902
Benin,BEN,2013,3.84316
Benin,BEN,2014,3.48218
Benin,BEN,2016,3.03196
Benin,BEN,2017,7.11569
Benin,BEN,2018,9.978
Benin,BEN,2019,14.41529
Benin,BEN,2020,14.99215
Benin,BEN,2021,12.13472
Benin,BEN,2022,9.61021
Bermuda,BMU,1978,15.92677
Bermuda,BMU,1979,17.1914
Bermuda,BMU,1984,4.88195
Bermuda,BMU,1985,4.0231
Bermuda,BMU,2005,4.57117
Bermuda,BMU,2011,3.83886
Bermuda,BMU,2012,3.41018
Bhutan,BTN,1978,77.98242
Bhutan,BTN,1979,75.32375
Bhutan,BTN,1998,44.21301
Bhutan,BTN,1999,43.30809
Bhutan,BTN,2000,41.08287
Bhutan,BTN,2001,38.83112
Bhutan,BTN,2005,28.70302
Bhutan,BTN,2006,23.72199
Bhutan,BTN,2008,16.7647
Bhutan,BTN,2009,11.71003
Bhutan,BTN,2010,9.42728
Bhutan,BTN,2011,8.88959
Bhutan,BTN,2012,7.61062
Bhutan,BTN,2013,9.13839
Bhutan,BTN,2015,10.84668
Bhutan,BTN,2016,11.45706
Bhutan,BTN,2017,11.7077
Bhutan,BTN,2018,9.42406
Bhutan,BTN,2020,5.46226
Bhutan,BTN,2021,16.103025
Bhutan,BTN,2022,10.041428
Bhutan,BTN,2023,11.771979
Bhutan,BTN,2024,10.497915
Bolivia,BOL,1998,0.68445
Bolivia,BOL,1999,0.44924
Bolivia,BOL,2000,0.08388
Bolivia,BOL,2001,0.25142
Bolivia,BOL,2002,0.24686
Bolivia,BOL,2003,0.41243
Bolivia,BOL,2004,0.6565
Bolivia,BOL,2005,0.54713
Bolivia,BOL,2006,0.52445
Bolivia,BOL,2007,0.48252
Bolivia,BOL,2008,0.2681
Bolivia,BOL,2009,1.44128
Bolivia,BOL,2010,4.2625403
Bolivia,BOL,2011,6.774
Bolivia,BOL,2012,9.792747
Bolivia,BOL,2013,10.613959
Bolivia,BOL,2014,11.127805
Bolivia,BOL,2015,11.110288
Bolivia,BOL,2016,10.352192
Bolivia,BOL,2017,8.874076
Bolivia,BOL,2018,7.200138
Bolivia,BOL,2019,5.985229
Bolivia,BOL,2020,5.045591
Bolivia,BOL,2021,4.163184
Bolivia,BOL,2022,3.3812537
Bolivia,BOL,2023,4.1574845
Bolivia,BOL,2024,9.25127
Bosnia and Herzegovina,BIH,2009,13.53934
Bosnia and Herzegovina,BIH,2010,10.48617
Bosnia and Herzegovina,BIH,2011,10.31005
Bosnia and Herzegovina,BIH,2012,11.55139
Bosnia and Herzegovina,BIH,2013,11.16164
Bosnia and Herzegovina,BIH,2014,9.87746
Bosnia and Herzegovina,BIH,2015,7.9254
Bosnia and Herzegovina,BIH,2016,4.86941
Bosnia and Herzegovina,BIH,2017,1.96873
Bosnia and Herzegovina,BIH,2018,0.70386
Bosnia and Herzegovina,BIH,2020,1.84161
Bosnia and Herzegovina,BIH,2021,1.55017
Bosnia and Herzegovina,BIH,2022,1.49646
Bosnia and Herzegovina,BIH,2023,2.09729
Botswana,BWA,1970,49.98016
Botswana,BWA,1971,52.58036
Botswana,BWA,1972,50.90602
Botswana,BWA,1973,47.42017
Botswana,BWA,1974,42.87585
Botswana,BWA,1975,35.76184
Botswana,BWA,1976,30.96557
Botswana,BWA,1977,26.42616
Botswana,BWA,1978,25.4199
Botswana,BWA,1979,24.34762
Botswana,BWA,1980,20.32665
Botswana,BWA,1981,14.99997
Botswana,BWA,1983,11.23636
Botswana,BWA,1984,11.05259
Botswana,BWA,1985,9.05256
Botswana,BWA,1986,8.74468
Botswana,BWA,1987,8.96261
Botswana,BWA,1988,9.25269
Botswana,BWA,1989,8.90551
Botswana,BWA,1990,9.76736
Botswana,BWA,1991,7.68972
Botswana,BWA,1992,8.93146
Botswana,BWA,1993,10.07028
Botswana,BWA,1994,10.66003
Botswana,BWA,1995,20.10258
Botswana,BWA,1996,19.6571
Botswana,BWA,1998,16.70779
Botswana,BWA,1999,17.30316
Botswana,BWA,2000,16.21905
Botswana,BWA,2001,14.46972
Botswana,BWA,2002,13.9515
Botswana,BWA,2003,13.1867
Botswana,BWA,2004,11.61303
Botswana,BWA,2005,10.57801
Botswana,BWA,2006,9.2685
Botswana,BWA,2007,10.25729
Botswana,BWA,2008,10.92104
Botswana,BWA,2009,11.06505
Botswana,BWA,2012,9.077708
Botswana,BWA,2013,10.739824
Botswana,BWA,2014,11.939808
Botswana,BWA,2022,0.5350688
Brazil,BRA,2012,6.47428
Brazil,BRA,2013,4.52869
Brazil,BRA,2014,4.4241
Brazil,BRA,2015,4.77324
Brazil,BRA,2016,4.4099
Brazil,BRA,2017,4.24059
Brazil,BRA,2018,4.74346
Brazil,BRA,2019,3.94756
Brazil,BRA,2020,4.14601
Brazil,BRA,2021,4.81033
Brazil,BRA,2022,3.34069
Brazil,BRA,2024,2.1872
British Virgin Islands,VGB,1983,13.07692
British Virgin Islands,VGB,1984,15.29086
British Virgin Islands,VGB,1985,5.88889
British Virgin Islands,VGB,1990,4.37214
British Virgin Islands,VGB,1991,2.93241
British Virgin Islands,VGB,1992,2.05982
British Virgin Islands,VGB,1994,1.80009
British Virgin Islands,VGB,1999,0.86267
British Virgin Islands,VGB,2000,14.3487
British Virgin Islands,VGB,2001,5.30628
British Virgin Islands,VGB,2002,2.51928
British Virgin Islands,VGB,2003,2.88129
British Virgin Islands,VGB,2005,8.59404
British Virgin Islands,VGB,2006,10.87602
British Virgin Islands,VGB,2007,0.66083
British Virgin Islands,VGB,2009,0.71302
British Virgin Islands,VGB,2010,0.6198395
British Virgin Islands,VGB,2011,0.7479005
British Virgin Islands,VGB,2012,4.408353
British Virgin Islands,VGB,2013,7.067813
British Virgin Islands,VGB,2014,6.7402325
British Virgin Islands,VGB,2015,9.758898
British Virgin Islands,VGB,2016,11.982207
British Virgin Islands,VGB,2017,6.51847
British Virgin Islands,VGB,2018,24.86016
British Virgin Islands,VGB,2019,19.34284
British Virgin Islands,VGB,2020,4.3825974
British Virgin Islands,VGB,2021,8.956726
British Virgin Islands,VGB,2022,26.21326
British Virgin Islands,VGB,2023,15.408805
British Virgin Islands,VGB,2024,26.96629
Brunei,BRN,1977,8.80438
Brunei,BRN,1978,6.61879
Brunei,BRN,1979,15.1946
Brunei,BRN,1980,13.93989
Brunei,BRN,1981,16.92788
Brunei,BRN,1982,18.14942
Brunei,BRN,1983,15.83166
Brunei,BRN,1984,14.38452
Brunei,BRN,1986,11.4299
Brunei,BRN,1991,5.83398
Brunei,BRN,1992,5.88861
Brunei,BRN,1993,4.17111
Brunei,BRN,1994,5.08354
Brunei,BRN,1995,3.3126
Brunei,BRN,2011,2.987026
Brunei,BRN,2012,1.5423702
Brunei,BRN,2013,2.1377552
Brunei,BRN,2014,1.2111405
Brunei,BRN,2015,0.7615544
Brunei,BRN,2016,1.6383252
Brunei,BRN,2017,1.5773957
Brunei,BRN,2018,1.6264209
Brunei,BRN,2019,1.5065513
Brunei,BRN,2020,1.0948641
Brunei,BRN,2021,1.7980443
Brunei,BRN,2022,0.9421166
Brunei,BRN,2023,0.5847681
Brunei,BRN,2024,3.6118855
Bulgaria,BGR,2001,1.56787
Bulgaria,BGR,2002,0.36756
Bulgaria,BGR,2003,0.37649
Bulgaria,BGR,2004,0.39916
Bulgaria,BGR,2005,0.11825
Bulgaria,BGR,2006,0.16415
Bulgaria,BGR,2007,0.07105
Bulgaria,BGR,2008,0.06646
Bulgaria,BGR,2009,1.04875
Bulgaria,BGR,2010,0.84559
Bulgaria,BGR,2011,1.4826
Bulgaria,BGR,2012,2.50697
Bulgaria,BGR,2013,3.69968
Bulgaria,BGR,2014,3.25387
Bulgaria,BGR,2015,2.98828
Bulgaria,BGR,2016,3.36122
Bulgaria,BGR,2017,3.53476
Bulgaria,BGR,2018,4.03475
Bulgaria,BGR,2019,4.18114
Bulgaria,BGR,2020,4.21194
Bulgaria,BGR,2021,5.04082
Bulgaria,BGR,2022,5.29598
Bulgaria,BGR,2023,5.71411
Bulgaria,BGR,2024,5.90255
Burkina Faso,BFA,1971,89.71258
Burkina Faso,BFA,1972,89.33241
Burkina Faso,BFA,1977,87.36324
Burkina Faso,BFA,1978,86.87895
Burkina Faso,BFA,1979,86.37497
Burkina Faso,BFA,1980,85.60631
Burkina Faso,BFA,1981,84.69554
Burkina Faso,BFA,1982,83.31273
Burkina Faso,BFA,1983,82.1183
Burkina Faso,BFA,1984,80.80765
Burkina Faso,BFA,1985,78.83947
Burkina Faso,BFA,1986,77.0266
Burkina Faso,BFA,1987,75.5482
Burkina Faso,BFA,1988,75.15533
Burkina Faso,BFA,1989,74.94117
Burkina Faso,BFA,1991,73.97555
Burkina Faso,BFA,1992,73.56375
Burkina Faso,BFA,1993,72.68601
Burkina Faso,BFA,1994,71.57279
Burkina Faso,BFA,1995,70.1078
Burkina Faso,BFA,1998,67.02266
Burkina Faso,BFA,1999,66.38678
Burkina Faso,BFA,2000,65.04937
Burkina Faso,BFA,2001,63.936
Burkina Faso,BFA,2002,64.78034
Burkina Faso,BFA,2003,62.35901
Burkina Faso,BFA,2004,60.14594
Burkina Faso,BFA,2005,55.31105
Burkina Faso,BFA,2006,51.72795
Burkina Faso,BFA,2007,46.49184
Burkina Faso,BFA,2008,40.54456
Burkina Faso,BFA,2009,37.6111
Burkina Faso,BFA,2010,41.031437
Burkina Faso,BFA,2011,36.481052
Burkina Faso,BFA,2012,35.58443
Burkina Faso,BFA,2013,34.692646
Burkina Faso,BFA,2014,33.758587
Burkina Faso,BFA,2015,32.497852
Burkina Faso,BFA,2016,27.231033
Burkina Faso,BFA,2017,26.400057
Burkina Faso,BFA,2018,24.446953
Burkina Faso,BFA,2019,25.799917
Burkina Faso,BFA,2020,28.5217
Burkina Faso,BFA,2021,29.057991
Burkina Faso,BFA,2022,32.248
Burkina Faso,BFA,2023,41.966827
Burkina Faso,BFA,2024,34.287663
Burundi,BDI,1973,81.29079
Burundi,BDI,1978,84.1325
Burundi,BDI,1980,83.11207
Burundi,BDI,1981,81.66039
Burundi,BDI,1982,78.78452
Burundi,BDI,1983,73.36105
Burundi,BDI,1984,69.03118
Burundi,BDI,1985,64.94262
Burundi,BDI,1986,62.33131
Burundi,BDI,1987,57.56548
Burundi,BDI,1988,54.93819
Burundi,BDI,1993,54.4748
Burundi,BDI,2000,57.6783
Burundi,BDI,2001,48.83599
Burundi,BDI,2002,48.20176
Burundi,BDI,2003,44.78325
Burundi,BDI,2004,43.23309
Burundi,BDI,2005,39.61777
Burundi,BDI,2006,22.08339
Burundi,BDI,2007,14.58023
Burundi,BDI,2008,6.93048
Burundi,BDI,2009,9.32455
Burundi,BDI,2010,5.836197
Burundi,BDI,2011,5.26817
Burundi,BDI,2012,6.4581547
Burundi,BDI,2013,11.942888
Burundi,BDI,2014,8.927439
Burundi,BDI,2015,11.097266
Burundi,BDI,2016,12.669576
Burundi,BDI,2017,16.92227
Burundi,BDI,2018,19.624214
Burundi,BDI,2019,21.139761
Burundi,BDI,2020,20.62215
Burundi,BDI,2025,26.46527
Cambodia,KHM,1997,14.52686
Cambodia,KHM,1998,16.9758
Cambodia,KHM,1999,15.60705
Cambodia,KHM,2000,10.38005
Cambodia,KHM,2003,4.07475
Cambodia,KHM,2006,5.16419
Cambodia,KHM,2007,4.21115
Cambodia,KHM,2008,4.94561
Cambodia,KHM,2010,6.74343
Cambodia,KHM,2011,1.36067
Cambodia,KHM,2012,2.57426
Cambodia,KHM,2014,8.72258
Cambodia,KHM,2015,8.29054
Cambodia,KHM,2016,10.08836
Cambodia,KHM,2017,11.43492
Cambodia,KHM,2018,10.92481
Cambodia,KHM,2019,9.30488
Cambodia,KHM,2020,9.43386
Cambodia,KHM,2021,11.047846
Cambodia,KHM,2022,15.739711
Cambodia,KHM,2023,7.786628
Cambodia,KHM,2024,3.6907544
Cameroon,CMR,1971,35.75977
Cameroon,CMR,1972,36.34432
Cameroon,CMR,1973,37.71178
Cameroon,CMR,1974,39.66709
Cameroon,CMR,1975,33.07958
Cameroon,CMR,1976,32.05038
Cameroon,CMR,1977,33.54264
Cameroon,CMR,1978,32.35481
Cameroon,CMR,1979,31.5816
Cameroon,CMR,1980,31.53
Cameroon,CMR,1988,25.07587
Cameroon,CMR,1990,25.40943
Cameroon,CMR,1991,27.02812
Cameroon,CMR,2008,12.65008
Cameroon,CMR,2009,9.92842
Cameroon,CMR,2011,8.54382
Cameroon,CMR,2012,5.80924
Cameroon,CMR,2014,5.169137
Cameroon,CMR,2015,4.774181
Cameroon,CMR,2016,4.332454
Cameroon,CMR,2017,5.76881
Cameroon,CMR,2019,7.45523
Cameroon,CMR,2021,4.4160714
Cameroon,CMR,2022,3.9333122
Cameroon,CMR,2023,3.709061
Cameroon,CMR,2024,3.76171
Canada,CAN,2000,0.58754
Canada,CAN,2012,0.50916
Canada,CAN,2013,0.61336
Canada,CAN,2014,0.47471
Canada,CAN,2015,0.29334
Canada,CAN,2016,1.44996
Canada,CAN,2017,1.36776
Canada,CAN,2018,1.33824
Canada,CAN,2019,2.81245
Canada,CAN,2020,3.09103
Canada,CAN,2021,4.77038
Canada,CAN,2022,5.26559
Canada,CAN,2023,4.98995
Cape Verde,CPV,1981,20.28351
Cape Verde,CPV,1982,23.1398
Cape Verde,CPV,1983,26.82638
Cape Verde,CPV,1984,21.79034
Cape Verde,CPV,1985,19.57776
Cape Verde,CPV,1986,18.43395
Cape Verde,CPV,1987,17.15097
Cape Verde,CPV,1988,12.42558
Cape Verde,CPV,1990,9.89087
Cape Verde,CPV,1994,6.7638
Cape Verde,CPV,1998,3.0769
Cape Verde,CPV,2000,3.45282
Cape Verde,CPV,2001,4.53567
Cape Verde,CPV,2002,4.10925
Cape Verde,CPV,2003,3.99765
Cape Verde,CPV,2004,5.50095
Cape Verde,CPV,2005,5.15365
Cape Verde,CPV,2006,5.23485
Cape Verde,CPV,2007,6.88786
Cape Verde,CPV,2008,7.783
Cape Verde,CPV,2009,8.2734
Cape Verde,CPV,2010,8.273735
Cape Verde,CPV,2011,7.8499675
Cape Verde,CPV,2012,5.773528
Cape Verde,CPV,2013,5.4265575
Cape Verde,CPV,2014,5.1196766
Cape Verde,CPV,2015,4.863899
Cape Verde,CPV,2016,5.21048
Cape Verde,CPV,2017,5.054475
Cape Verde,CPV,2018,3.6877444
Cape Verde,CPV,2019,3.7716188
Cape Verde,CPV,2020,5.324456
Cape Verde,CPV,2021,4.763507
Cape Verde,CPV,2022,41.835995
Cayman Islands,CYM,1999,5.97665
Cayman Islands,CYM,2000,1.42926
Cayman Islands,CYM,2001,1.93438
Cayman Islands,CYM,2002,1.16801
Cayman Islands,CYM,2004,3.79147
Cayman Islands,CYM,2005,9.83171
Cayman Islands,CYM,2006,5.32221
Cayman Islands,CYM,2007,0.72498
Cayman Islands,CYM,2008,4.47188
Cayman Islands,CYM,2011,1.8252933
Cayman Islands,CYM,2012,1.4924402
Cayman Islands,CYM,2013,2.1983511
Cayman Islands,CYM,2018,5.8684945
Cayman Islands,CYM,2019,5.8710504
Cayman Islands,CYM,2020,3.855266
Cayman Islands,CYM,2021,5.4872694
Cayman Islands,CYM,2022,2.653693
Cayman Islands,CYM,2023,0.13360174
Cayman Islands,CYM,2024,5.1689863
Central African Republic,CAF,1971,58.69898
Central African Republic,CAF,1972,56.50106
Central African Republic,CAF,1973,54.60531
Central African Republic,CAF,1977,57.8145
Central African Republic,CAF,1978,57.26516
Central African Republic,CAF,1981,49.81114
Central African Republic,CAF,1982,46.41551
Central African Republic,CAF,1983,42.92596
Central African Republic,CAF,1986,36.78265
Central African Republic,CAF,1987,47.08304
Central African Republic,CAF,1988,49.47812
Central African Republic,CAF,1989,49.74396
Central African Republic,CAF,1990,41.59224
Central African Republic,CAF,1991,46.94669
Central African Republic,CAF,2005,57.45442
Central African Republic,CAF,2006,57.25203
Central African Republic,CAF,2007,50.06648
Central African Republic,CAF,2008,41.80822
Central African Republic,CAF,2009,41.51018
Central African Republic,CAF,2010,38.07497
Central African Republic,CAF,2011,40.45701
Central African Republic,CAF,2012,37.89485
Central and Southern Asia (SDG),,2000,30
Central and Southern Asia (SDG),,2001,28.2
Central and Southern Asia (SDG),,2002,26.7
Central and Southern Asia (SDG),,2003,25.4
Central and Southern Asia (SDG),,2004,24
Central and Southern Asia (SDG),,2005,22.7
Central and Southern Asia (SDG),,2006,21.4
Central and Southern Asia (SDG),,2007,19.9
Central and Southern Asia (SDG),,2008,18.5
Central and Southern Asia (SDG),,2009,17.3
Central and Southern Asia (SDG),,2010,16
Central and Southern Asia (SDG),,2011,15
Central and Southern Asia (SDG),,2012,14.2
Central and Southern Asia (SDG),,2013,13.5
Central and Southern Asia (SDG),,2014,12.8
Central and Southern Asia (SDG),,2015,12.2
Central and Southern Asia (SDG),,2016,11.6
Central and Southern Asia (SDG),,2017,11
Central and Southern Asia (SDG),,2018,10.5
Central and Southern Asia (SDG),,2019,10.2
Central and Southern Asia (SDG),,2020,10
Central and Southern Asia (SDG),,2021,9.8
Central and Southern Asia (SDG),,2022,9.9
Central and Southern Asia (SDG),,2023,9.8
Central and Southern Asia (SDG),,2024,9.7
Central and Southern Asia (SDG),,2025,9.6
Chad,TCD,1975,76.66598
Chad,TCD,1977,76.4818
Chad,TCD,1988,66.97456
Chad,TCD,1996,63.01226
Chad,TCD,1997,57.75279
Chad,TCD,1998,52.87612
Chad,TCD,1999,51.532
Chad,TCD,2000,50.3505
Chad,TCD,2001,49.13805
Chad,TCD,2002,45.34305
Chad,TCD,2003,43.68351
Chad,TCD,2011,38.56332
Chad,TCD,2013,23.89468
Chad,TCD,2015,23.820557
Chad,TCD,2016,30.1148
Chad,TCD,2017,35.80697
Chad,TCD,2018,30.183863
Chad,TCD,2019,31.059326
Chad,TCD,2021,28.56069
Chad,TCD,2022,28.39224
Chad,TCD,2023,26.717327
Chad,TCD,2024,24.804115
Chile,CHL,2007,3.3518
Chile,CHL,2008,3.23664
Chile,CHL,2009,4.81406
Chile,CHL,2010,3.32802
Chile,CHL,2011,3.58456
Chile,CHL,2012,3.39425
Chile,CHL,2013,3.35414
Chile,CHL,2014,2.95795
Chile,CHL,2015,2.72321
Chile,CHL,2016,2.48051
Chile,CHL,2017,2.30256
Chile,CHL,2018,1.90334
Chile,CHL,2019,1.6068
Chile,CHL,2020,2.27495
Chile,CHL,2021,2.1667
Chile,CHL,2022,1.29288
Chile,CHL,2023,1.32959
Chile,CHL,2024,2.12128
China,CHN,1987,3.90202
China,CHN,1988,2.81987
China,CHN,1989,4.60492
China,CHN,1990,7.69138
China,CHN,1991,8.32582
China,CHN,1992,9.438
China,CHN,1993,9.80873
China,CHN,1994,9.95103
China,CHN,1995,8.79647
China,CHN,1996,7.92662
China,CHN,1997,6.67631
Colombia,COL,2000,0
Colombia,COL,2001,0
Colombia,COL,2002,0
Colombia,COL,2004,0.41507
Colombia,COL,2005,0.32638
Colombia,COL,2006,0.17297
Colombia,COL,2007,0.08505
Colombia,COL,2008,0.20095
Colombia,COL,2009,0.22818
Colombia,COL,2010,0.2698
Colombia,COL,2011,0.10718
Colombia,COL,2012,1.70736
Colombia,COL,2015,3.39695
Colombia,COL,2016,5.22433
Colombia,COL,2017,4.07456
Colombia,COL,2018,4.69547
Colombia,COL,2019,5.02229
Colombia,COL,2020,6.11108
Colombia,COL,2021,6.98671
Colombia,COL,2022,7.32453
Comoros,COM,1983,24.70812
Comoros,COM,1986,27.30261
Comoros,COM,1987,33.93291
Comoros,COM,1994,37.62421
Comoros,COM,1999,45.80314
Comoros,COM,2000,39.1639
Comoros,COM,2007,26.28123
Comoros,COM,2013,5.053759
Comoros,COM,2014,6.2808995
Comoros,COM,2017,8.867852
Comoros,COM,2018,11.940196
Comoros,COM,2021,25.543415
Comoros,COM,2022,19.43876
Comoros,COM,2024,20.647446
Congo,COG,1972,22.80997
Congo,COG,1974,16.81735
Congo,COG,1976,14.56931
Congo,COG,1978,10.57193
Congo,COG,1979,9.66889
Congo,COG,1980,16.50806
Congo,COG,1981,16.58637
Congo,COG,1982,15.05199
Congo,COG,1983,13.63407
Congo,COG,1984,11.55299
Congo,COG,2005,49.73984
Congo,COG,2006,45.92605
Congo,COG,2010,13.86289
Congo,COG,2012,11.64848
Congo,COG,2018,21.24259
Congo,COG,2023,17.07708
Cook Islands,COK,1997,1.44278
Cook Islands,COK,1998,2.54271
Cook Islands,COK,1999,5.22236
Cook Islands,COK,2000,9.92818
Cook Islands,COK,2007,2.44237
Cook Islands,COK,2010,0.8432938
Cook Islands,COK,2011,0.5735889
Cook Islands,COK,2012,0.85165954
Cook Islands,COK,2013,3.031974
Cook Islands,COK,2014,1.9878515
Cook Islands,COK,2015,1.5564216
Cook Islands,COK,2016,0.061758894
Cook Islands,COK,2017,1.2224306
Cook Islands,COK,2023,2.5819106
Cook Islands,COK,2024,2.5317678
Costa Rica,CRI,2011,3.03267
Costa Rica,CRI,2012,4.69505
Costa Rica,CRI,2013,6.59241
Costa Rica,CRI,2014,9.1277
Costa Rica,CRI,2015,8.53184
Costa Rica,CRI,2016,7.76833
Costa Rica,CRI,2017,9.89873
Costa Rica,CRI,2018,6.5464
Costa Rica,CRI,2019,4.7171
Costa Rica,CRI,2020,5.30139
Costa Rica,CRI,2021,6.11681
Costa Rica,CRI,2022,5.98677
Costa Rica,CRI,2023,4.72765
Costa Rica,CRI,2024,4.48607
Cote d'Ivoire,CIV,1977,53.76325
Cote d'Ivoire,CIV,1991,55.09142
Cote d'Ivoire,CIV,1992,55.07093
Cote d'Ivoire,CIV,1996,51.828
Cote d'Ivoire,CIV,1997,51.07203
Cote d'Ivoire,CIV,1999,49.81222
Cote d'Ivoire,CIV,2000,50.66464
Cote d'Ivoire,CIV,2001,41.07081
Cote d'Ivoire,CIV,2002,40.80308
Cote d'Ivoire,CIV,2003,45.0917
Cote d'Ivoire,CIV,2009,45.16293
Cote d'Ivoire,CIV,2013,34.246437
Cote d'Ivoire,CIV,2014,29.559967
Cote d'Ivoire,CIV,2015,27.227924
Cote d'Ivoire,CIV,2016,20.168652
Cote d'Ivoire,CIV,2017,20.410374
Cote d'Ivoire,CIV,2018,17.075739
Cote d'Ivoire,CIV,2019,16.208609
Cote d'Ivoire,CIV,2020,14.982797
Cote d'Ivoire,CIV,2021,17.093948
Cote d'Ivoire,CIV,2022,17.582157
Cote d'Ivoire,CIV,2023,13.159227
Cote d'Ivoire,CIV,2024,12.60307
Croatia,HRV,2001,0.2554
Croatia,HRV,2002,0.41191
Croatia,HRV,2003,0.4639
Croatia,HRV,2005,0.70464
Croatia,HRV,2006,0.78538
Croatia,HRV,2007,0.83289
Croatia,HRV,2008,1.05741
Croatia,HRV,2009,2.16769
Croatia,HRV,2010,0.9916
Croatia,HRV,2011,1.04422
Croatia,HRV,2012,1.04626
Croatia,HRV,2013,1.26023
Croatia,HRV,2014,1.43523
Croatia,HRV,2015,1.44625
Croatia,HRV,2016,1.73606
Croatia,HRV,2017,1.46489
Croatia,HRV,2018,1.56896
Croatia,HRV,2019,1.95966
Croatia,HRV,2020,1.84271
Croatia,HRV,2021,1.78707
Croatia,HRV,2022,1.73281
Croatia,HRV,2023,1.81183
Cuba,CUB,1972,5.64695
Cuba,CUB,1973,2.82766
Cuba,CUB,1974,2.03514
Cuba,CUB,1979,3.27251
Cuba,CUB,1980,3.17052
Cuba,CUB,1981,4.18403
Cuba,CUB,1982,3.44962
Cuba,CUB,1983,1.98057
Cuba,CUB,1984,2.60322
Cuba,CUB,1985,4.27488
Cuba,CUB,1986,4.6178
Cuba,CUB,1987,3.76033
Cuba,CUB,1988,3.6043
Cuba,CUB,1989,4.35218
Cuba,CUB,1990,5.08803
Cuba,CUB,1991,5.07713
Cuba,CUB,1992,3.8179
Cuba,CUB,1993,4.36512
Cuba,CUB,1994,3.72588
Cuba,CUB,1995,3.83983
Cuba,CUB,1996,1.2955
Cuba,CUB,1997,0.72065
Cuba,CUB,1998,0.52621
Cuba,CUB,1999,0.40309
Cuba,CUB,2000,0.22095
Cuba,CUB,2001,0.06998
Cuba,CUB,2002,0.18159
Cuba,CUB,2003,0.42395
Cuba,CUB,2004,0.6569
Cuba,CUB,2005,0.79216
Cuba,CUB,2006,1.23803
Cuba,CUB,2007,0.59785
Cuba,CUB,2008,1.56274
Cuba,CUB,2009,1.17027
Cuba,CUB,2010,1.5605642
Cuba,CUB,2011,2.3624125
Cuba,CUB,2012,2.0019057
Cuba,CUB,2013,0.7085235
Cuba,CUB,2014,2.0633838
Cuba,CUB,2015,2.4115174
Cuba,CUB,2016,2.2692122
Cuba,CUB,2017,2.4308047
Cuba,CUB,2018,2.2011256
Cuba,CUB,2019,1.8749568
Cuba,CUB,2020,1.3183718
Cuba,CUB,2021,1.2727185
Cuba,CUB,2022,3.3821657
Cuba,CUB,2023,3.369281
Cuba,CUB,2024,4.6841555
Curacao,CUW,2020,0.4149379
Curacao,CUW,2023,3.417048
Curacao,CUW,2024,27.88961
Cyprus,CYP,2001,2.04578
Cyprus,CYP,2002,1.11097
Cyprus,CYP,2003,1.0286
Cyprus,CYP,2004,1.3179
Cyprus,CYP,2005,0.98653
Cyprus,CYP,2006,0.31934
Cyprus,CYP,2007,0.48092
Cyprus,CYP,2008,0.03059
Cyprus,CYP,2009,0.12371
Cyprus,CYP,2010,0.03455
Cyprus,CYP,2011,0.15324
Cyprus,CYP,2012,1.31052
Cyprus,CYP,2013,1.6301
Cyprus,CYP,2014,2.55131
Cyprus,CYP,2015,1.67756
Cyprus,CYP,2016,1.37103
Cyprus,CYP,2017,1.24735
Cyprus,CYP,2018,0.29635
Cyprus,CYP,2019,0.20082
Cyprus,CYP,2020,0.14424
Cyprus,CYP,2021,0.02237
Cyprus,CYP,2022,0.40594
Cyprus,CYP,2023,0.42505
Czechia,CZE,2007,0.03081
Czechia,CZE,2008,0.58133
Czechia,CZE,2009,0.55799
Czechia,CZE,2010,1.02986
Czechia,CZE,2011,1.3627
Czechia,CZE,2012,0.44121
Czechia,CZE,2013,0.97469
Czechia,CZE,2014,1.67104
Czechia,CZE,2015,2.11766
Czechia,CZE,2016,2.50769
Czechia,CZE,2017,2.90678
Czechia,CZE,2018,2.07468
Czechia,CZE,2019,1.86358
Czechia,CZE,2020,1.52471
Czechia,CZE,2021,0.09713
Czechia,CZE,2022,0.08569
Czechia,CZE,2023,0.80908
Democratic Republic of Congo,COD,1971,30.54733
Democratic Republic of Congo,COD,1972,32.47366
Democratic Republic of Congo,COD,1975,30.69062
Democratic Republic of Congo,COD,1979,28.23676
Democratic Republic of Congo,COD,1983,26.02954
Democratic Republic of Congo,COD,1984,25.37923
Democratic Republic of Congo,COD,1988,37.65412
Democratic Republic of Congo,COD,1991,41.41378
Democratic Republic of Congo,COD,1992,42.90326
Democratic Republic of Congo,COD,1993,43.69979
Democratic Republic of Congo,COD,1994,42.42125
Democratic Republic of Congo,COD,1995,35.08387
Democratic Republic of Congo,COD,1999,65.34577
Denmark,DNK,2001,0.25996
Denmark,DNK,2002,0.00112
Denmark,DNK,2004,2.4559
Denmark,DNK,2005,1.95353
Denmark,DNK,2006,1.05871
Denmark,DNK,2007,0.50722
Denmark,DNK,2008,0.60369
Denmark,DNK,2009,0.49138
Denmark,DNK,2010,0.60877
Denmark,DNK,2011,0.48535
Denmark,DNK,2012,0.41492
Denmark,DNK,2013,0.49531
Denmark,DNK,2014,0.61682
Denmark,DNK,2015,0.62527
Denmark,DNK,2016,0.67677
Denmark,DNK,2017,0.56177
Denmark,DNK,2018,0.38117
Denmark,DNK,2019,0.40362
Denmark,DNK,2020,0.35519
Denmark,DNK,2021,0.46952
Denmark,DNK,2022,0.5865
Denmark,DNK,2023,0.84918
Denmark,DNK,2024,0.89287
Dominica,DMA,1975,8.02415
Dominica,DMA,1976,9.12978
Dominica,DMA,1977,6.30338
Dominica,DMA,1979,11.15056
Dominica,DMA,1980,12.98135
Dominica,DMA,1981,15.34501
Dominica,DMA,1982,12.10724
Dominica,DMA,2000,3.04788
Dominica,DMA,2001,1.05025
Dominica,DMA,2003,0.74349
Dominica,DMA,2004,1.17473
Dominica,DMA,2005,0.91539
Dominica,DMA,2006,2.01196
Dominica,DMA,2007,7.73724
Dominica,DMA,2008,8.59963
Dominica,DMA,2009,2.91126
Dominica,DMA,2011,1.62335
Dominica,DMA,2012,1.86826
Dominica,DMA,2013,3.39824
Dominica,DMA,2014,2.86444
Dominica,DMA,2015,1.80376
Dominica,DMA,2016,4.0117
Dominica,DMA,2019,6.41575
Dominica,DMA,2020,3.77389
Dominica,DMA,2021,4.09607
Dominica,DMA,2022,3.35299
Dominica,DMA,2023,3.95189
Dominican Republic,DOM,1972,25.72624
Dominican Republic,DOM,1999,16.31513
Dominican Republic,DOM,2000,12.64658
Dominican Republic,DOM,2002,5.8518
Dominican Republic,DOM,2003,9.24912
Dominican Republic,DOM,2004,14.5053
Dominican Republic,DOM,2005,13.25138
Dominican Republic,DOM,2006,14.35095
Dominican Republic,DOM,2007,8.25644
Dominican Republic,DOM,2008,11.87272
Dominican Republic,DOM,2009,4.05729
Dominican Republic,DOM,2010,4.557342
Dominican Republic,DOM,2011,4.405423
Dominican Republic,DOM,2012,5.482544
Dominican Republic,DOM,2013,5.721765
Dominican Republic,DOM,2014,7.450644
Dominican Republic,DOM,2015,3.9435685
Dominican Republic,DOM,2016,3.7941542
Dominican Republic,DOM,2017,4.7654343
Dominican Republic,DOM,2018,5.530572
Dominican Republic,DOM,2019,3.86339
Dominican Republic,DOM,2020,3.7353697
Dominican Republic,DOM,2021,10.209527
Dominican Republic,DOM,2022,6.012581
Dominican Republic,DOM,2023,4.972843
Dominican Republic,DOM,2024,4.9276605
East Timor,TLS,2008,11.74159
East Timor,TLS,2009,7.25346
East Timor,TLS,2010,5.932161
East Timor,TLS,2011,4.035324
East Timor,TLS,2012,6.469802
East Timor,TLS,2013,6.469079
East Timor,TLS,2014,6.7759285
East Timor,TLS,2015,6.6617436
East Timor,TLS,2016,7.2263618
East Timor,TLS,2017,4.8504767
East Timor,TLS,2018,5.591468
East Timor,TLS,2019,5.700428
East Timor,TLS,2020,5.156709
East Timor,TLS,2023,6.87729
Eastern and South-Eastern Asia (SDG),,2000,6.7
Eastern and South-Eastern Asia (SDG),,2001,6.5
Eastern and South-Eastern Asia (SDG),,2002,6.4
Eastern and South-Eastern Asia (SDG),,2003,6.3
Eastern and South-Eastern Asia (SDG),,2004,6.2
Eastern and South-Eastern Asia (SDG),,2005,5.8
Eastern and South-Eastern Asia (SDG),,2006,5.2
Eastern and South-Eastern Asia (SDG),,2007,4.7
Eastern and South-Eastern Asia (SDG),,2008,4.2
Eastern and South-Eastern Asia (SDG),,2009,3.8
Eastern and South-Eastern Asia (SDG),,2010,3.5
Eastern and South-Eastern Asia (SDG),,2011,3.2
Eastern and South-Eastern Asia (SDG),,2012,3.2
Eastern and South-Eastern Asia (SDG),,2013,3.3
Eastern and South-Eastern Asia (SDG),,2014,3.5
Eastern and South-Eastern Asia (SDG),,2015,3.5
Eastern and South-Eastern Asia (SDG),,2016,3.6
Eastern and South-Eastern Asia (SDG),,2017,3.8
Eastern and South-Eastern Asia (SDG),,2018,3.8
Eastern and South-Eastern Asia (SDG),,2019,3.8
Eastern and South-Eastern Asia (SDG),,2020,3.9
Eastern and South-Eastern Asia (SDG),,2021,3.9
Eastern and South-Eastern Asia (SDG),,2022,3.9
Eastern and South-Eastern Asia (SDG),,2023,4
Eastern and South-Eastern Asia (SDG),,2024,4
Eastern and South-Eastern Asia (SDG),,2025,4
Ecuador,ECU,2000,6.41557
Ecuador,ECU,2001,5.18198
Ecuador,ECU,2009,0.62193
Ecuador,ECU,2010,0.5176643
Ecuador,ECU,2011,0.7113941
Ecuador,ECU,2012,1.8730034
Ecuador,ECU,2013,1.9725378
Ecuador,ECU,2014,1.1351215
Ecuador,ECU,2015,2.6360738
Ecuador,ECU,2016,2.7147753
Ecuador,ECU,2017,2.4621413
Ecuador,ECU,2018,1.4997097
Ecuador,ECU,2019,1.6309057
Ecuador,ECU,2020,1.3624275
Ecuador,ECU,2021,1.635068
Ecuador,ECU,2022,1.6751777
Ecuador,ECU,2023,4.7238064
Egypt,EGY,1971,35.10232
Egypt,EGY,1972,34.59727
Egypt,EGY,1973,34.52995
Egypt,EGY,1978,32.88219
Egypt,EGY,1994,17.21179
Egypt,EGY,1997,14.49223
Egypt,EGY,1999,16.68418
Egypt,EGY,2000,15.58201
Egypt,EGY,2001,15.41777
Egypt,EGY,2002,14.94621
Egypt,EGY,2003,14.25581
Egypt,EGY,2004,13.71262
Egypt,EGY,2005,13.88569
Egypt,EGY,2006,16.83968
Egypt,EGY,2007,13.172
Egypt,EGY,2009,13.70683
Egypt,EGY,2010,13.07276
Egypt,EGY,2011,15.21715
Egypt,EGY,2012,13.11459
Egypt,EGY,2014,13.986516
Egypt,EGY,2016,11.317949
Egypt,EGY,2017,10.52359
Egypt,EGY,2018,8.105639
Egypt,EGY,2019,6.1013565
Egypt,EGY,2020,4.4838166
Egypt,EGY,2021,3.1994026
Egypt,EGY,2023,4.4000216
Egypt,EGY,2024,3.5143864
El Salvador,SLV,1970,34.91367
El Salvador,SLV,1998,20.89057
El Salvador,SLV,2000,11.33203
El Salvador,SLV,2001,9.40816
El Salvador,SLV,2002,6.47303
El Salvador,SLV,2003,5.08527
El Salvador,SLV,2014,6.36919
El Salvador,SLV,2015,7.3031
El Salvador,SLV,2016,8.21458
El Salvador,SLV,2017,12.30895
El Salvador,SLV,2018,11.60739
El Salvador,SLV,2019,14.24263
El Salvador,SLV,2020,14.77696
El Salvador,SLV,2021,15.68537
El Salvador,SLV,2022,15.61072
El Salvador,SLV,2023,14.32102
El Salvador,SLV,2024,15.26423
Equatorial Guinea,GNQ,1994,41.33797
Equatorial Guinea,GNQ,2000,48.20579
Equatorial Guinea,GNQ,2001,44.56814
Equatorial Guinea,GNQ,2002,47.30043
Equatorial Guinea,GNQ,2003,49.1256
Equatorial Guinea,GNQ,2008,62.66162
Equatorial Guinea,GNQ,2009,63.19131
Equatorial Guinea,GNQ,2010,63.60259
Equatorial Guinea,GNQ,2011,62.91281
Equatorial Guinea,GNQ,2012,62.31983
Equatorial Guinea,GNQ,2015,65.59652
Eritrea,ERI,1992,59.90787
Eritrea,ERI,1994,54.42668
Eritrea,ERI,1995,53.06682
Eritrea,ERI,1996,51.49269
Eritrea,ERI,1997,52.12403
Eritrea,ERI,1999,44.31858
Eritrea,ERI,2000,36.56999
Eritrea,ERI,2001,34.32504
Eritrea,ERI,2002,28.12261
Eritrea,ERI,2003,22.62426
Eritrea,ERI,2004,22.52738
Eritrea,ERI,2005,22.6894
Eritrea,ERI,2006,25.85266
Eritrea,ERI,2007,32.84624
Eritrea,ERI,2008,37.55785
Eritrea,ERI,2009,40.46655
Eritrea,ERI,2010,42.32469
Eritrea,ERI,2011,37.2898
Eritrea,ERI,2012,33.39136
Eritrea,ERI,2013,33.41212
Eritrea,ERI,2014,33.0946
Eritrea,ERI,2015,34.29937
Eritrea,ERI,2017,39.36292
Eritrea,ERI,2018,39.37904
Eritrea,ERI,2022,40.38481
Estonia,EST,2014,2.44312
Estonia,EST,2015,2.48307
Estonia,EST,2016,2.45627
Estonia,EST,2017,2.41259
Estonia,EST,2018,2.36929
Estonia,EST,2019,2.26396
Estonia,EST,2020,2.21796
Estonia,EST,2021,2.12305
Estonia,EST,2022,1.82406
Estonia,EST,2023,2.46553
Estonia,EST,2024,3.38803
Eswatini,SWZ,1970,43.68762
Eswatini,SWZ,1971,43.46802
Eswatini,SWZ,1972,40.88854
Eswatini,SWZ,1973,37.13024
Eswatini,SWZ,1974,35.34893
Eswatini,SWZ,1975,32.33708
Eswatini,SWZ,1976,30.81411
Eswatini,SWZ,1977,29.06595
Eswatini,SWZ,1978,28.53818
Eswatini,SWZ,1979,27.59591
Eswatini,SWZ,1980,25.82047
Eswatini,SWZ,1981,23.49131
Eswatini,SWZ,1982,24.49067
Eswatini,SWZ,1983,26.2915
Eswatini,SWZ,1984,26.51785
Eswatini,SWZ,1985,25.40686
Eswatini,SWZ,1986,27.01713
Eswatini,SWZ,1987,26.61194
Eswatini,SWZ,1988,26.98041
Eswatini,SWZ,1989,27.68659
Eswatini,SWZ,1990,26.08913
Eswatini,SWZ,1991,26.25463
Eswatini,SWZ,1992,25.76438
Eswatini,SWZ,1993,27.27227
Eswatini,SWZ,1994,26.70033
Eswatini,SWZ,1995,25.10021
Eswatini,SWZ,1996,27.20509
Eswatini,SWZ,2009,19.93948
Eswatini,SWZ,2010,13.362298
Eswatini,SWZ,2011,8.262013
Eswatini,SWZ,2012,12.378401
Eswatini,SWZ,2013,14.738585
Eswatini,SWZ,2014,12.317895
Eswatini,SWZ,2015,11.538064
Eswatini,SWZ,2016,10.532233
Eswatini,SWZ,2017,11.213642
Eswatini,SWZ,2018,9.629807
Eswatini,SWZ,2019,8.459504
Eswatini,SWZ,2022,3.825424
Ethiopia,ETH,1987,70.34062
Ethiopia,ETH,1988,69.91126
Ethiopia,ETH,1989,71.19077
Ethiopia,ETH,1994,79.7766
Ethiopia,ETH,1995,76.95887
Ethiopia,ETH,1996,72.89505
Ethiopia,ETH,1998,66.68423
Ethiopia,ETH,1999,64.88886
Ethiopia,ETH,2000,61.55424
Ethiopia,ETH,2001,57.97277
Ethiopia,ETH,2002,56.26339
Ethiopia,ETH,2003,55.65357
Ethiopia,ETH,2004,52.87509
Ethiopia,ETH,2005,42.32872
Ethiopia,ETH,2006,37.3987
Ethiopia,ETH,2007,31.81679
Ethiopia,ETH,2008,25.94578
Ethiopia,ETH,2009,26.21358
Ethiopia,ETH,2010,28.17615
Ethiopia,ETH,2011,24.751
Ethiopia,ETH,2012,23.723337
Ethiopia,ETH,2014,19.133987
Ethiopia,ETH,2015,20.217098
Ethiopia,ETH,2021,25.73338
Ethiopia,ETH,2022,24.645056
Ethiopia,ETH,2023,23.828058
Ethiopia,ETH,2024,22.455109
Europe and Northern America (SDG),,2000,3
Europe and Northern America (SDG),,2001,3.3
Europe and Northern America (SDG),,2002,3.3
Europe and Northern America (SDG),,2003,2.6
Europe and Northern America (SDG),,2004,2.7
Europe and Northern America (SDG),,2005,2.3
Europe and Northern America (SDG),,2006,2.2
Europe and Northern America (SDG),,2007,2.2
Europe and Northern America (SDG),,2008,2.2
Europe and Northern America (SDG),,2009,2.2
Europe and Northern America (SDG),,2010,2.1
Europe and Northern America (SDG),,2011,2
Europe and Northern America (SDG),,2012,1.9
Europe and Northern America (SDG),,2013,1.8
Europe and Northern America (SDG),,2014,1.8
Europe and Northern America (SDG),,2015,1.7
Europe and Northern America (SDG),,2016,1.6
Europe and Northern America (SDG),,2017,1.6
Europe and Northern America (SDG),,2018,1.6
Europe and Northern America (SDG),,2019,1.7
Europe and Northern America (SDG),,2020,1.9
Europe and Northern America (SDG),,2021,2.1
Europe and Northern America (SDG),,2022,2.3
Europe and Northern America (SDG),,2023,2.5
Europe and Northern America (SDG),,2024,2.7
Europe and Northern America (SDG),,2025,2.8
Falkland Islands,FLK,1995,7.03465
Fiji,FJI,1992,8.86897
Fiji,FJI,1994,8.22522
Fiji,FJI,1995,9.93683
Fiji,FJI,1996,11.56987
Fiji,FJI,1997,10.35058
Fiji,FJI,1998,8.8759
Fiji,FJI,1999,8.25233
Fiji,FJI,2000,6.35806
Fiji,FJI,2001,4.65033
Fiji,FJI,2002,5.12211
Fiji,FJI,2003,8.36146
Fiji,FJI,2004,5.45941
Fiji,FJI,2006,8.95826
Fiji,FJI,2007,10.94474
Fiji,FJI,2008,11.91991
Fiji,FJI,2009,11.96411
Fiji,FJI,2011,11.01829
Fiji,FJI,2012,9.88424
Fiji,FJI,2013,11.156903
Fiji,FJI,2014,8.023083
Fiji,FJI,2015,5.1093493
Fiji,FJI,2016,2.0022194
Fiji,FJI,2017,2.9190094
Fiji,FJI,2018,2.4594746
Fiji,FJI,2020,2.82972
Fiji,FJI,2024,2.393363
Finland,FIN,2001,1.12742
Finland,FIN,2002,1.10903
Finland,FIN,2003,1.02573
Finland,FIN,2004,0.99682
Finland,FIN,2005,1.01095
Finland,FIN,2006,1.1689
Finland,FIN,2007,1.16732
Finland,FIN,2008,1.12219
Finland,FIN,2009,1.23624
Finland,FIN,2010,1.20955
Finland,FIN,2011,1.12918
Finland,FIN,2012,1.26226
Finland,FIN,2013,1.33874
Finland,FIN,2014,1.33726
Finland,FIN,2015,1.60241
Finland,FIN,2016,1.62971
Finland,FIN,2017,1.82955
Finland,FIN,2018,1.82133
Finland,FIN,2019,2.22771
Finland,FIN,2020,1.89111
Finland,FIN,2021,1.36123
Finland,FIN,2022,1.97632
Finland,FIN,2023,1.55233
Finland,FIN,2024,1.7661
France,FRA,2001,3.63417
France,FRA,2002,3.70045
France,FRA,2003,3.9328
France,FRA,2004,3.92818
France,FRA,2005,0.08451
France,FRA,2006,0.02924
France,FRA,2007,0.13174
France,FRA,2008,0.50356
France,FRA,2009,0.89351
France,FRA,2010,1.26805
France,FRA,2011,0.24182
France,FRA,2012,0.36989
France,FRA,2013,0.57923
France,FRA,2014,1.36188
France,FRA,2015,0.51498
France,FRA,2016,0.1672
France,FRA,2017,0.0584
France,FRA,2018,0.01472
France,FRA,2019,0.11633
France,FRA,2020,0.01843
France,FRA,2021,0.07045
France,FRA,2022,0.04322
France,FRA,2023,0.11046
France,FRA,2024,0.20443
French Guiana,GUF,1996,1.17886
French Polynesia,PYF,1983,9.78282
French Polynesia,PYF,1984,10.31909
French Polynesia,PYF,1985,10.96627
French Polynesia,PYF,1989,8.47065
French Polynesia,PYF,1990,8.16638
French Polynesia,PYF,1993,4.4603
French Polynesia,PYF,1995,2.69277
French Polynesia,PYF,1996,4.05515
Gabon,GAB,1975,5.23645
Gabon,GAB,1987,0.52773
Gabon,GAB,1997,14.36831
Gabon,GAB,2019,28.763302
Gambia,GMB,1971,81.8484
Gambia,GMB,1972,81.91498
Gambia,GMB,1973,80.69788
Gambia,GMB,1974,80.11473
Gambia,GMB,1975,78.99874
Gambia,GMB,1976,77.6358
Gambia,GMB,1977,74.16376
Gambia,GMB,1978,71.95004
Gambia,GMB,1979,68.35176
Gambia,GMB,1980,64.3005
Gambia,GMB,1981,57.2027
Gambia,GMB,1982,54.07495
Gambia,GMB,1983,51.51627
Gambia,GMB,1984,50.30875
Gambia,GMB,1985,47.99929
Gambia,GMB,1986,48.15054
Gambia,GMB,1990,57.74559
Gambia,GMB,1992,59.92646
Gambia,GMB,1993,57.34013
Gambia,GMB,1996,50.54872
Gambia,GMB,1998,48.79602
Gambia,GMB,1999,40.32852
Gambia,GMB,2000,42.92125
Gambia,GMB,2001,42.82662
Gambia,GMB,2002,44.49365
Gambia,GMB,2003,41.34453
Gambia,GMB,2004,40.63182
Gambia,GMB,2005,42.10687
Gambia,GMB,2006,37.7027
Gambia,GMB,2007,35.60255
Gambia,GMB,2008,38.94525
Gambia,GMB,2010,36.81163
Gambia,GMB,2011,37.989864
Gambia,GMB,2012,35.145348
Gambia,GMB,2013,34.61461
Gambia,GMB,2014,32.46639
Gambia,GMB,2015,29.45564
Gambia,GMB,2016,27.853226
Gambia,GMB,2017,25.354548
Gambia,GMB,2018,23.645185
Gambia,GMB,2019,20.254833
Gambia,GMB,2020,18.436348
Gambia,GMB,2021,19.023596
Gambia,GMB,2022,18.783827
Gambia,GMB,2023,18.782423
Gambia,GMB,2024,18.849188
Gambia,GMB,2025,16.91054
Georgia,GEO,1995,17.52109
Georgia,GEO,1996,15.81414
Georgia,GEO,1997,12.66221
Georgia,GEO,2006,1.26956
Georgia,GEO,2008,3.17211
Georgia,GEO,2009,2.9156
Georgia,GEO,2011,2.2096026
Georgia,GEO,2012,2.84841
Georgia,GEO,2013,2.900139
Georgia,GEO,2014,2.9637012
Georgia,GEO,2015,2.3230495
Georgia,GEO,2016,2.334453
Georgia,GEO,2017,2.033021
Georgia,GEO,2018,1.8648685
Georgia,GEO,2019,1.6167744
Georgia,GEO,2020,1.1904585
Georgia,GEO,2021,0.82859105
Georgia,GEO,2022,3.0397274
Georgia,GEO,2023,4.8081646
Georgia,GEO,2024,6.1671615
Germany,DEU,2001,0.49053
Germany,DEU,2002,2.27611
Germany,DEU,2003,2.12885
Germany,DEU,2004,1.983
Germany,DEU,2005,1.72378
Germany,DEU,2006,1.92294
Germany,DEU,2007,1.61772
Germany,DEU,2008,1.51818
Germany,DEU,2009,1.59789
Germany,DEU,2010,1.08099
Germany,DEU,2011,0.59579
Germany,DEU,2012,0.89089
Germany,DEU,2013,0.91202
Germany,DEU,2014,1.23104
Germany,DEU,2015,0.85771
Germany,DEU,2016,1.74626
Germany,DEU,2017,1.07963
Germany,DEU,2018,0.87091
Germany,DEU,2019,0.95647
Germany,DEU,2020,1.18655
Germany,DEU,2021,1.46277
Germany,DEU,2022,1.9147
Germany,DEU,2023,0.20855
Germany,DEU,2024,0.2739
Ghana,GHA,1999,42.5305
Ghana,GHA,2000,34.47909
Ghana,GHA,2001,39.52247
Ghana,GHA,2002,35.27962
Ghana,GHA,2003,35.27298
Ghana,GHA,2005,29.26385
Ghana,GHA,2006,26.81559
Ghana,GHA,2007,21.6306
Ghana,GHA,2008,16.51705
Ghana,GHA,2009,16.91321
Ghana,GHA,2011,11.284692
Ghana,GHA,2012,13.3007345
Ghana,GHA,2014,9.497733
Ghana,GHA,2016,0.24206454
Ghana,GHA,2017,6.842855
Ghana,GHA,2018,8.171293
Ghana,GHA,2019,5.5148115
Ghana,GHA,2020,10.561828
Ghana,GHA,2021,9.94092
Ghana,GHA,2024,4.76691
Gibraltar,GIB,1978,25.16164
Gibraltar,GIB,1979,25.86674
Gibraltar,GIB,1981,25.37313
Gibraltar,GIB,1982,22.75937
Gibraltar,GIB,2023,2.2734287
Gibraltar,GIB,2024,1.5799011
Greece,GRC,2000,0.07517
Greece,GRC,2001,0.20061
Greece,GRC,2002,6.12358
Greece,GRC,2003,4.14456
Greece,GRC,2004,2.38953
Greece,GRC,2005,2.20514
Greece,GRC,2006,2.82946
Greece,GRC,2007,2.34447
Greece,GRC,2010,1.48902
Greece,GRC,2011,1.5818
Greece,GRC,2012,1.93592
Greece,GRC,2013,2.26208
Greece,GRC,2014,2.87138
Greece,GRC,2015,2.17935
Greece,GRC,2016,1.42453
Greece,GRC,2017,1.97015
Greece,GRC,2018,2.98123
Greece,GRC,2019,3.19517
Greece,GRC,2020,3.72726
Greece,GRC,2021,3.84676
Greece,GRC,2022,0.07535
Greece,GRC,2023,0.10968
Grenada,GRD,1972,8.83581
Grenada,GRD,1977,15.14601
Grenada,GRD,1978,13.93167
Grenada,GRD,1979,11.91543
Grenada,GRD,1980,11.7174
Grenada,GRD,1981,13.02715
Grenada,GRD,1982,14.46818
Grenada,GRD,1983,12.38849
Grenada,GRD,1984,7.75578
Grenada,GRD,1999,1.07938
Grenada,GRD,2002,2.38259
Grenada,GRD,2004,2.13652
Grenada,GRD,2005,6.6039
Grenada,GRD,2007,1.91573
Grenada,GRD,2008,1.57893
Grenada,GRD,2014,4.535547
Grenada,GRD,2016,0.08658
Grenada,GRD,2018,0.12150103
Grenada,GRD,2021,2.847543
Grenada,GRD,2024,4.9407887
Guadeloupe,GLP,1986,8.28035
Guadeloupe,GLP,1987,0
Guadeloupe,GLP,1991,0.98418
Guatemala,GTM,1970,51.88031
Guatemala,GTM,1971,50.64532
Guatemala,GTM,1972,49.90481
Guatemala,GTM,1974,48.78208
Guatemala,GTM,1975,47.61087
Guatemala,GTM,1978,43.70113
Guatemala,GTM,1979,42.74136
Guatemala,GTM,1980,40.42445
Guatemala,GTM,1981,37.00073
Guatemala,GTM,1982,39.90999
Guatemala,GTM,1983,35.7938
Guatemala,GTM,1997,28.80652
Guatemala,GTM,1999,17.44047
Guatemala,GTM,2000,15.15499
Guatemala,GTM,2001,16.10091
Guatemala,GTM,2002,12.72535
Guatemala,GTM,2004,8.04779
Guatemala,GTM,2005,6.64855
Guatemala,GTM,2006,5.27444
Guatemala,GTM,2007,4.22728
Guatemala,GTM,2008,3.99959
Guatemala,GTM,2011,2.4260902
Guatemala,GTM,2012,5.150383
Guatemala,GTM,2013,7.420131
Guatemala,GTM,2014,9.532111
Guatemala,GTM,2015,10.1906185
Guatemala,GTM,2016,11.365213
Guatemala,GTM,2017,10.705455
Guatemala,GTM,2018,9.659362
Guatemala,GTM,2019,9.904682
Guatemala,GTM,2020,9.772199
Guatemala,GTM,2021,8.53798
Guatemala,GTM,2022,8.477697
Guatemala,GTM,2023,8.367572
Guatemala,GTM,2024,8.432187
Guinea,GIN,1984,75.89683
Guinea,GIN,1985,73.03213
Guinea,GIN,1986,74.91619
Guinea,GIN,1987,76.60036
Guinea,GIN,1988,75.46717
Guinea,GIN,1989,75.32376
Guinea,GIN,1990,75.8172
Guinea,GIN,1991,74.09465
Guinea,GIN,1998,58.9215
Guinea,GIN,1999,56.77516
Guinea,GIN,2000,54.11418
Guinea,GIN,2001,51.19164
Guinea,GIN,2002,44.26411
Guinea,GIN,2003,41.18972
Guinea,GIN,2004,38.38894
Guinea,GIN,2005,36.68254
Guinea,GIN,2006,34.68168
Guinea,GIN,2007,32.68299
Guinea,GIN,2008,33.42275
Guinea,GIN,2009,31.61042
Guinea,GIN,2010,28.14941
Guinea,GIN,2011,23.52452
Guinea,GIN,2012,23.92425
Guinea,GIN,2013,22.06363
Guinea,GIN,2014,18.43853
Guinea,GIN,2016,20.54387
Guinea,GIN,2020,14.72784
Guinea-Bissau,GNB,1981,61.21618
Guinea-Bissau,GNB,1982,53.65716
Guinea-Bissau,GNB,1984,55.56029
Guinea-Bissau,GNB,1985,55.28979
Guinea-Bissau,GNB,1987,61.67332
Guinea-Bissau,GNB,1988,62.1724
Guinea-Bissau,GNB,2000,50.75555
Guinea-Bissau,GNB,2010,30.54524
Guyana,GUY,1971,11.9869
Guyana,GUY,1972,12.01084
Guyana,GUY,1974,10.98102
Guyana,GUY,1976,12.66688
Guyana,GUY,1977,5.65023
Guyana,GUY,1979,7.3443
Guyana,GUY,1982,8.93078
Guyana,GUY,1991,7.704
Guyana,GUY,1992,9.33771
Guyana,GUY,1993,10.4677
Guyana,GUY,1995,8.89788
Guyana,GUY,1996,11.64401
Guyana,GUY,2003,8.23453
Guyana,GUY,2008,0.62898
Guyana,GUY,2009,5.25541
Guyana,GUY,2010,0.5306044
Guyana,GUY,2011,0.34572
Guyana,GUY,2012,0.3237294
Guyana,GUY,2020,19.00882
Guyana,GUY,2021,19.97469
Guyana,GUY,2023,17.980158
Haiti,HTI,1980,64.20297
Haiti,HTI,1981,63.65724
Haiti,HTI,1982,58.64343
Haiti,HTI,1983,54.54424
Haiti,HTI,1984,57.54171
Haiti,HTI,1985,52.039
Haiti,HTI,1986,49.13515
Haiti,HTI,1987,57.17723
Haiti,HTI,1997,39.7853
High-income countries,OWID_HIC,2000,3.4
High-income countries,OWID_HIC,2001,3.6
High-income countries,OWID_HIC,2002,3.4
High-income countries,OWID_HIC,2003,2.7
High-income countries,OWID_HIC,2004,2.7
High-income countries,OWID_HIC,2005,2.2
High-income countries,OWID_HIC,2006,2.1
High-income countries,OWID_HIC,2007,2.1
High-income countries,OWID_HIC,2008,2.1
High-income countries,OWID_HIC,2009,2
High-income countries,OWID_HIC,2010,2
High-income countries,OWID_HIC,2011,1.9
High-income countries,OWID_HIC,2012,1.8
High-income countries,OWID_HIC,2013,1.8
High-income countries,OWID_HIC,2014,1.7
High-income countries,OWID_HIC,2015,1.6
High-income countries,OWID_HIC,2016,1.6
High-income countries,OWID_HIC,2017,1.5
High-income countries,OWID_HIC,2018,1.6
High-income countries,OWID_HIC,2019,1.6
High-income countries,OWID_HIC,2020,1.7
High-income countries,OWID_HIC,2021,1.9
High-income countries,OWID_HIC,2022,2.1
High-income countries,OWID_HIC,2023,2.3
High-income countries,OWID_HIC,2024,2.4
High-income countries,OWID_HIC,2025,2.5
Honduras,HND,1978,27.16562
Honduras,HND,1979,23.69964
Honduras,HND,1980,23.41194
Honduras,HND,1982,13.44721
Honduras,HND,1983,12.11241
Honduras,HND,1984,11.25679
Honduras,HND,1986,11.57538
Honduras,HND,1991,14.04921
Honduras,HND,1993,12.51329
Honduras,HND,2000,14.71219
Honduras,HND,2003,9.92288
Honduras,HND,2004,8.93632
Honduras,HND,2005,13.07742
Honduras,HND,2006,9.10757
Honduras,HND,2007,14.66913
Honduras,HND,2008,11.98097
Honduras,HND,2009,13.84435
Honduras,HND,2010,13.5943
Honduras,HND,2011,14.04161
Honduras,HND,2012,16.764576
Honduras,HND,2013,20.675316
Honduras,HND,2014,21.560196
Honduras,HND,2015,22.751345
Honduras,HND,2016,21.78564
Honduras,HND,2017,20.98608
Honduras,HND,2019,17.81508
Honduras,HND,2020,21.72971
Honduras,HND,2021,24.768513
Honduras,HND,2022,23.47115
Honduras,HND,2023,23.8959
Honduras,HND,2024,26.620155
Hong Kong,HKG,2001,4.00648
Hong Kong,HKG,2002,3.69406
Hong Kong,HKG,2003,2.03982
Hong Kong,HKG,2004,3.1133
Hong Kong,HKG,2005,2.12436
Hong Kong,HKG,2006,1.31664
Hong Kong,HKG,2007,1.81434
Hong Kong,HKG,2008,0.47259
Hong Kong,HKG,2009,0.40161
Hong Kong,HKG,2010,0.42047238
Hong Kong,HKG,2011,0.28618482
Hong Kong,HKG,2012,0.31573725
Hong Kong,HKG,2013,0.3530459
Hong Kong,HKG,2014,0.7860917
Hong Kong,HKG,2015,0.87762505
Hong Kong,HKG,2016,0.6977204
Hong Kong,HKG,2017,0.22005709
Hong Kong,HKG,2018,0.12476788
Hong Kong,HKG,2019,0.06677125
Hong Kong,HKG,2020,0.6612129
Hong Kong,HKG,2021,1.032795
Hong Kong,HKG,2022,1.1546466
Hong Kong,HKG,2023,1.459516
Hong Kong,HKG,2024,1.4046158
Hungary,HUN,2001,1.47646
Hungary,HUN,2002,0.13057
Hungary,HUN,2003,0.0206
Hungary,HUN,2004,0.03887
Hungary,HUN,2005,0.08655
Hungary,HUN,2006,0.16182
Hungary,HUN,2007,0.4399
Hungary,HUN,2008,0.88006
Hungary,HUN,2009,1.64837
Hungary,HUN,2010,2.07813
Hungary,HUN,2011,2.38243
Hungary,HUN,2012,1.68873
Hungary,HUN,2013,2.48352
Hungary,HUN,2014,3.26401
Hungary,HUN,2015,3.612
Hungary,HUN,2016,3.88338
Hungary,HUN,2017,3.54883
Hungary,HUN,2018,2.9097
Hungary,HUN,2019,2.58413
Hungary,HUN,2020,2.37003
Hungary,HUN,2021,1.89661
Hungary,HUN,2022,1.72841
Hungary,HUN,2023,2.17056
Hungary,HUN,2024,2.80828
Iceland,ISL,1977,1.06056
Iceland,ISL,1994,0.45054
Iceland,ISL,1996,0.02054
Iceland,ISL,1997,0.85551
Iceland,ISL,1998,1.07308
Iceland,ISL,1999,1.21812
Iceland,ISL,2000,0.86201
Iceland,ISL,2001,0.68121
Iceland,ISL,2002,1.17229
Iceland,ISL,2003,0.93802
Iceland,ISL,2004,0.93081
Iceland,ISL,2005,0.85379
Iceland,ISL,2006,1.08908
Iceland,ISL,2007,1.42838
Iceland,ISL,2008,1.55505
Iceland,ISL,2009,1.57522
Iceland,ISL,2010,1.17321
Iceland,ISL,2011,1.25826
Iceland,ISL,2012,1.13338
Iceland,ISL,2013,1.19902
Iceland,ISL,2014,1.17632
Iceland,ISL,2015,1.26188
Iceland,ISL,2016,1.0373
Iceland,ISL,2017,1.06649
Iceland,ISL,2018,1.10108
Iceland,ISL,2019,1.18958
Iceland,ISL,2020,1.42287
Iceland,ISL,2021,1.42077
Iceland,ISL,2022,1.51547
Iceland,ISL,2023,1.82072
India,IND,1971,39.06924
India,IND,1990,23.3858
India,IND,2000,12.10855
India,IND,2001,13.72073
India,IND,2002,13.99062
India,IND,2003,8.96863
India,IND,2007,0.8921
India,IND,2008,0.41973
India,IND,2009,1.80955
India,IND,2010,1.13326
India,IND,2011,2.73112
India,IND,2012,0.69451
India,IND,2013,0.43129
India,IND,2016,4.1068063
India,IND,2017,6.0307775
India,IND,2018,6.3785086
India,IND,2019,7.3728743
India,IND,2020,4.0558476
India,IND,2021,2.3127618
India,IND,2022,0.15279904
India,IND,2023,1.469687
India,IND,2024,0.1043027
India,IND,2025,0.11882529
Indonesia,IDN,1971,29.86744
Indonesia,IDN,1972,29.01019
Indonesia,IDN,1974,29.60814
Indonesia,IDN,1975,27.23182
Indonesia,IDN,1976,24.38732
Indonesia,IDN,1977,21.99294
Indonesia,IDN,1978,15.17701
Indonesia,IDN,1981,10.14787
Indonesia,IDN,1982,3.94671
Indonesia,IDN,1983,2.50953
Indonesia,IDN,1984,2.17827
Indonesia,IDN,1985,2.02739
Indonesia,IDN,1986,2.62131
Indonesia,IDN,1987,1.59957
Indonesia,IDN,1988,2.14543
Indonesia,IDN,1989,2.04151
Indonesia,IDN,1990,3.85098
Indonesia,IDN,1991,4.93194
Indonesia,IDN,1992,5.59931
Indonesia,IDN,1993,6.30386
Indonesia,IDN,1994,5.19784
Indonesia,IDN,1995,5.08143
Indonesia,IDN,1996,6.2423
Indonesia,IDN,1997,6.47191
Indonesia,IDN,2001,4.12853
Indonesia,IDN,2002,4.37297
Indonesia,IDN,2003,4.48489
Indonesia,IDN,2004,5.15486
Indonesia,IDN,2005,5.83127
Indonesia,IDN,2006,4.15091
Indonesia,IDN,2007,2.05333
Indonesia,IDN,2008,2.56058
Indonesia,IDN,2009,0.98332
Indonesia,IDN,2010,0.39074
Indonesia,IDN,2011,1.8207
Indonesia,IDN,2012,0.23618
Indonesia,IDN,2013,1.82161
Indonesia,IDN,2014,3.53214
Indonesia,IDN,2016,6.06455
Indonesia,IDN,2017,6.39141
Indonesia,IDN,2018,7.700089
Indonesia,IDN,2019,1.7221793
Indonesia,IDN,2020,2.6784961
Indonesia,IDN,2021,1.4415534
Indonesia,IDN,2022,1.2257992
Indonesia,IDN,2023,0.7270516
Indonesia,IDN,2024,1.0709797
Indonesia,IDN,2025,0.8768029
Iran,IRN,1971,42.83547
Iran,IRN,1984,16.87717
Iran,IRN,1985,16.98364
Iran,IRN,1986,16.79566
Iran,IRN,1987,17.0543
Iran,IRN,1988,16.24241
Iran,IRN,1989,16.22034
Iran,IRN,1990,10.61764
Iran,IRN,1992,7.9274
Iran,IRN,1997,10.3778
Iran,IRN,1999,17.00609
Iran,IRN,2000,16.72021
Iran,IRN,2002,2.83914
Iran,IRN,2003,2.36767
Iran,IRN,2004,1.73847
Iran,IRN,2005,0.88251
Iran,IRN,2006,1.12648
Iran,IRN,2007,5.36993
Iran,IRN,2009,4.6612
Iran,IRN,2010,5.51022
Iran,IRN,2011,4.82335
Iran,IRN,2012,4.23035
Iran,IRN,2013,2.18343
Iran,IRN,2014,3.97034
Iran,IRN,2015,3.82706
Iran,IRN,2016,3.49585
Iran,IRN,2017,2.6499
Iran,IRN,2019,1.55243
Iran,IRN,2020,1.82946
Iran,IRN,2022,0.31813
Iran,IRN,2023,0.10284
Iraq,IRQ,1971,43.79617
Iraq,IRQ,1972,42.57821
Iraq,IRQ,1973,41.01685
Iraq,IRQ,1974,38.76449
Iraq,IRQ,1975,37.45111
Iraq,IRQ,1976,28.25374
Iraq,IRQ,1977,25.58113
Iraq,IRQ,1978,23.39269
Iraq,IRQ,1979,9.15665
Iraq,IRQ,1980,5.98317
Iraq,IRQ,1981,8.17498
Iraq,IRQ,1983,13.171
Iraq,IRQ,1985,14.41196
Iraq,IRQ,1986,12.67465
Iraq,IRQ,1987,11.06171
Iraq,IRQ,1988,9.52756
Iraq,IRQ,1989,10.46343
Iraq,IRQ,1993,20.55743
Iraq,IRQ,1996,26.12659
Iraq,IRQ,1999,15.30714
Iraq,IRQ,2000,17.60732
Iraq,IRQ,2003,14.03682
Iraq,IRQ,2004,14.79156
Iraq,IRQ,2007,10.72054
Ireland,IRL,2001,0.18283
Ireland,IRL,2002,0.21958
Ireland,IRL,2003,0.01902
Ireland,IRL,2004,0.09194
Ireland,IRL,2005,0.25852
Ireland,IRL,2006,0.11734
Ireland,IRL,2007,0.17504
Ireland,IRL,2008,0.07445
Ireland,IRL,2009,0.02636
Ireland,IRL,2010,0.20008
Ireland,IRL,2011,0.1255
Ireland,IRL,2012,0.05789
Ireland,IRL,2013,0.07269
Ireland,IRL,2014,0.03736
Ireland,IRL,2015,0.04882
Ireland,IRL,2016,0.01164
Ireland,IRL,2017,0.08198
Ireland,IRL,2018,0.09764
Ireland,IRL,2019,0.29404
Ireland,IRL,2020,0.11303
Ireland,IRL,2021,0.85424
Ireland,IRL,2022,1.81273
Israel,ISR,2001,2.29412
Israel,ISR,2002,2.10252
Israel,ISR,2003,2.86945
Israel,ISR,2004,2.42938
Israel,ISR,2005,2.53588
Israel,ISR,2006,2.43934
Israel,ISR,2007,1.87902
Israel,ISR,2008,2.38487
Israel,ISR,2009,2.07168
Israel,ISR,2010,0.08026
Israel,ISR,2011,0.08019
Israel,ISR,2012,0.15688
Israel,ISR,2013,0.2935
Israel,ISR,2014,0.43796
Israel,ISR,2015,0.54103
Israel,ISR,2016,0.55102
Israel,ISR,2017,0.76633
Israel,ISR,2018,0.93675
Israel,ISR,2019,1.32947
Israel,ISR,2020,1.68349
Israel,ISR,2021,1.66243
Israel,ISR,2022,1.94927
Israel,ISR,2023,2.00619
Israel,ISR,2024,2.66267
Italy,ITA,2001,0.218
Italy,ITA,2002,0.2074
Italy,ITA,2003,0.28334
Italy,ITA,2004,0.19475
Italy,ITA,2005,0.37187
Italy,ITA,2006,0.38153
Italy,ITA,2007,0.40542
Italy,ITA,2008,0.41543
Italy,ITA,2009,0.30448
Italy,ITA,2010,0.21688
Italy,ITA,2011,0.29289
Italy,ITA,2012,0.33649
Italy,ITA,2013,0.88532
Italy,ITA,2014,1.23085
Italy,ITA,2015,1.49434
Italy,ITA,2016,1.66492
Italy,ITA,2017,1.63794
Italy,ITA,2018,1.57104
Italy,ITA,2019,1.59696
Italy,ITA,2020,1.48285
Italy,ITA,2021,2.10581
Italy,ITA,2022,2.50709
Italy,ITA,2023,2.05616
Jamaica,JAM,1975,0.75764
Jamaica,JAM,1976,2.10417
Jamaica,JAM,1977,2.55577
Jamaica,JAM,1979,0.85669
Jamaica,JAM,1980,1.48827
Jamaica,JAM,1981,2.14452
Jamaica,JAM,1983,1.42996
Jamaica,JAM,1984,3.19908
Jamaica,JAM,1985,4.68204
Jamaica,JAM,1986,5.15505
Jamaica,JAM,1987,4.17332
Jamaica,JAM,1988,7.59556
Jamaica,JAM,1989,4.11766
Jamaica,JAM,1990,4.47937
Jamaica,JAM,1991,5.55963
Jamaica,JAM,1993,8.6434
Jamaica,JAM,1999,11.88358
Jamaica,JAM,2000,10.93086
Jamaica,JAM,2001,11.15483
Jamaica,JAM,2002,12.26319
Jamaica,JAM,2003,13.14526
Jamaica,JAM,2004,10.11374
Jamaica,JAM,2005,10.13195
Jamaica,JAM,2013,8.771143
Jamaica,JAM,2014,10.687206
Jamaica,JAM,2015,10.488973
Jamaica,JAM,2016,11.096724
Jamaica,JAM,2017,10.505416
Jamaica,JAM,2018,10.369803
Jamaica,JAM,2019,9.202946
Jamaica,JAM,2020,12.57722
Jamaica,JAM,2021,15.018443
Jamaica,JAM,2022,6.7475643
Jamaica,JAM,2023,12.407185
Jamaica,JAM,2024,4.34133
Japan,JPN,2013,1.143
Japan,JPN,2014,0.08421
Japan,JPN,2015,0.13036
Japan,JPN,2016,0.12045
Japan,JPN,2017,0.09786
Japan,JPN,2018,0.11078
Japan,JPN,2019,0.08071
Japan,JPN,2020,0.09395
Japan,JPN,2021,0.1024
Japan,JPN,2022,0.0781
Japan,JPN,2023,0.0684
Jordan,JOR,1972,17.61266
Jordan,JOR,1973,11.94352
Jordan,JOR,1974,7.70867
Jordan,JOR,1975,5.32727
Jordan,JOR,1976,4.70451
Jordan,JOR,1977,4.19756
Jordan,JOR,1978,3.37342
Jordan,JOR,1979,2.97405
Jordan,JOR,1980,3.95778
Jordan,JOR,1981,5.00654
Jordan,JOR,1982,5.09163
Jordan,JOR,1983,8.34395
Jordan,JOR,1984,9.62113
Jordan,JOR,1985,10.23661
Jordan,JOR,1999,14.90727
Jordan,JOR,2000,15.76866
Jordan,JOR,2002,9.6452
Jordan,JOR,2003,7.94589
Jordan,JOR,2004,6.78078
Jordan,JOR,2005,6.71526
Jordan,JOR,2006,7.29051
Jordan,JOR,2007,8.88153
Jordan,JOR,2008,11.22373
Jordan,JOR,2010,11.55295
Jordan,JOR,2011,10.74986
Jordan,JOR,2012,10.29566
Jordan,JOR,2013,6.857624
Jordan,JOR,2016,3.6880443
Jordan,JOR,2017,2.122746
Jordan,JOR,2018,1.6914269
Jordan,JOR,2019,1.7024767
Jordan,JOR,2020,1.5803754
Jordan,JOR,2021,2.5520375
Jordan,JOR,2022,1.8879125
Jordan,JOR,2023,2.7338593
Jordan,JOR,2024,1.8862007
Kazakhstan,KAZ,2000,4.31358
Kazakhstan,KAZ,2001,2.35406
Kazakhstan,KAZ,2002,2.37242
Kazakhstan,KAZ,2003,2.20114
Kazakhstan,KAZ,2004,2.31014
Kazakhstan,KAZ,2005,2.08781
Kazakhstan,KAZ,2006,2.37652
Kazakhstan,KAZ,2007,4.02859
Kazakhstan,KAZ,2008,5.5343
Kazakhstan,KAZ,2009,7.05496
Kazakhstan,KAZ,2010,8.093388
Kazakhstan,KAZ,2011,7.543376
Kazakhstan,KAZ,2012,7.593671
Kazakhstan,KAZ,2013,8.224593
Kazakhstan,KAZ,2014,8.453081
Kazakhstan,KAZ,2015,8.352266
Kazakhstan,KAZ,2016,8.508386
Kazakhstan,KAZ,2017,5.798749
Kazakhstan,KAZ,2018,5.0508018
Kazakhstan,KAZ,2019,3.967298
Kazakhstan,KAZ,2020,10.840316
Kazakhstan,KAZ,2021,10.970421
Kazakhstan,KAZ,2022,10.371205
Kazakhstan,KAZ,2023,5.8632965
Kazakhstan,KAZ,2024,6.4019804
Kazakhstan,KAZ,2025,7.9116426
Kenya,KEN,1999,37.24289
Kenya,KEN,2000,34.95487
Kenya,KEN,2001,27.17357
Kenya,KEN,2002,29.38118
Kenya,KEN,2003,14.97443
Kenya,KEN,2004,15.90465
Kenya,KEN,2005,14.68821
Kenya,KEN,2006,15.16977
Kenya,KEN,2007,5.01289
Kenya,KEN,2008,9.38082
Kenya,KEN,2009,7.63294
Kenya,KEN,2012,17.28183
Kenya,KEN,2021,36.28022
Kenya,KEN,2022,32.898247
Kiribati,KIR,1979,7.24357
Kiribati,KIR,1981,4.44567
Kiribati,KIR,1982,2.50822
Kiribati,KIR,1983,3.39691
Kiribati,KIR,1984,3.87685
Kiribati,KIR,1985,1.56855
Kiribati,KIR,1986,1.51069
Kiribati,KIR,1987,3.81428
Kiribati,KIR,1989,0.75864
Kiribati,KIR,1991,0.4867
Kiribati,KIR,1992,0.45973
Kiribati,KIR,1993,0.57311
Kiribati,KIR,1994,0.25637
Kiribati,KIR,1995,0.00121
Kiribati,KIR,1996,0.13861
Kiribati,KIR,1997,1.16813
Kiribati,KIR,2000,2.54418
Kiribati,KIR,2014,0.41028103
Kiribati,KIR,2015,0.9332908
Kiribati,KIR,2016,1.0601633
Kiribati,KIR,2017,1.3860153
Kiribati,KIR,2020,2.0512106
Kiribati,KIR,2021,2.5100243
Kiribati,KIR,2022,4.37924
Kiribati,KIR,2023,8.472998
Kiribati,KIR,2024,8.709888
Kuwait,KWT,1971,45.71554
Kuwait,KWT,1972,42.63192
Kuwait,KWT,1973,39.20092
Kuwait,KWT,1974,37.7976
Kuwait,KWT,1975,36.01566
Kuwait,KWT,1976,33.40855
Kuwait,KWT,1977,28.73317
Kuwait,KWT,1978,19.83523
Kuwait,KWT,1979,20.83946
Kuwait,KWT,1980,22.00673
Kuwait,KWT,1981,21.73066
Kuwait,KWT,1982,21.14878
Kuwait,KWT,1983,20.33992
Kuwait,KWT,1984,21.19293
Kuwait,KWT,1985,21.80504
Kuwait,KWT,1986,22.28916
Kuwait,KWT,1987,26.91626
Kuwait,KWT,1988,27.05117
Kuwait,KWT,1992,40.51122
Kuwait,KWT,1994,28.13076
Kuwait,KWT,1996,25.7971
Kuwait,KWT,1997,28.1485
Kuwait,KWT,1998,16.8961
Kuwait,KWT,1999,17.01176
Kuwait,KWT,2000,14.93518
Kuwait,KWT,2001,10.71102
Kuwait,KWT,2002,5.51201
Kuwait,KWT,2003,2.60923
Kuwait,KWT,2004,2.42917
Kuwait,KWT,2005,2.79454
Kuwait,KWT,2007,0.4997
Kuwait,KWT,2008,0.81401
Kuwait,KWT,2010,0.4806794
Kuwait,KWT,2011,0.06754548
Kuwait,KWT,2012,1.2654681
Kuwait,KWT,2013,1.779478
Kuwait,KWT,2014,2.0266943
Kuwait,KWT,2015,3.0524306
Kuwait,KWT,2016,7.4655848
Kyrgyzstan,KGZ,1996,12.56832
Kyrgyzstan,KGZ,1999,6.56984
Kyrgyzstan,KGZ,2000,7.98464
Kyrgyzstan,KGZ,2001,7.8048
Kyrgyzstan,KGZ,2002,8.29533
Kyrgyzstan,KGZ,2003,9.13153
Kyrgyzstan,KGZ,2004,4.62264
Kyrgyzstan,KGZ,2005,7.24697
Kyrgyzstan,KGZ,2006,5.93024
Kyrgyzstan,KGZ,2007,6.74064
Kyrgyzstan,KGZ,2008,6.86276
Kyrgyzstan,KGZ,2009,6.57275
Kyrgyzstan,KGZ,2010,5.321882
Kyrgyzstan,KGZ,2011,6.037532
Kyrgyzstan,KGZ,2012,5.7901454
Kyrgyzstan,KGZ,2013,5.5489435
Kyrgyzstan,KGZ,2014,4.605263
Kyrgyzstan,KGZ,2015,4.95562
Kyrgyzstan,KGZ,2016,2.7579339
Kyrgyzstan,KGZ,2017,2.7086897
Kyrgyzstan,KGZ,2018,2.2972507
Kyrgyzstan,KGZ,2019,2.7776582
Kyrgyzstan,KGZ,2020,5.261278
Kyrgyzstan,KGZ,2021,4.3307405
Kyrgyzstan,KGZ,2022,3.538466
Kyrgyzstan,KGZ,2024,2.9818604
Kyrgyzstan,KGZ,2025,2.9593377
Laos,LAO,1988,35.73454
Laos,LAO,1990,36.33651
Laos,LAO,1992,43.56717
Laos,LAO,1993,38.83726
Laos,LAO,1994,34.99595
Laos,LAO,1996,32.60963
Laos,LAO,1997,30.00198
Laos,LAO,1998,26.61101
Laos,LAO,1999,25.86826
Laos,LAO,2000,25.0247
Laos,LAO,2001,25.60125
Laos,LAO,2002,24.1645
Laos,LAO,2003,21.5431
Laos,LAO,2004,21.22377
Laos,LAO,2005,20.58614
Laos,LAO,2006,20.03004
Laos,LAO,2007,17.533
Laos,LAO,2008,15.2693
Laos,LAO,2009,12.95459
Laos,LAO,2010,8.25074
Laos,LAO,2011,7.973733
Laos,LAO,2012,7.482997
Laos,LAO,2013,4.9805727
Laos,LAO,2014,3.9750235
Laos,LAO,2015,4.8259115
Laos,LAO,2016,5.2598143
Laos,LAO,2017,6.2684927
Laos,LAO,2018,6.800317
Laos,LAO,2019,6.6509905
Laos,LAO,2020,6.877884
Laos,LAO,2021,7.036751
Laos,LAO,2022,9.398451
Laos,LAO,2023,9.469037
Laos,LAO,2024,10.335924
Laos,LAO,2025,10.3619175
Latin America and the Caribbean (SDG),,2000,5.5
Latin America and the Caribbean (SDG),,2001,5
Latin America and the Caribbean (SDG),,2002,4.5
Latin America and the Caribbean (SDG),,2003,4.2
Latin America and the Caribbean (SDG),,2004,3.8
Latin America and the Caribbean (SDG),,2005,3.6
Latin America and the Caribbean (SDG),,2006,3.3
Latin America and the Caribbean (SDG),,2007,3.1
Latin America and the Caribbean (SDG),,2008,3
Latin America and the Caribbean (SDG),,2009,2.9
Latin America and the Caribbean (SDG),,2010,2.8
Latin America and the Caribbean (SDG),,2011,2.9
Latin America and the Caribbean (SDG),,2012,2.9
Latin America and the Caribbean (SDG),,2013,3
Latin America and the Caribbean (SDG),,2014,3.1
Latin America and the Caribbean (SDG),,2015,3.1
Latin America and the Caribbean (SDG),,2016,3.1
Latin America and the Caribbean (SDG),,2017,3.1
Latin America and the Caribbean (SDG),,2018,3
Latin America and the Caribbean (SDG),,2019,2.9
Latin America and the Caribbean (SDG),,2020,3
Latin America and the Caribbean (SDG),,2021,3.1
Latin America and the Caribbean (SDG),,2022,3.2
Latin America and the Caribbean (SDG),,2023,3.4
Latin America and the Caribbean (SDG),,2024,3.6
Latin America and the Caribbean (SDG),,2025,3.8
Latvia,LVA,2008,0.00854
Latvia,LVA,2009,0.8757
Latvia,LVA,2010,0.86757
Latvia,LVA,2011,0.76668
Latvia,LVA,2012,1.46035
Latvia,LVA,2013,1.86098
Latvia,LVA,2014,1.96989
Latvia,LVA,2015,2.03865
Latvia,LVA,2016,1.7373
Latvia,LVA,2017,1.5162
Latvia,LVA,2018,1.13144
Latvia,LVA,2019,1.17626
Latvia,LVA,2020,1.30227
Latvia,LVA,2021,1.27525
Latvia,LVA,2022,1.44377
Latvia,LVA,2023,1.95969
Latvia,LVA,2024,2.74
Lebanon,LBN,1974,8.32609
Lebanon,LBN,1997,44.63021
Lebanon,LBN,1998,30.86344
Lebanon,LBN,1999,25.87116
Lebanon,LBN,2000,24.40929
Lebanon,LBN,2001,24.1491
Lebanon,LBN,2002,23.29567
Lebanon,LBN,2003,21.85792
Lebanon,LBN,2004,20.27243
Lebanon,LBN,2005,20.3223
Lebanon,LBN,2006,21.32147
Lebanon,LBN,2007,21.68214
Lebanon,LBN,2008,23.26397
Lebanon,LBN,2009,24.08274
Lebanon,LBN,2010,23.836311
Lebanon,LBN,2011,23.099316
Lebanon,LBN,2012,21.795853
Lebanon,LBN,2013,19.685642
Lebanon,LBN,2014,26.278994
Lebanon,LBN,2015,29.270304
Lebanon,LBN,2016,26.286257
Lebanon,LBN,2017,24.739906
Lebanon,LBN,2018,25.299242
Lebanon,LBN,2019,25.93979
Lebanon,LBN,2020,26.809227
Lebanon,LBN,2021,28.000698
Lebanon,LBN,2022,27.198008
Lebanon,LBN,2023,25.668348
Lebanon,LBN,2024,22.512522
Lesotho,LSO,1970,39.1551
Lesotho,LSO,1971,43.15405
Lesotho,LSO,1972,42.37797
Lesotho,LSO,1973,41.73434
Lesotho,LSO,1974,33.40016
Lesotho,LSO,1976,32.06607
Lesotho,LSO,1977,30.59808
Lesotho,LSO,1978,37.03022
Lesotho,LSO,1979,35.79377
Lesotho,LSO,1980,35.82374
Lesotho,LSO,1981,35.94585
Lesotho,LSO,1982,32.25864
Lesotho,LSO,1983,33.546
Lesotho,LSO,1984,33.50782
Lesotho,LSO,1985,32.24589
Lesotho,LSO,1986,33.29682
Lesotho,LSO,1987,29.70681
Lesotho,LSO,1988,29.32235
Lesotho,LSO,1989,30.71983
Lesotho,LSO,1990,32.45601
Lesotho,LSO,1991,31.79882
Lesotho,LSO,1992,32.22457
Lesotho,LSO,1993,35.1017
Lesotho,LSO,1994,34.99814
Lesotho,LSO,1995,36.86045
Lesotho,LSO,1996,37.0283
Lesotho,LSO,1998,43.57547
Lesotho,LSO,1999,45.99543
Lesotho,LSO,2000,25.49322
Lesotho,LSO,2001,23.18812
Lesotho,LSO,2002,20.41875
Lesotho,LSO,2003,17.96003
Lesotho,LSO,2004,18.20525
Lesotho,LSO,2005,16.6606
Lesotho,LSO,2006,13.99023
Lesotho,LSO,2007,15.95023
Lesotho,LSO,2008,15.18768
Lesotho,LSO,2009,15.8759
Lesotho,LSO,2010,15.18667
Lesotho,LSO,2011,14.873693
Lesotho,LSO,2012,14.7650585
Lesotho,LSO,2013,14.552518
Lesotho,LSO,2014,15.937589
Lesotho,LSO,2015,16.659925
Lesotho,LSO,2016,16.150509
Lesotho,LSO,2017,14.812339
Lesotho,LSO,2018,20.199614
Lesotho,LSO,2019,22.852762
Lesotho,LSO,2020,24.304634
Lesotho,LSO,2021,30.323095
Lesotho,LSO,2022,29.384666
Lesotho,LSO,2023,30.697132
Lesotho,LSO,2024,32.17244
Liberia,LBR,1999,55.83248
Liberia,LBR,2008,59.58409
Liberia,LBR,2011,3.9486754
Liberia,LBR,2014,11.42757
Liberia,LBR,2015,13.6138735
Liberia,LBR,2016,20.393263
Liberia,LBR,2017,26.437555
Liberia,LBR,2020,31.38786
Liberia,LBR,2021,35.406406
Liberia,LBR,2022,38.25398
Libya,LBY,1971,34.47397
Libya,LBY,1972,27.07286
Libya,LBY,1973,21.26807
Libya,LBY,1974,14.16792
Libya,LBY,1975,11.29712
Libya,LBY,1976,6.16547
Libya,LBY,1977,5.87013
Libya,LBY,1978,7.40079
Libya,LBY,1980,3.11714
Libya,LBY,1981,6.67759
Libya,LBY,1983,4.5378
Liechtenstein,LIE,2003,0.77298
Liechtenstein,LIE,2004,0.42529
Liechtenstein,LIE,2005,0.28463
Liechtenstein,LIE,2006,1.10048
Liechtenstein,LIE,2007,0.95602
Liechtenstein,LIE,2008,0.7824
Liechtenstein,LIE,2009,1.43075
Liechtenstein,LIE,2010,0.76421
Liechtenstein,LIE,2011,1.25065
Liechtenstein,LIE,2012,1.52071
Liechtenstein,LIE,2014,2.34167
Liechtenstein,LIE,2015,0.03349
Liechtenstein,LIE,2016,0.32448
Liechtenstein,LIE,2017,0.15869
Liechtenstein,LIE,2018,0.14877
Liechtenstein,LIE,2019,0.07966
Liechtenstein,LIE,2020,0.56434
Liechtenstein,LIE,2021,0.82476
Lithuania,LTU,2001,0.31141
Lithuania,LTU,2002,0.25087
Lithuania,LTU,2003,0.11051
Lithuania,LTU,2013,0.10852
Lithuania,LTU,2014,0.06526
Lithuania,LTU,2015,0.0532
Lithuania,LTU,2016,0.14218
Lithuania,LTU,2017,0.09704
Lithuania,LTU,2018,0.1667
Lithuania,LTU,2019,0.19378
Lithuania,LTU,2020,0.11503
Lithuania,LTU,2021,0.00339
Lithuania,LTU,2022,0.02364
Lithuania,LTU,2023,0.10168
Lithuania,LTU,2024,0.1297
Low-income countries,OWID_LIC,2000,44.6
Low-income countries,OWID_LIC,2001,42.4
Low-income countries,OWID_LIC,2002,40.3
Low-income countries,OWID_LIC,2003,38.7
Low-income countries,OWID_LIC,2004,36.7
Low-income countries,OWID_LIC,2005,34.8
Low-income countries,OWID_LIC,2006,33.1
Low-income countries,OWID_LIC,2007,31.5
Low-income countries,OWID_LIC,2008,30
Low-income countries,OWID_LIC,2009,28.7
Low-income countries,OWID_LIC,2010,27.8
Low-income countries,OWID_LIC,2011,27.1
Low-income countries,OWID_LIC,2012,26.5
Low-income countries,OWID_LIC,2013,26.1
Low-income countries,OWID_LIC,2014,25.6
Low-income countries,OWID_LIC,2015,25.6
Low-income countries,OWID_LIC,2016,25.6
Low-income countries,OWID_LIC,2017,25.5
Low-income countries,OWID_LIC,2018,25.5
Low-income countries,OWID_LIC,2019,25.5
Low-income countries,OWID_LIC,2020,25.3
Low-income countries,OWID_LIC,2021,25
Low-income countries,OWID_LIC,2022,25
Low-income countries,OWID_LIC,2023,24.7
Low-income countries,OWID_LIC,2024,24.4
Low-income countries,OWID_LIC,2025,24.1
Lower-middle-income countries,OWID_LMC,2000,18.5
Lower-middle-income countries,OWID_LMC,2001,17.6
Lower-middle-income countries,OWID_LMC,2002,16.9
Lower-middle-income countries,OWID_LMC,2003,16.3
Lower-middle-income countries,OWID_LMC,2004,15.4
Lower-middle-income countries,OWID_LMC,2005,14.7
Lower-middle-income countries,OWID_LMC,2006,14
Lower-middle-income countries,OWID_LMC,2007,13.2
Lower-middle-income countries,OWID_LMC,2008,12.5
Lower-middle-income countries,OWID_LMC,2009,11.9
Lower-middle-income countries,OWID_LMC,2010,11.2
Lower-middle-income countries,OWID_LMC,2011,10.7
Lower-middle-income countries,OWID_LMC,2012,10.3
Lower-middle-income countries,OWID_LMC,2013,10.1
Lower-middle-income countries,OWID_LMC,2014,9.9
Lower-middle-income countries,OWID_LMC,2015,9.7
Lower-middle-income countries,OWID_LMC,2016,9.5
Lower-middle-income countries,OWID_LMC,2017,9.2
Lower-middle-income countries,OWID_LMC,2018,9
Lower-middle-income countries,OWID_LMC,2019,8.8
Lower-middle-income countries,OWID_LMC,2020,8.7
Lower-middle-income countries,OWID_LMC,2021,8.5
Lower-middle-income countries,OWID_LMC,2022,8.4
Lower-middle-income countries,OWID_LMC,2023,8.4
Lower-middle-income countries,OWID_LMC,2024,8.3
Lower-middle-income countries,OWID_LMC,2025,8.3
Luxembourg,LUX,2001,3.18755
Luxembourg,LUX,2002,2.74407
Luxembourg,LUX,2003,4.41155
Luxembourg,LUX,2004,4.49625
Luxembourg,LUX,2005,2.61529
Luxembourg,LUX,2006,2.94159
Luxembourg,LUX,2007,3.02447
Luxembourg,LUX,2008,3.2012
Luxembourg,LUX,2010,3.86029
Luxembourg,LUX,2011,4.96324
Luxembourg,LUX,2012,1.93863
Luxembourg,LUX,2013,2.71701
Luxembourg,LUX,2014,3.02065
Luxembourg,LUX,2015,2.62758
Luxembourg,LUX,2016,2.61968
Luxembourg,LUX,2017,3.30613
Luxembourg,LUX,2018,2.44804
Luxembourg,LUX,2019,1.47956
Luxembourg,LUX,2020,1.59485
Luxembourg,LUX,2021,1.65279
Luxembourg,LUX,2022,0.34542
Luxembourg,LUX,2023,0.59556
Luxembourg,LUX,2024,0.25638
Macao,MAC,2001,12.37707
Macao,MAC,2002,9.46349
Macao,MAC,2003,9.42369
Macao,MAC,2004,9.00464
Macao,MAC,2005,10.16693
Macao,MAC,2006,11.74551
Macao,MAC,2007,10.76088
Macao,MAC,2008,10.09643
Macao,MAC,2009,9.99595
Macao,MAC,2010,9.479109
Macao,MAC,2011,7.083963
Macao,MAC,2012,8.947369
Macao,MAC,2013,7.748879
Macao,MAC,2014,4.8942733
Macao,MAC,2015,4.2469134
Macao,MAC,2016,2.4482758
Macao,MAC,2017,2.6699805
Macao,MAC,2018,2.2013423
Macao,MAC,2019,6.1360946
Macao,MAC,2020,9.811476
Macao,MAC,2021,12.731155
Macao,MAC,2022,16.332563
Macao,MAC,2023,14.203197
Macao,MAC,2024,10.791569
Madagascar,MDG,1972,35.95736
Madagascar,MDG,1989,38.24675
Madagascar,MDG,1990,39.57284
Madagascar,MDG,1995,47.73927
Madagascar,MDG,1996,45.70659
Madagascar,MDG,1999,38.47856
Madagascar,MDG,2000,36.93513
Madagascar,MDG,2001,36.11877
Madagascar,MDG,2002,35.96193
Madagascar,MDG,2003,27.18701
Madagascar,MDG,2010,2.031428
Madagascar,MDG,2011,1.7166039
Madagascar,MDG,2013,2.0750556
Madagascar,MDG,2014,2.0286853
Madagascar,MDG,2015,2.0956743
Madagascar,MDG,2016,2.8668656
Madagascar,MDG,2017,2.194865
Madagascar,MDG,2018,2.4032576
Madagascar,MDG,2021,2.5461016
Madagascar,MDG,2022,3.158758
Madagascar,MDG,2023,3.307424
Madagascar,MDG,2024,3.4005392
Malawi,MWI,1999,2.03575
Malawi,MWI,2004,0.83857
Malawi,MWI,2005,0.75687
Malawi,MWI,2006,1.2676
Malawi,MWI,2007,3.28539
Malawi,MWI,2008,1.2983
Malawi,MWI,2009,0.96183
Malawi,MWI,2021,2.2371917
Malawi,MWI,2022,2.0890052
Malaysia,MYS,1970,7.63021
Malaysia,MYS,1971,6.7832
Malaysia,MYS,1972,5.22308
Malaysia,MYS,1994,3.91869
Malaysia,MYS,1998,4.04884
Malaysia,MYS,1999,3.20058
Malaysia,MYS,2000,2.80377
Malaysia,MYS,2001,4.84723
Malaysia,MYS,2002,7.078
Malaysia,MYS,2003,6.87022
Malaysia,MYS,2004,4.31675
Malaysia,MYS,2005,3.25432
Malaysia,MYS,2006,5.41845
Malaysia,MYS,2007,4.48655
Malaysia,MYS,2008,4.23488
Malaysia,MYS,2009,3.99931
Malaysia,MYS,2010,4.62372
Malaysia,MYS,2011,5.07486
Malaysia,MYS,2012,5.32901
Malaysia,MYS,2013,5.479191
Malaysia,MYS,2014,7.004767
Malaysia,MYS,2015,7.8452826
Malaysia,MYS,2016,8.028543
Malaysia,MYS,2017,7.937559
Malaysia,MYS,2018,7.8101597
Malaysia,MYS,2019,10.90442
Malaysia,MYS,2020,11.766591
Malaysia,MYS,2021,12.124676
Malaysia,MYS,2022,12.461852
Malaysia,MYS,2023,9.142985
Malaysia,MYS,2024,11.969635
Maldives,MDV,1997,6.89336
Maldives,MDV,1999,3.41123
Maldives,MDV,2000,3.16926
Maldives,MDV,2001,3.33219
Maldives,MDV,2002,3.50438
Maldives,MDV,2004,3.58287
Maldives,MDV,2005,4.22526
Maldives,MDV,2006,4.31608
Maldives,MDV,2007,5.39375
Maldives,MDV,2008,5.41423
Maldives,MDV,2009,4.46367
Maldives,MDV,2010,6.2372236
Maldives,MDV,2011,5.3817744
Maldives,MDV,2012,6.2766466
Maldives,MDV,2013,6.5939302
Maldives,MDV,2014,4.783231
Maldives,MDV,2015,4.826721
Maldives,MDV,2016,5.7296133
Maldives,MDV,2017,4.9767065
Maldives,MDV,2018,4.8712664
Maldives,MDV,2019,4.440111
Maldives,MDV,2020,4.5426598
Maldives,MDV,2022,5.3754635
Maldives,MDV,2023,6.8039646
Maldives,MDV,2024,0.9464766
Mali,MLI,1971,83.59618
Mali,MLI,1972,83.00489
Mali,MLI,1973,82.64504
Mali,MLI,1974,80.2411
Mali,MLI,1977,80.32672
Mali,MLI,1999,59.96333
Mali,MLI,2002,52.28174
Mali,MLI,2003,51.8876
Mali,MLI,2004,51.5368
Mali,MLI,2005,46.52057
Mali,MLI,2006,45.27313
Mali,MLI,2007,43.3458
Mali,MLI,2009,36.72793
Mali,MLI,2010,35.9002
Mali,MLI,2011,35.248566
Mali,MLI,2012,37.521057
Mali,MLI,2013,41.586224
Mali,MLI,2014,40.820614
Mali,MLI,2015,43.431786
Mali,MLI,2016,42.07146
Mali,MLI,2017,37.001987
Mali,MLI,2018,45.07208
Mali,MLI,2023,34.00782
Malta,MLT,2011,0.05273
Malta,MLT,2012,0.26788
Malta,MLT,2013,1.03968
Malta,MLT,2014,1.33315
Malta,MLT,2015,1.23194
Malta,MLT,2016,1.18002
Malta,MLT,2017,1.18777
Malta,MLT,2018,0.62836
Malta,MLT,2019,1.47456
Malta,MLT,2020,2.29797
Malta,MLT,2021,2.58395
Malta,MLT,2022,2.95252
Malta,MLT,2023,2.63779
Marshall Islands,MHL,2002,3.86519
Marshall Islands,MHL,2011,0.11442
Marshall Islands,MHL,2015,8.93435
Marshall Islands,MHL,2016,5.9677844
Marshall Islands,MHL,2019,0.99596494
Marshall Islands,MHL,2020,0.97880644
Marshall Islands,MHL,2021,0.0378485
Marshall Islands,MHL,2022,0.3623368
Marshall Islands,MHL,2023,0.32196477
Marshall Islands,MHL,2024,1.4759613
Martinique,MTQ,1971,0
Martinique,MTQ,1972,0
Martinique,MTQ,1973,0.73751
Martinique,MTQ,1987,0.69219
Martinique,MTQ,1990,4.77539
Martinique,MTQ,1992,11.04912
Martinique,MTQ,1993,11.99209
Martinique,MTQ,1996,8.50927
Mauritania,MRT,1985,67.7274
Mauritania,MRT,1994,52.8956
Mauritania,MRT,1995,46.49861
Mauritania,MRT,1996,43.17623
Mauritania,MRT,1998,39.64276
Mauritania,MRT,1999,40.32287
Mauritania,MRT,2000,40.6456
Mauritania,MRT,2001,38.02634
Mauritania,MRT,2002,39.09461
Mauritania,MRT,2003,36.37711
Mauritania,MRT,2004,29.58261
Mauritania,MRT,2005,30.65345
Mauritania,MRT,2006,27.56922
Mauritania,MRT,2007,25.88882
Mauritania,MRT,2008,28.61691
Mauritania,MRT,2009,28.81927
Mauritania,MRT,2010,28.61834
Mauritania,MRT,2011,28.814049
Mauritania,MRT,2012,30.86249
Mauritania,MRT,2013,29.257534
Mauritania,MRT,2014,28.036087
Mauritania,MRT,2015,24.568317
Mauritania,MRT,2016,32.71704
Mauritania,MRT,2017,28.844206
Mauritania,MRT,2018,27.467375
Mauritania,MRT,2019,30.90514
Mauritania,MRT,2020,25.399626
Mauritania,MRT,2024,11.256238
Mauritius,MUS,1972,15.01175
Mauritius,MUS,1973,15.70802
Mauritius,MUS,1974,16.45004
Mauritius,MUS,1975,16.50386
Mauritius,MUS,1976,16.30707
Mauritius,MUS,1977,10.6447
Mauritius,MUS,1978,10.18946
Mauritius,MUS,1979,10.47581
Mauritius,MUS,1980,7.9252
Mauritius,MUS,1981,5.41515
Mauritius,MUS,1982,1.86827
Mauritius,MUS,1983,2.14237
Mauritius,MUS,1984,3.59085
Mauritius,MUS,1985,2.83808
Mauritius,MUS,1986,8.09836
Mauritius,MUS,1987,7.45376
Mauritius,MUS,1988,8.05024
Mauritius,MUS,1989,8.15602
Mauritius,MUS,1990,9.56611
Mauritius,MUS,1991,11.95754
Mauritius,MUS,1993,9.50579
Mauritius,MUS,1994,8.8987
Mauritius,MUS,1995,8.69293
Mauritius,MUS,1996,7.44239
Mauritius,MUS,1997,6.55275
Mauritius,MUS,1998,1.53845
Mauritius,MUS,1999,0.74854
Mauritius,MUS,2000,0.36852
Mauritius,MUS,2001,0.55605
Mauritius,MUS,2002,0.54296
Mauritius,MUS,2003,0.49693
Mauritius,MUS,2004,1.91969
Mauritius,MUS,2005,1.73598
Mauritius,MUS,2006,1.82961
Mauritius,MUS,2007,2.33944
Mauritius,MUS,2008,2.33555
Mauritius,MUS,2009,3.1757
Mauritius,MUS,2010,3.104361
Mauritius,MUS,2011,3.6264296
Mauritius,MUS,2012,7.663653
Mauritius,MUS,2013,5.892716
Mauritius,MUS,2014,5.5080404
Mauritius,MUS,2015,5.2857866
Mauritius,MUS,2016,5.0050697
Mauritius,MUS,2017,4.6948113
Mauritius,MUS,2018,2.4305482
Mauritius,MUS,2019,4.1962557
Mauritius,MUS,2020,3.640718
Mauritius,MUS,2021,6.0872664
Mauritius,MUS,2023,1.7434108
Mauritius,MUS,2024,0.7853681
Mexico,MEX,2000,0.05997
Mexico,MEX,2001,0.17107
Mexico,MEX,2002,0.25093
Mexico,MEX,2003,0.2719
Mexico,MEX,2004,0.29608
Mexico,MEX,2005,0.21456
Mexico,MEX,2006,0.18969
Mexico,MEX,2007,0.15889
Mexico,MEX,2008,0.09616
Mexico,MEX,2009,0.12413
Mexico,MEX,2010,0.16255
Mexico,MEX,2011,0.20713
Mexico,MEX,2012,0.2336
Mexico,MEX,2013,0.26967
Mexico,MEX,2014,0.31485
Mexico,MEX,2015,0.31636
Mexico,MEX,2016,0.31266
Mexico,MEX,2017,0.33379
Mexico,MEX,2018,0.25599
Mexico,MEX,2019,0.31706
Mexico,MEX,2020,0.29094
Mexico,MEX,2021,0.33327
Mexico,MEX,2022,0.34192
Mexico,MEX,2023,0.34822
Mexico,MEX,2024,0.36324
Micronesia (country),FSM,2014,12.98701
Micronesia (country),FSM,2015,17.63785
Micronesia (country),FSM,2016,11.593707
Micronesia (country),FSM,2017,12.867247
Micronesia (country),FSM,2018,6.1453276
Micronesia (country),FSM,2019,10.795493
Micronesia (country),FSM,2020,19.061924
Micronesia (country),FSM,2021,19.065536
Micronesia (country),FSM,2022,20.019297
Micronesia (country),FSM,2023,23.937204
Micronesia (country),FSM,2024,23.058119
Moldova,MDA,2010,8.449324
Moldova,MDA,2011,8.073186
Moldova,MDA,2012,8.095037
Moldova,MDA,2013,7.9269285
Moldova,MDA,2014,0.20472223
Moldova,MDA,2015,0.44474408
Moldova,MDA,2016,0.6145167
Moldova,MDA,2017,0.64105403
Moldova,MDA,2018,0.64577997
Moldova,MDA,2019,1.9291018
Moldova,MDA,2020,0.7965095
Moldova,MDA,2021,0.33557805
Moldova,MDA,2022,0.4324744
Moldova,MDA,2023,0.58263457
Moldova,MDA,2024,0.4628641
Mongolia,MNG,1980,5.46947
Mongolia,MNG,1983,6.76976
Mongolia,MNG,1987,7.93533
Mongolia,MNG,1995,21.66617
Mongolia,MNG,1996,18.36931
Mongolia,MNG,1997,17.39832
Mongolia,MNG,1998,12.64812
Mongolia,MNG,1999,9.39589
Mongolia,MNG,2000,6.41811
Mongolia,MNG,2001,5.0317
Mongolia,MNG,2002,6.38981
Mongolia,MNG,2003,13.83175
Mongolia,MNG,2004,7.41994
Mongolia,MNG,2005,9.32168
Mongolia,MNG,2006,5.14867
Mongolia,MNG,2007,4.33163
Mongolia,MNG,2008,1.78549
Mongolia,MNG,2009,0.14036
Mongolia,MNG,2010,0.26078
Mongolia,MNG,2011,0.19078
Mongolia,MNG,2012,1.74132
Mongolia,MNG,2013,4.81135
Mongolia,MNG,2014,5.43826
Mongolia,MNG,2015,5.02854
Mongolia,MNG,2016,4.07902
Mongolia,MNG,2017,6.20981
Mongolia,MNG,2018,4.7839904
Mongolia,MNG,2019,5.902503
Mongolia,MNG,2020,7.693968
Mongolia,MNG,2021,8.33881
Mongolia,MNG,2022,7.415993
Mongolia,MNG,2023,7.7478943
Mongolia,MNG,2024,8.563749
Montenegro,MNE,2003,0
Montenegro,MNE,2005,0.05177
Montenegro,MNE,2006,3.30468
Montenegro,MNE,2007,5.8035
Montenegro,MNE,2008,5.19102
Montenegro,MNE,2011,0.36555
Montenegro,MNE,2012,0.86514
Montenegro,MNE,2015,0.03839
Montenegro,MNE,2016,1.25122
Montenegro,MNE,2017,0.12325
Montenegro,MNE,2018,2.2825
Montenegro,MNE,2019,0.32416
Montenegro,MNE,2020,0.30845
Montenegro,MNE,2021,0.17315
Montenegro,MNE,2023,0.21833
Montserrat,MSR,1999,41.50943
Montserrat,MSR,2000,23.78049
Montserrat,MSR,2001,4.31655
Montserrat,MSR,2004,1.05326
Montserrat,MSR,2005,0.15155
Montserrat,MSR,2006,2.68673
Montserrat,MSR,2007,1.85519
Montserrat,MSR,2014,3.8835
Montserrat,MSR,2021,0.2093005
Montserrat,MSR,2022,0.17795573
Montserrat,MSR,2023,6.685808
Morocco,MAR,1971,60.26093
Morocco,MAR,1972,59.14826
Morocco,MAR,1973,58.87504
Morocco,MAR,1975,56.0593
Morocco,MAR,1976,53.34765
Morocco,MAR,1977,50.01132
Morocco,MAR,1978,47.12922
Morocco,MAR,1979,45.14426
Morocco,MAR,1980,43.08447
Morocco,MAR,1981,41.25221
Morocco,MAR,1982,41.68964
Morocco,MAR,1983,39.90062
Morocco,MAR,1984,37.75682
Morocco,MAR,1985,38.99715
Morocco,MAR,1986,40.53708
Morocco,MAR,1987,42.38395
Morocco,MAR,1988,43.85913
Morocco,MAR,1989,45.73956
Morocco,MAR,1990,44.68454
Morocco,MAR,1991,44.74183
Morocco,MAR,1992,43.7077
Morocco,MAR,1993,40.96973
Morocco,MAR,1994,37.74707
Morocco,MAR,1995,34.39578
Morocco,MAR,1996,31.95605
Morocco,MAR,1997,30.72473
Morocco,MAR,1998,32.32426
Morocco,MAR,1999,21.83038
Morocco,MAR,2000,18.71222
Morocco,MAR,2001,16.29435
Morocco,MAR,2002,13.81986
Morocco,MAR,2003,12.28289
Morocco,MAR,2004,12.77454
Morocco,MAR,2005,12.44294
Morocco,MAR,2006,11.83203
Morocco,MAR,2007,11.3597
Morocco,MAR,2008,11.65803
Morocco,MAR,2009,12.7129
Morocco,MAR,2010,8.897511
Morocco,MAR,2011,7.271609
Morocco,MAR,2012,7.930191
Morocco,MAR,2013,6.7838407
Morocco,MAR,2014,7.823131
Morocco,MAR,2015,10.363119
Morocco,MAR,2016,8.263077
Morocco,MAR,2017,7.218119
Morocco,MAR,2018,5.1241
Morocco,MAR,2019,3.1472232
Morocco,MAR,2020,0.47671974
Morocco,MAR,2021,0.47104067
Mozambique,MOZ,1973,62.83465
Mozambique,MOZ,1979,61.73379
Mozambique,MOZ,1981,63.80445
Mozambique,MOZ,1982,63.58609
Mozambique,MOZ,1983,49.22644
Mozambique,MOZ,1985,46.26196
Mozambique,MOZ,1986,47.27313
Mozambique,MOZ,1987,51.31983
Mozambique,MOZ,1988,54.61286
Mozambique,MOZ,1989,53.81799
Mozambique,MOZ,1990,51.68245
Mozambique,MOZ,1991,53.89087
Mozambique,MOZ,1992,55.66707
Mozambique,MOZ,1993,56.33018
Mozambique,MOZ,1994,56.17952
Mozambique,MOZ,1995,56.92895
Mozambique,MOZ,1998,52.57604
Mozambique,MOZ,1999,48.95092
Mozambique,MOZ,2000,45.17659
Mozambique,MOZ,2001,40.40761
Mozambique,MOZ,2002,44.22341
Mozambique,MOZ,2004,30.32582
Mozambique,MOZ,2005,24.84279
Mozambique,MOZ,2006,20.49161
Mozambique,MOZ,2007,14.70952
Mozambique,MOZ,2008,10.64367
Mozambique,MOZ,2009,8.75418
Mozambique,MOZ,2010,6.5594525
Mozambique,MOZ,2011,7.952433
Mozambique,MOZ,2012,6.882031
Mozambique,MOZ,2013,4.9869556
Mozambique,MOZ,2014,3.9041991
Mozambique,MOZ,2015,2.7562094
Mozambique,MOZ,2016,4.488949
Mozambique,MOZ,2017,6.5227304
Mozambique,MOZ,2018,3.429239
Mozambique,MOZ,2019,1.2628795
Mozambique,MOZ,2020,0.8155857
Mozambique,MOZ,2022,0.9999748
Myanmar,MMR,1971,37.46421
Myanmar,MMR,1973,29.2472
Myanmar,MMR,1974,38.329
Myanmar,MMR,1978,30.85902
Myanmar,MMR,2000,7.20071
Myanmar,MMR,2001,6.69563
Myanmar,MMR,2002,8.78116
Myanmar,MMR,2003,6.23756
Myanmar,MMR,2004,6.54372
Myanmar,MMR,2005,5.47387
Myanmar,MMR,2006,4.69659
Myanmar,MMR,2007,7.76005
Myanmar,MMR,2008,1.90115
Myanmar,MMR,2009,1.68473
Myanmar,MMR,2010,1.40907
Namibia,NAM,1989,14.2194
Namibia,NAM,1990,13.86547
Namibia,NAM,1992,8.29966
Namibia,NAM,1994,6.46715
Namibia,NAM,1995,6.47667
Namibia,NAM,1996,8.14436
Namibia,NAM,1997,8.40004
Namibia,NAM,1998,8.88995
Namibia,NAM,1999,10.80518
Namibia,NAM,2000,11.14178
Namibia,NAM,2001,11.04806
Namibia,NAM,2002,9.85024
Namibia,NAM,2003,9.46901
Namibia,NAM,2004,10.82286
Namibia,NAM,2005,9.05411
Namibia,NAM,2006,10.38835
Namibia,NAM,2007,6.88401
Namibia,NAM,2008,6.79179
Namibia,NAM,2009,5.94268
Namibia,NAM,2010,4.916337
Namibia,NAM,2011,3.7143211
Namibia,NAM,2012,2.0078983
Namibia,NAM,2013,0.7956023
Namibia,NAM,2014,1.1575826
Namibia,NAM,2015,1.3976872
Namibia,NAM,2016,1.5680441
Namibia,NAM,2017,1.462905
Namibia,NAM,2018,1.4725299
Namibia,NAM,2019,1.4076799
Namibia,NAM,2020,1.050168
Namibia,NAM,2021,0.8628546
Namibia,NAM,2022,1.099379
Namibia,NAM,2023,0.8012562
Namibia,NAM,2024,0.8654965
Nauru,NRU,2007,10.4213
Nauru,NRU,2012,18.71212
Nauru,NRU,2014,7.99166
Nauru,NRU,2016,8.21406
Nauru,NRU,2019,3.6289
Nauru,NRU,2020,8.25991
Nauru,NRU,2022,4.91979
Nauru,NRU,2023,0.42198
Nauru,NRU,2024,2.995294
Nauru,NRU,2025,6.5964518
Nepal,NPL,1983,42.81929
Nepal,NPL,1984,41.35532
Nepal,NPL,1988,35.08236
Nepal,NPL,1999,36.49005
Nepal,NPL,2000,30.94452
Nepal,NPL,2003,23.51473
Nepal,NPL,2004,21.52898
Nepal,NPL,2011,1.70614
Nepal,NPL,2012,1.27089
Nepal,NPL,2014,1.04433
Nepal,NPL,2015,0.90652
Nepal,NPL,2016,0.4382
Nepal,NPL,2017,1.31738
Nepal,NPL,2021,0.24406086
Nepal,NPL,2022,0.63291645
Nepal,NPL,2023,2.0060897
Nepal,NPL,2024,2.0343845
Nepal,NPL,2025,0.76247907
Netherlands,NLD,2017,0.20207
Netherlands,NLD,2018,0.26055
Netherlands,NLD,2019,0.12655
Netherlands,NLD,2020,0.17394
Netherlands,NLD,2021,0.19105
Netherlands,NLD,2022,0.40566
Netherlands,NLD,2023,0.51912
New Caledonia,NCL,1982,9.85264
New Caledonia,NCL,1983,7.88711
New Caledonia,NCL,1984,9.10889
New Caledonia,NCL,1985,16.41791
New Caledonia,NCL,1986,16.46956
New Caledonia,NCL,1987,14.77462
New Caledonia,NCL,1988,5.76086
New Caledonia,NCL,1989,2.69364
New Caledonia,NCL,1990,8.62187
New Caledonia,NCL,1991,7.42439
New Zealand,NZL,2013,0.63364
New Zealand,NZL,2014,0.92535
New Zealand,NZL,2015,1.17346
New Zealand,NZL,2016,1.19614
New Zealand,NZL,2018,1.28593
New Zealand,NZL,2019,0.97521
New Zealand,NZL,2020,1.29258
New Zealand,NZL,2021,1.35002
New Zealand,NZL,2022,2.548
New Zealand,NZL,2023,2.30181
New Zealand,NZL,2024,2.62452
Nicaragua,NIC,1970,45.6757
Nicaragua,NIC,1971,43.63798
Nicaragua,NIC,1972,44.56103
Nicaragua,NIC,1973,44.16425
Nicaragua,NIC,1974,44.58652
Nicaragua,NIC,1975,42.94843
Nicaragua,NIC,1976,41.93662
Nicaragua,NIC,1977,42.86705
Nicaragua,NIC,1978,44.76977
Nicaragua,NIC,1980,35.88905
Nicaragua,NIC,1982,37.03263
Nicaragua,NIC,1983,36.48515
Nicaragua,NIC,1984,37.9908
Nicaragua,NIC,1985,33.97315
Nicaragua,NIC,1986,35.34587
Nicaragua,NIC,1987,33.88024
Nicaragua,NIC,1988,33.66178
Nicaragua,NIC,1989,35.26397
Nicaragua,NIC,1990,32.6193
Nicaragua,NIC,1991,29.82312
Nicaragua,NIC,1992,26.27551
Nicaragua,NIC,1993,25.4372
Nicaragua,NIC,1994,24.58451
Nicaragua,NIC,1995,26.62689
Nicaragua,NIC,1996,27.75678
Nicaragua,NIC,1999,18.31102
Nicaragua,NIC,2000,15.29023
Nicaragua,NIC,2001,11.42443
Nicaragua,NIC,2002,4.45211
Nicaragua,NIC,2004,1.06046
Nicaragua,NIC,2005,0.95271
Nicaragua,NIC,2006,3.02221
Nicaragua,NIC,2007,3.78291
Nicaragua,NIC,2008,3.21033
Nicaragua,NIC,2010,4.45765
Nicaragua,NIC,2023,6.65634
Niger,NER,1973,89.68777
Niger,NER,1974,89.07259
Niger,NER,1977,85.07618
Niger,NER,1978,83.96938
Niger,NER,1981,80.81238
Niger,NER,1986,77.06228
Niger,NER,1989,77.75931
Niger,NER,1990,77.2886
Niger,NER,1991,76.71514
Niger,NER,1992,78.78384
Niger,NER,1997,76.21285
Niger,NER,1998,75.88901
Niger,NER,1999,74.08619
Niger,NER,2000,73.28084
Niger,NER,2001,69.75215
Niger,NER,2002,66.34366
Niger,NER,2003,62.71654
Niger,NER,2004,59.21118
Niger,NER,2005,59.18237
Niger,NER,2006,57.9973
Niger,NER,2007,56.93531
Niger,NER,2008,53.60922
Niger,NER,2009,49.85642
Niger,NER,2010,45.828712
Niger,NER,2011,41.255936
Niger,NER,2012,39.93649
Niger,NER,2013,39.419342
Niger,NER,2014,39.909435
Niger,NER,2015,38.12008
Niger,NER,2016,36.93566
Niger,NER,2017,33.829933
Niger,NER,2019,40.708073
Niger,NER,2021,41.30443
Niger,NER,2022,41.00564
Niger,NER,2023,39.380486
Niger,NER,2024,40.412403
Nigeria,NGA,1999,38.58379
Nigeria,NGA,2000,35.95217
Nigeria,NGA,2004,35.37924
Nigeria,NGA,2005,35.04571
Nigeria,NGA,2006,34.84417
Nigeria,NGA,2007,32.3568
Nigeria,NGA,2008,38.86134
Nigeria,NGA,2009,37.93794
Nigeria,NGA,2010,38.11616
Nigeria,NGA,2023,24.3187
Niue,NIU,2014,10.245008
Niue,NIU,2015,9.057433
Niue,NIU,2016,5.00754
Niue,NIU,2019,5.12821
Niue,NIU,2021,5.691489
North Korea,PRK,2009,0.50541
North Macedonia,MKD,1998,9.39739
North Macedonia,MKD,1999,10.96108
North Macedonia,MKD,2000,0.0527
North Macedonia,MKD,2001,0.26404
North Macedonia,MKD,2002,0.35834
North Macedonia,MKD,2003,1.54103
North Macedonia,MKD,2004,0.88025
North Macedonia,MKD,2005,1.01267
North Macedonia,MKD,2006,2.83864
North Macedonia,MKD,2007,1.70847
North Macedonia,MKD,2008,4.23101
North Macedonia,MKD,2009,2.45724
North Macedonia,MKD,2010,0.31905
North Macedonia,MKD,2012,2.31208
North Macedonia,MKD,2013,3.41269
North Macedonia,MKD,2014,3.87041
North Macedonia,MKD,2015,2.2791
North Macedonia,MKD,2017,2.907
North Macedonia,MKD,2018,3.3432
North Macedonia,MKD,2019,7.26471
North Macedonia,MKD,2020,6.86204
North Macedonia,MKD,2021,7.36267
North Macedonia,MKD,2022,2.96356
North Macedonia,MKD,2023,3.79094
Northern Africa and Western Asia (SDG),,2000,25.9
Northern Africa and Western Asia (SDG),,2001,25
Northern Africa and Western Asia (SDG),,2002,23.9
Northern Africa and Western Asia (SDG),,2003,22.9
Northern Africa and Western Asia (SDG),,2004,21.6
Northern Africa and Western Asia (SDG),,2005,20.9
Northern Africa and Western Asia (SDG),,2006,20.3
Northern Africa and Western Asia (SDG),,2007,19.8
Northern Africa and Western Asia (SDG),,2008,19.3
Northern Africa and Western Asia (SDG),,2009,19.1
Northern Africa and Western Asia (SDG),,2010,18.6
Northern Africa and Western Asia (SDG),,2011,18.1
Northern Africa and Western Asia (SDG),,2012,17.4
Northern Africa and Western Asia (SDG),,2013,17.2
Northern Africa and Western Asia (SDG),,2014,16.7
Northern Africa and Western Asia (SDG),,2015,16.2
Northern Africa and Western Asia (SDG),,2016,15.5
Northern Africa and Western Asia (SDG),,2017,15
Northern Africa and Western Asia (SDG),,2018,14.7
Northern Africa and Western Asia (SDG),,2019,14.4
Northern Africa and Western Asia (SDG),,2020,14.1
Northern Africa and Western Asia (SDG),,2021,13.9
Northern Africa and Western Asia (SDG),,2022,13.7
Northern Africa and Western Asia (SDG),,2023,13.6
Northern Africa and Western Asia (SDG),,2024,13.4
Northern Africa and Western Asia (SDG),,2025,13.4
Norway,NOR,2001,0.52798
Norway,NOR,2002,0.54602
Norway,NOR,2003,0.57807
Norway,NOR,2004,0.51747
Norway,NOR,2005,0.61406
Norway,NOR,2006,0.50965
Norway,NOR,2007,0.31183
Norway,NOR,2008,0.1627
Norway,NOR,2009,0.18177
Norway,NOR,2010,0.25279
Norway,NOR,2011,0.19475
Norway,NOR,2012,0.27064
Norway,NOR,2013,0.26307
Norway,NOR,2014,0.41441
Norway,NOR,2015,0.53208
Norway,NOR,2016,0.69799
Norway,NOR,2017,0.65148
Norway,NOR,2018,0.75242
Norway,NOR,2019,0.83234
Norway,NOR,2020,1.03314
Norway,NOR,2021,0.93987
Norway,NOR,2022,0.94995
Norway,NOR,2023,1.31186
Norway,NOR,2024,1.3785
Oceania (excluding Australia and New Zealand) (SDG),,2000,19.6
Oceania (excluding Australia and New Zealand) (SDG),,2001,19.5
Oceania (excluding Australia and New Zealand) (SDG),,2002,19.2
Oceania (excluding Australia and New Zealand) (SDG),,2003,18.8
Oceania (excluding Australia and New Zealand) (SDG),,2004,18.3
Oceania (excluding Australia and New Zealand) (SDG),,2005,17.7
Oceania (excluding Australia and New Zealand) (SDG),,2006,16.7
Oceania (excluding Australia and New Zealand) (SDG),,2007,16
Oceania (excluding Australia and New Zealand) (SDG),,2008,15.3
Oceania (excluding Australia and New Zealand) (SDG),,2009,14.5
Oceania (excluding Australia and New Zealand) (SDG),,2010,13.9
Oceania (excluding Australia and New Zealand) (SDG),,2011,13.5
Oceania (excluding Australia and New Zealand) (SDG),,2012,13.6
Oceania (excluding Australia and New Zealand) (SDG),,2013,14.1
Oceania (excluding Australia and New Zealand) (SDG),,2014,14.9
Oceania (excluding Australia and New Zealand) (SDG),,2015,16.1
Oceania (excluding Australia and New Zealand) (SDG),,2016,17.6
Oceania (excluding Australia and New Zealand) (SDG),,2017,18.9
Oceania (excluding Australia and New Zealand) (SDG),,2018,19.8
Oceania (excluding Australia and New Zealand) (SDG),,2019,21.2
Oceania (excluding Australia and New Zealand) (SDG),,2020,20.8
Oceania (excluding Australia and New Zealand) (SDG),,2021,20
Oceania (excluding Australia and New Zealand) (SDG),,2022,18.6
Oceania (excluding Australia and New Zealand) (SDG),,2023,17.1
Oceania (excluding Australia and New Zealand) (SDG),,2024,15.9
Oceania (excluding Australia and New Zealand) (SDG),,2025,14.7
Oman,OMN,1973,85.6222
Oman,OMN,1974,79.73204
Oman,OMN,1975,71.94158
Oman,OMN,1976,71.03953
Oman,OMN,1978,63.3746
Oman,OMN,1979,60.27248
Oman,OMN,1981,54.91984
Oman,OMN,1982,52.01034
Oman,OMN,1983,48.37217
Oman,OMN,1984,41.00164
Oman,OMN,1985,37.9288
Oman,OMN,1986,32.03538
Oman,OMN,1987,30.26488
Oman,OMN,1988,31.64965
Oman,OMN,1989,31.11484
Oman,OMN,1990,30.36581
Oman,OMN,1991,29.40822
Oman,OMN,1992,28.00158
Oman,OMN,1993,23.84735
Oman,OMN,1994,21.92369
Oman,OMN,1995,20.73354
Oman,OMN,1996,19.41186
Oman,OMN,1997,19.28044
Oman,OMN,1998,18.01855
Oman,OMN,1999,17.14581
Oman,OMN,2000,15.90296
Oman,OMN,2001,14.83285
Oman,OMN,2002,14.69025
Oman,OMN,2003,12.1142
Oman,OMN,2009,1.85802
Oman,OMN,2011,0.26972234
Oman,OMN,2012,1.5332732
Oman,OMN,2013,1.0815245
Oman,OMN,2014,1.9183073
Oman,OMN,2015,3.5883982
Oman,OMN,2016,4.2137313
Oman,OMN,2017,2.6987758
Oman,OMN,2018,1.3580306
Oman,OMN,2019,2.738488
Oman,OMN,2020,10.338069
Oman,OMN,2021,10.904581
Oman,OMN,2022,11.064243
Oman,OMN,2024,5.75588
Pakistan,PAK,2021,30.226881
Pakistan,PAK,2022,28.54925
Pakistan,PAK,2023,27.738604
Pakistan,PAK,2024,17.932184
Palau,PLW,2013,0.6865
Palau,PLW,2014,1.9257221
Palau,PLW,2020,1.6442343
Palau,PLW,2021,0.5620047
Palau,PLW,2022,14.204947
Palau,PLW,2023,8.195542
Palau,PLW,2024,1.3340025
Palestine,PSE,1999,10.19589
Palestine,PSE,2000,7.53198
Palestine,PSE,2001,7.98773
Palestine,PSE,2002,6.74425
Palestine,PSE,2003,6.65215
Palestine,PSE,2004,7.1235
Palestine,PSE,2005,9.89438
Palestine,PSE,2006,11.23596
Palestine,PSE,2007,12.28868
Palestine,PSE,2008,10.64644
Palestine,PSE,2009,9.4831
Palestine,PSE,2010,8.594801
Palestine,PSE,2011,8.5086565
Palestine,PSE,2012,6.39994
Palestine,PSE,2013,6.575815
Palestine,PSE,2014,5.4972897
Palestine,PSE,2015,5.3425555
Palestine,PSE,2016,4.8961024
Palestine,PSE,2017,3.7389255
Palestine,PSE,2018,4.6490607
Palestine,PSE,2019,5.541896
Palestine,PSE,2020,6.4645576
Palestine,PSE,2021,8.229803
Palestine,PSE,2022,9.5072155
Palestine,PSE,2023,9.556931
Panama,PAN,1970,24.90332
Panama,PAN,1971,17.10792
Panama,PAN,1972,14.85375
Panama,PAN,1973,13.0552
Panama,PAN,1975,11.59844
Panama,PAN,1976,11.81675
Panama,PAN,1978,9.25027
Panama,PAN,1979,10.32451
Panama,PAN,1980,10.97799
Panama,PAN,1981,11.85741
Panama,PAN,1982,12.40566
Panama,PAN,1983,13.1358
Panama,PAN,1984,12.99606
Panama,PAN,1985,12.16057
Panama,PAN,1986,12.07638
Panama,PAN,1987,11.33109
Panama,PAN,1988,12.52183
Panama,PAN,1989,11.60532
Panama,PAN,1990,12.23753
Panama,PAN,1999,6.83752
Panama,PAN,2000,5.54835
Panama,PAN,2001,3.98186
Panama,PAN,2002,1.6393
Panama,PAN,2004,0.12067
Panama,PAN,2005,0.50204
Panama,PAN,2006,0.06076
Panama,PAN,2007,0.096
Panama,PAN,2008,0.52998
Panama,PAN,2009,3.26666
Panama,PAN,2010,2.879305
Panama,PAN,2011,4.106059
Panama,PAN,2012,4.9313817
Panama,PAN,2013,5.8821325
Panama,PAN,2014,7.9466505
Panama,PAN,2015,10.090847
Panama,PAN,2017,12.669397
Panama,PAN,2019,12.080002
Panama,PAN,2020,9.791847
Panama,PAN,2021,3.460766
Panama,PAN,2022,3.043115
Panama,PAN,2023,8.903648
Panama,PAN,2024,7.69759
Papua New Guinea,PNG,1989,28.8847
Papua New Guinea,PNG,2012,30.24009
Papua New Guinea,PNG,2014,32.766167
Papua New Guinea,PNG,2016,10.7806
Papua New Guinea,PNG,2018,0.92126155
Papua New Guinea,PNG,2019,1.6258035
Papua New Guinea,PNG,2020,3.160038
Papua New Guinea,PNG,2021,4.002649
Paraguay,PRY,1970,15.23094
Paraguay,PRY,1972,26.76289
Paraguay,PRY,1973,15.31619
Paraguay,PRY,1975,17.55546
Paraguay,PRY,1976,15.73366
Paraguay,PRY,1977,14.07102
Paraguay,PRY,1978,11.77835
Paraguay,PRY,1979,10.12537
Paraguay,PRY,1980,7.87928
Paraguay,PRY,1981,6.388
Paraguay,PRY,1983,6.10825
Paraguay,PRY,1984,5.96365
Paraguay,PRY,1985,5.23546
Paraguay,PRY,1986,5.69047
Paraguay,PRY,1987,4.44186
Paraguay,PRY,1988,2.6515
Paraguay,PRY,1989,1.09406
Paraguay,PRY,1990,0.54438
Paraguay,PRY,1991,0.3825
Paraguay,PRY,1992,9.08453
Paraguay,PRY,1993,0.35829
Paraguay,PRY,1994,4.67494
Paraguay,PRY,1995,5.59095
Paraguay,PRY,1996,2.68989
Paraguay,PRY,1999,0.68711
Paraguay,PRY,2000,0.84719
Paraguay,PRY,2001,0.7707
Paraguay,PRY,2002,0.7054
Paraguay,PRY,2003,0.64248
Paraguay,PRY,2004,0.71016
Paraguay,PRY,2005,0.78141
Paraguay,PRY,2006,0.68675
Paraguay,PRY,2007,0.56274
Paraguay,PRY,2008,1.22444
Paraguay,PRY,2009,2.05831
Paraguay,PRY,2010,1.58321
Paraguay,PRY,2011,1.50368
Paraguay,PRY,2012,1.4898854
Paraguay,PRY,2016,10.259138
Paraguay,PRY,2020,12.025423
Paraguay,PRY,2021,12.277921
Paraguay,PRY,2022,12.199971
Paraguay,PRY,2023,12.434255
Paraguay,PRY,2024,13.331125
Peru,PER,1970,22.16077
Peru,PER,1973,17.35333
Peru,PER,1980,14.9731
Peru,PER,1981,10.3518
Peru,PER,1982,9.82974
Peru,PER,1985,5.19212
Peru,PER,1988,9.25932
Peru,PER,1993,10.06199
Peru,PER,1995,15.14239
Peru,PER,1996,15.43833
Peru,PER,1997,15.87947
Peru,PER,1998,3.04304
Peru,PER,1999,1.95975
Peru,PER,2000,1.54067
Peru,PER,2001,0.95026
Peru,PER,2002,0.43829
Peru,PER,2003,1.92359
Peru,PER,2004,0.31399
Peru,PER,2005,0.45508
Peru,PER,2006,0.70535
Peru,PER,2007,0.81565
Peru,PER,2008,0.815
Peru,PER,2009,0.8049
Peru,PER,2010,0.6264
Peru,PER,2011,0.77394
Peru,PER,2016,0.07757
Peru,PER,2017,0.04501
Peru,PER,2018,0.1835
Peru,PER,2019,0.15648
Philippines,PHL,1976,11.96892
Philippines,PHL,1979,11.09175
Philippines,PHL,1981,12.07971
Philippines,PHL,1982,11.2576
Philippines,PHL,1983,11.97451
Philippines,PHL,1984,11.81448
Philippines,PHL,1985,7.866
Philippines,PHL,1986,8.40372
Philippines,PHL,1987,8.21856
Philippines,PHL,1988,6.38908
Philippines,PHL,1989,5.16614
Philippines,PHL,1990,4.76388
Philippines,PHL,1992,8.61996
Philippines,PHL,1993,9.92682
Philippines,PHL,1994,11.70725
Philippines,PHL,1996,9.5545
Philippines,PHL,1998,12.81547
Philippines,PHL,1999,15.44373
Philippines,PHL,2001,13.94311
Philippines,PHL,2002,13.53189
Philippines,PHL,2003,13.89965
Philippines,PHL,2004,14.05127
Philippines,PHL,2005,13.46125
Philippines,PHL,2006,14.68356
Philippines,PHL,2007,14.51227
Philippines,PHL,2008,13.74793
Philippines,PHL,2009,12.09264
Philippines,PHL,2014,9.9342785
Philippines,PHL,2015,10.557218
Philippines,PHL,2016,10.732814
Philippines,PHL,2017,10.576741
Philippines,PHL,2018,10.703163
Philippines,PHL,2019,9.057633
Philippines,PHL,2020,8.459826
Philippines,PHL,2021,12.276251
Philippines,PHL,2022,10.903997
Philippines,PHL,2023,10.496822
Philippines,PHL,2024,11.635228
Poland,POL,2001,0.9106
Poland,POL,2002,0.99139
Poland,POL,2003,0.96742
Poland,POL,2004,1.07598
Poland,POL,2005,1.17068
Poland,POL,2006,1.41008
Poland,POL,2007,1.94966
Poland,POL,2008,2.43731
Poland,POL,2009,2.82641
Poland,POL,2010,2.77237
Poland,POL,2011,3.13686
Poland,POL,2012,3.40548
Poland,POL,2013,3.77046
Poland,POL,2014,4.16348
Poland,POL,2017,4.87843
Poland,POL,2018,4.57682
Poland,POL,2019,3.40893
Poland,POL,2020,1.47061
Poland,POL,2021,0.02149
Poland,POL,2022,0.01877
Poland,POL,2023,0.12354
Poland,POL,2024,0.09167
Portugal,PRT,2001,0.27146
Portugal,PRT,2002,0.0135
Portugal,PRT,2003,0.07802
Portugal,PRT,2004,0.06992
Portugal,PRT,2005,0.17724
Portugal,PRT,2006,0.08637
Portugal,PRT,2007,0.32854
Portugal,PRT,2008,0.83412
Portugal,PRT,2009,0.1283
Portugal,PRT,2010,0.02613
Portugal,PRT,2011,0.00936
Portugal,PRT,2012,0.24403
Portugal,PRT,2013,0.22784
Portugal,PRT,2014,0.75561
Portugal,PRT,2015,1.94754
Portugal,PRT,2016,2.49995
Portugal,PRT,2017,2.46442
Portugal,PRT,2018,2.01752
Portugal,PRT,2019,0.99197
Portugal,PRT,2020,0.23052
Portugal,PRT,2021,0.09886
Portugal,PRT,2022,0.17866
Portugal,PRT,2023,0.50817
Puerto Rico,PRI,2010,8.33959
Puerto Rico,PRI,2011,10.33351
Puerto Rico,PRI,2012,7.72627
Puerto Rico,PRI,2013,6.4572
Puerto Rico,PRI,2014,5.31611
Puerto Rico,PRI,2015,5.50554
Puerto Rico,PRI,2016,10.20266
Puerto Rico,PRI,2018,9.84758
Puerto Rico,PRI,2023,12.99865
Puerto Rico,PRI,2024,13.252264
Qatar,QAT,1971,23.29918
Qatar,QAT,1972,27.18599
Qatar,QAT,1973,30.76886
Qatar,QAT,1974,34.01049
Qatar,QAT,1976,33.23336
Qatar,QAT,1977,30.85676
Qatar,QAT,1978,27.04772
Qatar,QAT,1979,24.9718
Qatar,QAT,1980,22.02711
Qatar,QAT,1981,19.3558
Qatar,QAT,1982,15.46214
Qatar,QAT,1983,15.66243
Qatar,QAT,1984,12.44248
Qatar,QAT,1985,11.68269
Qatar,QAT,1986,9.05287
Qatar,QAT,1987,9.33041
Qatar,QAT,1988,7.22402
Qatar,QAT,1989,5.34149
Qatar,QAT,1990,4.15687
Qatar,QAT,1991,4.59545
Qatar,QAT,1992,6.37904
Qatar,QAT,1993,8.97713
Qatar,QAT,1994,6.64788
Qatar,QAT,1998,0.82598
Qatar,QAT,1999,4.25201
Qatar,QAT,2001,10.50382
Qatar,QAT,2002,9.87088
Qatar,QAT,2003,12.74583
Qatar,QAT,2004,7.47646
Qatar,QAT,2005,5.30551
Qatar,QAT,2006,7.6568
Qatar,QAT,2007,4.0386
Qatar,QAT,2009,2.81048
Qatar,QAT,2010,3.2498143
Qatar,QAT,2011,3.7767792
Qatar,QAT,2012,1.2404715
Qatar,QAT,2013,2.963152
Qatar,QAT,2014,6.3303785
Qatar,QAT,2015,3.9811456
Qatar,QAT,2016,1.695308
Qatar,QAT,2017,0.08822568
Qatar,QAT,2018,0.66470116
Qatar,QAT,2019,1.879435
Qatar,QAT,2020,2.4446537
Qatar,QAT,2021,12.7470875
Qatar,QAT,2022,7.9395733
Qatar,QAT,2023,6.80526
Qatar,QAT,2024,4.6172
Reunion,REU,1985,14.10114
Reunion,REU,1986,16.3555
Reunion,REU,1987,16.35209
Reunion,REU,1994,9.29929
Romania,ROU,2001,0.63464
Romania,ROU,2002,1.39107
Romania,ROU,2003,4.25818
Romania,ROU,2004,5.31167
Romania,ROU,2005,7.21616
Romania,ROU,2006,6.16893
Romania,ROU,2007,6.30144
Romania,ROU,2008,3.27747
Romania,ROU,2009,1.18788
Romania,ROU,2010,2.4025
Romania,ROU,2011,4.15129
Romania,ROU,2012,6.32426
Romania,ROU,2015,7.88606
Romania,ROU,2016,8.9471
Romania,ROU,2017,9.39773
Romania,ROU,2018,8.44327
Romania,ROU,2019,7.58278
Romania,ROU,2020,8.26788
Romania,ROU,2021,9.58044
Romania,ROU,2022,15.61281
Romania,ROU,2023,15.58988
Russia,RUS,1994,4.56218
Russia,RUS,1995,8.84598
Russia,RUS,2006,5.73221
Russia,RUS,2007,6.0423
Russia,RUS,2008,4.50939
Russia,RUS,2009,4.72289
Russia,RUS,2011,4.44663
Russia,RUS,2012,2.74528
Russia,RUS,2013,3.14974
Russia,RUS,2014,2.75061
Russia,RUS,2015,2.02374
Russia,RUS,2016,2.06769
Russia,RUS,2017,0.37101
Russia,RUS,2018,0.07916
Russia,RUS,2019,0.19655
Russia,RUS,2020,0.27993554
Russia,RUS,2021,0.26065192
Russia,RUS,2022,2.63494
Russia,RUS,2023,4.93522
Rwanda,RWA,1973,49.59606
Rwanda,RWA,1974,51.06315
Rwanda,RWA,1975,52.86535
Rwanda,RWA,1977,49.05533
Rwanda,RWA,1978,46.60501
Rwanda,RWA,1999,34.55903
Rwanda,RWA,2002,11.28426
Rwanda,RWA,2003,12.47989
Rwanda,RWA,2016,0.8046434
Rwanda,RWA,2017,1.159941
Rwanda,RWA,2018,1.3802732
Rwanda,RWA,2019,1.5575473
Rwanda,RWA,2021,0.10178046
Rwanda,RWA,2023,0.4887851
Rwanda,RWA,2024,0.9702552
Saint Helena,SHN,1998,16.44612
Saint Kitts and Nevis,KNA,1985,7.90296
Saint Kitts and Nevis,KNA,1986,5.3641
Saint Kitts and Nevis,KNA,1992,0.76893
Saint Kitts and Nevis,KNA,2001,2.00303
Saint Kitts and Nevis,KNA,2002,0.07224
Saint Kitts and Nevis,KNA,2003,1.95024
Saint Kitts and Nevis,KNA,2004,0.03781
Saint Kitts and Nevis,KNA,2005,1.14293
Saint Kitts and Nevis,KNA,2007,0.86019
Saint Kitts and Nevis,KNA,2008,0.85995
Saint Lucia,LCA,1981,5.96396
Saint Lucia,LCA,1982,5.69122
Saint Lucia,LCA,1983,0.62447
Saint Lucia,LCA,1984,1.00818
Saint Lucia,LCA,1985,0
Saint Lucia,LCA,1986,0.89082
Saint Lucia,LCA,1990,9.84606
Saint Lucia,LCA,2000,8.64203
Saint Lucia,LCA,2001,6.98099
Saint Lucia,LCA,2002,0.33429
Saint Lucia,LCA,2003,1.05356
Saint Lucia,LCA,2004,5.40449
Saint Lucia,LCA,2005,8.11192
Saint Lucia,LCA,2006,6.58044
Saint Lucia,LCA,2007,6.79672
Saint Lucia,LCA,2008,6.16374
Saint Lucia,LCA,2009,4.61793
Saint Lucia,LCA,2010,5.78224
Saint Lucia,LCA,2011,6.82242
Saint Lucia,LCA,2012,7.33867
Saint Lucia,LCA,2013,6.69263
Saint Lucia,LCA,2014,8.0816
Saint Lucia,LCA,2015,6.73954
Saint Lucia,LCA,2016,8.1053
Saint Lucia,LCA,2017,7.72205
Saint Lucia,LCA,2018,6.97816
Saint Lucia,LCA,2019,6.00286
Saint Lucia,LCA,2020,5.79332
Saint Lucia,LCA,2021,4.354335
Saint Lucia,LCA,2022,2.11635
Saint Lucia,LCA,2023,2.06326
Saint Lucia,LCA,2024,7.0124226
Saint Pierre and Miquelon,SPM,1981,2.38884
Saint Pierre and Miquelon,SPM,1982,3.25901
Saint Pierre and Miquelon,SPM,1983,0.77144
Saint Pierre and Miquelon,SPM,1984,1.98212
Saint Pierre and Miquelon,SPM,1985,1.32576
Saint Pierre and Miquelon,SPM,1986,3.16206
Saint Pierre and Miquelon,SPM,1987,1.00402
Saint Vincent and the Grenadines,VCT,1984,9.37124
Saint Vincent and the Grenadines,VCT,1986,7.75892
Saint Vincent and the Grenadines,VCT,1994,1.65475
Saint Vincent and the Grenadines,VCT,2000,1.38681
Saint Vincent and the Grenadines,VCT,2002,0.62157
Saint Vincent and the Grenadines,VCT,2003,1.33076
Saint Vincent and the Grenadines,VCT,2004,2.20987
Saint Vincent and the Grenadines,VCT,2005,5.65402
Saint Vincent and the Grenadines,VCT,2007,1.89542
Saint Vincent and the Grenadines,VCT,2008,0.02587
Saint Vincent and the Grenadines,VCT,2009,0.66653
Saint Vincent and the Grenadines,VCT,2010,0.72166
Saint Vincent and the Grenadines,VCT,2011,2.12271
Saint Vincent and the Grenadines,VCT,2012,0.90569
Saint Vincent and the Grenadines,VCT,2013,0.30600166
Saint Vincent and the Grenadines,VCT,2015,1.2546749
Saint Vincent and the Grenadines,VCT,2017,0.590387
Samoa,WSM,1994,7.07033
Samoa,WSM,1998,5.33508
Samoa,WSM,1999,4.6177
Samoa,WSM,2000,1.56003
Samoa,WSM,2001,1.18027
Samoa,WSM,2007,4.34367
Samoa,WSM,2009,3.36977
Samoa,WSM,2010,0.3775784
Samoa,WSM,2011,1.1938677
Samoa,WSM,2012,2.2814353
Samoa,WSM,2014,0.18652365
Samoa,WSM,2015,0.65861017
Samoa,WSM,2016,0.12276319
Samoa,WSM,2017,0.37492535
Samoa,WSM,2018,0.751926
Samoa,WSM,2019,2.2941916
Samoa,WSM,2020,1.64634
Samoa,WSM,2021,0.038450982
Samoa,WSM,2022,0.4619617
Samoa,WSM,2023,3.617259
Samoa,WSM,2024,1.8091944
San Marino,SMR,1979,6.33675
San Marino,SMR,1980,5.2005
San Marino,SMR,1981,4.55712
San Marino,SMR,1982,3.85369
San Marino,SMR,1983,3.55263
San Marino,SMR,1984,4.30179
San Marino,SMR,1985,3.85135
San Marino,SMR,1986,4.12088
San Marino,SMR,1987,0.2939
San Marino,SMR,1988,2.37186
San Marino,SMR,1989,1.9908
San Marino,SMR,1990,2.5499
San Marino,SMR,1991,2.10868
San Marino,SMR,1992,1.72697
San Marino,SMR,1993,0.67227
San Marino,SMR,1994,1.03185
San Marino,SMR,1996,5.76441
San Marino,SMR,1997,6.96557
San Marino,SMR,2000,8.2779
San Marino,SMR,2004,1.76751
San Marino,SMR,2008,7.72918
San Marino,SMR,2009,8.12092
San Marino,SMR,2010,8.7925
San Marino,SMR,2011,9.363957
San Marino,SMR,2012,8.180202
San Marino,SMR,2018,4.929972
San Marino,SMR,2019,5.5523753
San Marino,SMR,2020,5.5948176
San Marino,SMR,2021,6.3063064
San Marino,SMR,2022,6.3125
San Marino,SMR,2023,6.766428
San Marino,SMR,2024,6.1320753
Sao Tome and Principe,STP,1983,6.17317
Sao Tome and Principe,STP,1984,4.23634
Sao Tome and Principe,STP,1987,3.36083
Sao Tome and Principe,STP,1988,0.90266
Sao Tome and Principe,STP,1990,3.78241
Sao Tome and Principe,STP,1999,20.05309
Sao Tome and Principe,STP,2002,4.8701
Sao Tome and Principe,STP,2003,4.13402
Sao Tome and Principe,STP,2004,2.71728
Sao Tome and Principe,STP,2005,1.96515
Sao Tome and Principe,STP,2007,7.88847
Sao Tome and Principe,STP,2008,7.51775
Sao Tome and Principe,STP,2009,7.07305
Sao Tome and Principe,STP,2010,7.21826
Sao Tome and Principe,STP,2013,8.58726
Sao Tome and Principe,STP,2014,8.61588
Sao Tome and Principe,STP,2015,9.16202
Sao Tome and Principe,STP,2017,2.87733
Saudi Arabia,SAU,1979,30.70734
Saudi Arabia,SAU,2013,7.553488
Saudi Arabia,SAU,2014,5.9662447
Saudi Arabia,SAU,2015,3.7437508
Saudi Arabia,SAU,2016,2.875979
Saudi Arabia,SAU,2020,2.63567
Saudi Arabia,SAU,2021,2.8174
Saudi Arabia,SAU,2024,0.5267571
Senegal,SEN,1978,70.8635
Senegal,SEN,1979,68.39416
Senegal,SEN,1980,67.32106
Senegal,SEN,1981,66.24564
Senegal,SEN,1982,64.61478
Senegal,SEN,1983,62.73343
Senegal,SEN,1984,61.91552
Senegal,SEN,1985,61.25246
Senegal,SEN,1986,57.04125
Senegal,SEN,1988,56.33144
Senegal,SEN,1989,56.84184
Senegal,SEN,1990,57.33277
Senegal,SEN,1992,57.23762
Senegal,SEN,1994,55.92778
Senegal,SEN,1996,51.49959
Senegal,SEN,1997,47.15096
Senegal,SEN,1998,44.41551
Senegal,SEN,1999,45.20368
Senegal,SEN,2000,41.81513
Senegal,SEN,2003,34.38895
Senegal,SEN,2004,35.82842
Senegal,SEN,2005,34.67219
Senegal,SEN,2006,31.88259
Senegal,SEN,2007,29.51223
Senegal,SEN,2008,28.57182
Senegal,SEN,2009,28.43034
Senegal,SEN,2010,27.58246
Senegal,SEN,2011,26.98638
Senegal,SEN,2012,24.085907
Senegal,SEN,2013,24.835014
Senegal,SEN,2014,24.216942
Senegal,SEN,2015,24.255236
Senegal,SEN,2019,24.67435
Senegal,SEN,2020,22.92569
Senegal,SEN,2021,24.89343
Senegal,SEN,2022,24.926819
Senegal,SEN,2023,24.051092
Senegal,SEN,2024,24.526052
Serbia,SRB,2005,1.27931
Serbia,SRB,2006,0.82182
Serbia,SRB,2007,1.28603
Serbia,SRB,2008,1.44736
Serbia,SRB,2009,3.45296
Serbia,SRB,2010,5.08128
Serbia,SRB,2011,2.62198
Serbia,SRB,2012,3.64715
Serbia,SRB,2013,3.50304
Serbia,SRB,2014,1.21569
Serbia,SRB,2015,0.88324
Serbia,SRB,2016,0.83144
Serbia,SRB,2017,1.02643
Serbia,SRB,2018,1.43445
Serbia,SRB,2019,1.8432
Serbia,SRB,2020,2.89295
Serbia,SRB,2021,3.74774
Serbia,SRB,2022,3.96273
Serbia,SRB,2024,3.33343
Seychelles,SYC,1979,15.75739
Seychelles,SYC,1993,8.25824
Seychelles,SYC,1994,5.91117
Seychelles,SYC,1995,6.08223
Seychelles,SYC,1996,5.88048
Seychelles,SYC,1998,1.23305
Seychelles,SYC,2001,0.61655
Seychelles,SYC,2002,1.2923
Seychelles,SYC,2003,0.91244
Seychelles,SYC,2004,0.10095
Seychelles,SYC,2021,3.1880345
Seychelles,SYC,2022,1.9270192
Seychelles,SYC,2023,3.3296225
Seychelles,SYC,2024,6.80491
Sierra Leone,SLE,1983,53.13009
Sierra Leone,SLE,2011,5.9071407
Sierra Leone,SLE,2012,3.14184
Sierra Leone,SLE,2015,0.88826
Singapore,SGP,2016,0.010387326
Singapore,SGP,2017,0.03081158
Singapore,SGP,2018,0.20434183
Singapore,SGP,2019,0.10107975
Singapore,SGP,2020,0.11578376
Singapore,SGP,2021,0.64809364
Singapore,SGP,2022,0.9306003
Singapore,SGP,2023,0.21155848
Sint Maarten (Dutch part),SXM,2012,3.7625968
Sint Maarten (Dutch part),SXM,2023,6.78133
Slovakia,SVK,2001,0.64747
Slovakia,SVK,2002,2.02197
Slovakia,SVK,2003,2.40364
Slovakia,SVK,2004,2.52202
Slovakia,SVK,2005,2.7574
Slovakia,SVK,2006,3.41098
Slovakia,SVK,2007,3.25997
Slovakia,SVK,2008,3.67488
Slovakia,SVK,2009,4.46784
Slovakia,SVK,2010,4.79289
Slovakia,SVK,2011,5.4077
Slovakia,SVK,2012,5.72231
Slovakia,SVK,2013,5.87189
Slovakia,SVK,2014,6.34392
Slovakia,SVK,2015,6.25651
Slovakia,SVK,2016,6.69733
Slovakia,SVK,2017,5.94451
Slovakia,SVK,2018,7.00274
Slovakia,SVK,2019,6.00139
Slovakia,SVK,2020,4.97787
Slovakia,SVK,2021,4.33283
Slovakia,SVK,2022,2.85927
Slovakia,SVK,2023,1.2295
Slovakia,SVK,2024,1.06402
Slovenia,SVN,2001,2.28728
Slovenia,SVN,2002,2.87394
Slovenia,SVN,2003,2.62067
Slovenia,SVN,2004,2.72747
Slovenia,SVN,2005,1.93455
Slovenia,SVN,2006,1.57671
Slovenia,SVN,2007,2.62626
Slovenia,SVN,2008,2.18837
Slovenia,SVN,2009,2.13655
Slovenia,SVN,2010,2.06888
Slovenia,SVN,2011,2.19343
Slovenia,SVN,2012,1.99039
Slovenia,SVN,2013,1.99245
Slovenia,SVN,2014,1.92056
Slovenia,SVN,2015,1.71206
Slovenia,SVN,2016,2.20773
Slovenia,SVN,2017,2.06336
Slovenia,SVN,2018,1.51132
Slovenia,SVN,2019,1.28426
Slovenia,SVN,2020,0.99934
Slovenia,SVN,2021,1.50478
Slovenia,SVN,2022,1.20434
Slovenia,SVN,2023,1.4474
Solomon Islands,SLB,2005,26.28083
Solomon Islands,SLB,2006,21.18342
Solomon Islands,SLB,2007,20.72366
Solomon Islands,SLB,2013,1.74711
Solomon Islands,SLB,2014,2.78066
Solomon Islands,SLB,2015,2.84057
Solomon Islands,SLB,2018,9.800529
Solomon Islands,SLB,2019,12.092708
Solomon Islands,SLB,2023,32.404152
Solomon Islands,SLB,2024,30.139114
Somalia,SOM,1976,82.50201
Somalia,SOM,1977,83.28912
Somalia,SOM,1978,84.93797
Somalia,SOM,1979,84.75855
Somalia,SOM,1980,85.27276
South Africa,ZAF,1970,32.24715
South Africa,ZAF,1991,14.2668
South Africa,ZAF,1994,16.50844
South Africa,ZAF,1995,17.98559
South Africa,ZAF,1998,18.18361
South Africa,ZAF,1999,16.90532
South Africa,ZAF,2000,17.78768
South Africa,ZAF,2001,16.68832
South Africa,ZAF,2002,15.13616
South Africa,ZAF,2003,14.02353
South Africa,ZAF,2004,13.32095
South Africa,ZAF,2005,13.01781
South Africa,ZAF,2015,4.91304
South Africa,ZAF,2017,6.276
South Africa,ZAF,2018,9.305201
South Africa,ZAF,2019,8.296781
South Africa,ZAF,2020,8.149372
South Africa,ZAF,2021,3.812663
South Africa,ZAF,2022,5.7776985
South Africa,ZAF,2023,6.0640473
South Korea,KOR,2000,2.407
South Korea,KOR,2001,2.22738
South Korea,KOR,2002,2.0326
South Korea,KOR,2003,1.20485
South Korea,KOR,2004,1.44797
South Korea,KOR,2005,0.71349
South Korea,KOR,2006,0.56502
South Korea,KOR,2007,0.2385
South Korea,KOR,2008,0.16275
South Korea,KOR,2009,1.25338
South Korea,KOR,2010,0.05738
South Korea,KOR,2011,0.98637
South Korea,KOR,2012,1.23127
South Korea,KOR,2013,2.36279
South Korea,KOR,2014,2.94555
South Korea,KOR,2015,0.16319
South Korea,KOR,2016,0.72201
South Korea,KOR,2017,1.88926
South Korea,KOR,2018,1.86304
South Korea,KOR,2019,0.90709
South Korea,KOR,2020,1.38424
South Korea,KOR,2021,1.51374
South Korea,KOR,2022,1.10348
South Korea,KOR,2023,0.00672
South Korea,KOR,2024,0.05566
South Sudan,SSD,2011,55.3256
South Sudan,SSD,2015,63.73747
South Sudan,SSD,2024,64.73468
Spain,ESP,2001,0.02403
Spain,ESP,2002,0.04242
Spain,ESP,2003,0.08668
Spain,ESP,2004,0.0745
Spain,ESP,2005,0.14416
Spain,ESP,2006,0.17752
Spain,ESP,2007,0.09353
Spain,ESP,2008,0.56134
Spain,ESP,2009,0.88182
Spain,ESP,2010,1.79373
Spain,ESP,2011,1.96143
Spain,ESP,2012,2.28697
Spain,ESP,2013,2.51059
Spain,ESP,2014,2.61857
Spain,ESP,2015,2.70952
Spain,ESP,2016,2.55954
Spain,ESP,2017,2.33092
Spain,ESP,2018,2.00254
Spain,ESP,2019,1.60538
Spain,ESP,2020,1.38069
Spain,ESP,2021,1.41627
Spain,ESP,2022,1.27723
Spain,ESP,2023,1.28805
Spain,ESP,2024,1.2374
Sri Lanka,LKA,1977,20.59034
Sri Lanka,LKA,1986,1.94172
Sri Lanka,LKA,2001,3.1519
Sri Lanka,LKA,2002,4.2548
Sri Lanka,LKA,2003,5.76748
Sri Lanka,LKA,2004,7.80247
Sri Lanka,LKA,2005,8.02286
Sri Lanka,LKA,2006,7.90617
Sri Lanka,LKA,2007,7.62405
Sri Lanka,LKA,2008,7.61494
Sri Lanka,LKA,2009,8.9764
Sri Lanka,LKA,2010,7.10472
Sri Lanka,LKA,2011,7.22096
Sri Lanka,LKA,2012,7.46274
Sri Lanka,LKA,2013,6.78231
Sri Lanka,LKA,2014,6.3545
Sri Lanka,LKA,2015,3.94149
Sri Lanka,LKA,2016,3.79003
Sri Lanka,LKA,2017,4.11144
Sri Lanka,LKA,2018,4.63569
Sri Lanka,LKA,2019,0.492042
Sri Lanka,LKA,2020,0.7370288
Sri Lanka,LKA,2021,1.9673425
Sri Lanka,LKA,2022,7.7545786
Sri Lanka,LKA,2023,9.1371975
Sub-Saharan Africa (SDG),,2000,37.4
Sub-Saharan Africa (SDG),,2001,35.4
Sub-Saharan Africa (SDG),,2002,33.5
Sub-Saharan Africa (SDG),,2003,31.8
Sub-Saharan Africa (SDG),,2004,30.4
Sub-Saharan Africa (SDG),,2005,29.2
Sub-Saharan Africa (SDG),,2006,28
Sub-Saharan Africa (SDG),,2007,26.8
Sub-Saharan Africa (SDG),,2008,25.7
Sub-Saharan Africa (SDG),,2009,24.8
Sub-Saharan Africa (SDG),,2010,24
Sub-Saharan Africa (SDG),,2011,23.3
Sub-Saharan Africa (SDG),,2012,22.9
Sub-Saharan Africa (SDG),,2013,22.6
Sub-Saharan Africa (SDG),,2014,22.5
Sub-Saharan Africa (SDG),,2015,22.4
Sub-Saharan Africa (SDG),,2016,22.4
Sub-Saharan Africa (SDG),,2017,22.3
Sub-Saharan Africa (SDG),,2018,22.2
Sub-Saharan Africa (SDG),,2019,22
Sub-Saharan Africa (SDG),,2020,21.7
Sub-Saharan Africa (SDG),,2021,21.2
Sub-Saharan Africa (SDG),,2022,20.7
Sub-Saharan Africa (SDG),,2023,20.4
Sub-Saharan Africa (SDG),,2024,20
Sub-Saharan Africa (SDG),,2025,19.7
Sudan,SDN,2011,45.0578
Sudan,SDN,2012,48.59767
Sudan,SDN,2013,47.88169
Sudan,SDN,2014,47.74398
Sudan,SDN,2015,47.29448
Sudan,SDN,2016,45.54279
Sudan,SDN,2017,43.48148
Sudan,SDN,2018,38.75254
Sudan,SDN,2019,43.83784
Suriname,SUR,1977,5.46803
Suriname,SUR,1978,4.04212
Suriname,SUR,1985,6.46119
Suriname,SUR,1987,11.3863
Suriname,SUR,1988,11.5101
Suriname,SUR,1989,7.02411
Suriname,SUR,2005,18.04585
Suriname,SUR,2006,18.09215
Suriname,SUR,2007,21.90349
Suriname,SUR,2008,17.90978
Suriname,SUR,2009,15.99994
Suriname,SUR,2010,18.080812
Suriname,SUR,2011,18.625284
Suriname,SUR,2012,17.89275
Suriname,SUR,2013,17.310574
Suriname,SUR,2014,16.861904
Suriname,SUR,2015,14.033385
Suriname,SUR,2016,13.728256
Suriname,SUR,2017,19.06261
Suriname,SUR,2018,19.09722
Suriname,SUR,2019,16.404484
Suriname,SUR,2020,17.94702
Suriname,SUR,2021,21.78334
Suriname,SUR,2022,29.798014
Suriname,SUR,2023,39.605778
Suriname,SUR,2024,16.22215
Sweden,SWE,2001,0.4099
Sweden,SWE,2002,0.34171
Sweden,SWE,2003,0.34163
Sweden,SWE,2004,0.37457
Sweden,SWE,2005,0.35308
Sweden,SWE,2006,0.29949
Sweden,SWE,2007,0.31438
Sweden,SWE,2008,0.29358
Sweden,SWE,2009,0.44085
Sweden,SWE,2010,0.80865
Sweden,SWE,2012,0.54215
Sweden,SWE,2013,0.87754
Sweden,SWE,2014,1.28246
Sweden,SWE,2015,0.80138
Sweden,SWE,2019,0.75776
Sweden,SWE,2020,0.68387
Sweden,SWE,2021,0.50772
Sweden,SWE,2022,0.56691
Sweden,SWE,2023,0.42571
Sweden,SWE,2024,0.57044
Switzerland,CHE,2000,0.60417
Switzerland,CHE,2001,0.6528
Switzerland,CHE,2015,0.0327
Switzerland,CHE,2016,0.08691
Switzerland,CHE,2017,0.12617
Switzerland,CHE,2018,0.13079
Switzerland,CHE,2019,0.10567
Switzerland,CHE,2020,0.13739
Switzerland,CHE,2021,0.23521
Switzerland,CHE,2022,0.26332
Switzerland,CHE,2023,0.04699
Switzerland,CHE,2024,0.14302
Syria,SYR,1971,28.53472
Syria,SYR,1973,20.02544
Syria,SYR,1974,17.98929
Syria,SYR,1975,17.8375
Syria,SYR,1976,16.38309
Syria,SYR,1977,16.32665
Syria,SYR,1978,18.0273
Syria,SYR,1979,17.87503
Syria,SYR,1980,16.49258
Syria,SYR,1981,15.90029
Syria,SYR,1982,15.15615
Syria,SYR,1983,14.25691
Syria,SYR,1984,12.14588
Syria,SYR,1985,10.47113
Syria,SYR,1986,8.69482
Syria,SYR,1987,5.04407
Syria,SYR,1988,4.81774
Syria,SYR,1989,4.07126
Syria,SYR,1990,4.14163
Syria,SYR,1991,3.95748
Syria,SYR,1992,3.59321
Syria,SYR,1993,3.58915
Syria,SYR,1994,3.39755
Syria,SYR,1995,4.78361
Syria,SYR,1996,6.11229
Syria,SYR,1997,7.3009
Syria,SYR,1998,6.71331
Syria,SYR,1999,6.04299
Syria,SYR,2000,6.21777
Syria,SYR,2001,6.43503
Syria,SYR,2002,5.04974
Syria,SYR,2003,2.03198
Syria,SYR,2004,1.62578
Syria,SYR,2005,1.52076
Syria,SYR,2006,1.44949
Syria,SYR,2007,1.4103
Syria,SYR,2008,1.27899
Syria,SYR,2009,1.18518
Syria,SYR,2010,1.21786
Syria,SYR,2011,0.94957
Syria,SYR,2012,0.9588
Syria,SYR,2013,35.85995
Syria,SYR,2020,33.44051
Syria,SYR,2021,34.6112
Syria,SYR,2022,31.06999
Syria,SYR,2023,26.33566
Syria,SYR,2024,21.80503
Tajikistan,TJK,2000,6.85095
Tajikistan,TJK,2001,7.43594
Tajikistan,TJK,2002,5.92671
Tajikistan,TJK,2003,6.9731
Tajikistan,TJK,2004,6.72551
Tajikistan,TJK,2005,6.43811
Tajikistan,TJK,2006,6.6533
Tajikistan,TJK,2007,6.3028
Tajikistan,TJK,2008,5.16552
Tajikistan,TJK,2009,3.86964
Tajikistan,TJK,2010,2.59743
Tajikistan,TJK,2011,3.07258
Tajikistan,TJK,2012,7.24644
Tajikistan,TJK,2013,9.13634
Tajikistan,TJK,2014,9.3807
Tajikistan,TJK,2015,8.27586
Tajikistan,TJK,2016,6.56352
Tajikistan,TJK,2017,4.15083
Tanzania,TZA,1976,49.9068
Tanzania,TZA,1980,30.10463
Tanzania,TZA,1981,32.02498
Tanzania,TZA,1982,37.42419
Tanzania,TZA,1983,39.11175
Tanzania,TZA,1984,42.77315
Tanzania,TZA,1985,45.85857
Tanzania,TZA,1986,47.44121
Tanzania,TZA,1987,48.90618
Tanzania,TZA,1988,50.5218
Tanzania,TZA,1989,50.3749
Tanzania,TZA,1990,50.79151
Tanzania,TZA,1991,51.06973
Tanzania,TZA,1992,50.46771
Tanzania,TZA,1993,50.67651
Tanzania,TZA,1994,51.43717
Tanzania,TZA,1995,51.26715
Tanzania,TZA,1996,50.85309
Tanzania,TZA,1997,50.09041
Tanzania,TZA,1998,50.33647
Tanzania,TZA,1999,49.68883
Tanzania,TZA,2000,45.93245
Tanzania,TZA,2001,41.08889
Tanzania,TZA,2002,25.85262
Tanzania,TZA,2003,17.41883
Tanzania,TZA,2004,13.37029
Tanzania,TZA,2005,9.34711
Tanzania,TZA,2006,4.5025
Tanzania,TZA,2008,3.75729
Tanzania,TZA,2010,9.80891
Tanzania,TZA,2011,10.52679
Tanzania,TZA,2012,13.459133
Tanzania,TZA,2013,16.218267
Tanzania,TZA,2014,17.49757
Tanzania,TZA,2015,19.53563
Tanzania,TZA,2016,15.45712
Tanzania,TZA,2017,15.07744
Tanzania,TZA,2018,16.934113
Tanzania,TZA,2019,14.342152
Tanzania,TZA,2020,13.39491
Tanzania,TZA,2021,12.683449
Tanzania,TZA,2022,12.997641
Tanzania,TZA,2023,14.075831
Tanzania,TZA,2024,16.366632
Thailand,THA,1973,25.62499
Thailand,THA,1974,24.84632
Thailand,THA,2006,4.36195
Thailand,THA,2007,4.94904
Thailand,THA,2008,6.21663
Thailand,THA,2009,7.33046
Thailand,THA,2017,3.2996554
Thailand,THA,2018,0.26598033
Thailand,THA,2019,0.54995733
Thailand,THA,2020,0.39265278
Thailand,THA,2021,0.50520307
Thailand,THA,2022,0.31251264
Thailand,THA,2023,1.6089634
Thailand,THA,2024,0.5517732
Thailand,THA,2025,0.81719
Togo,TGO,1971,52.85638
Togo,TGO,1972,51.7133
Togo,TGO,1978,35.23011
Togo,TGO,1979,34.07561
Togo,TGO,1980,33.89465
Togo,TGO,1982,36.50436
Togo,TGO,1983,38.46486
Togo,TGO,1984,44.58436
Togo,TGO,1985,46.03744
Togo,TGO,1986,49.98392
Togo,TGO,1987,41.02669
Togo,TGO,1988,40.23517
Togo,TGO,1989,39.62662
Togo,TGO,1990,38.28506
Togo,TGO,1991,35.88047
Togo,TGO,1994,34.89285
Togo,TGO,1995,27.43116
Togo,TGO,1996,21.04174
Togo,TGO,1997,24.28458
Togo,TGO,1999,12.4791
Togo,TGO,2000,16.53922
Togo,TGO,2001,14.53571
Togo,TGO,2002,10.60596
Togo,TGO,2003,13.796
Togo,TGO,2004,11.16232
Togo,TGO,2005,11.71377
Togo,TGO,2006,8.66606
Togo,TGO,2007,12.81586
Togo,TGO,2008,11.39595
Togo,TGO,2014,9.062507
Togo,TGO,2015,7.740813
Togo,TGO,2016,10.71832
Togo,TGO,2017,9.226772
Togo,TGO,2018,9.668982
Togo,TGO,2019,8.061205
Togo,TGO,2020,4.3472486
Togo,TGO,2021,3.533345
Togo,TGO,2022,0.8811694
Togo,TGO,2023,0.7649241
Togo,TGO,2024,0.6385961
Tokelau,TKL,2016,17.391306
Tokelau,TKL,2019,20
Tokelau,TKL,2020,23.265306
Tokelau,TKL,2021,20.16461
Tokelau,TKL,2023,33.333332
Tokelau,TKL,2024,65.975105
Tokelau,TKL,2025,63.70968
Tonga,TON,1970,4.5519
Tonga,TON,1971,2.74903
Tonga,TON,1972,1.79495
Tonga,TON,1974,6.11478
Tonga,TON,1975,2.59416
Tonga,TON,1978,2.09838
Tonga,TON,1982,13.25308
Tonga,TON,1983,22.40694
Tonga,TON,1984,12.39195
Tonga,TON,1985,12.78365
Tonga,TON,1986,12.63383
Tonga,TON,1990,13.22677
Tonga,TON,1993,13.27617
Tonga,TON,1998,10.20422
Tonga,TON,1999,8.56307
Tonga,TON,2004,0.38461
Tonga,TON,2005,0.0633
Tonga,TON,2006,0.09063
Tonga,TON,2012,3.1765506
Tonga,TON,2013,3.1668181
Tonga,TON,2015,2.2603855
Tonga,TON,2018,0.21438898
Tonga,TON,2019,0.02362
Tonga,TON,2020,0.3451652
Tonga,TON,2021,3.6958911
Tonga,TON,2022,2.2804098
Trinidad and Tobago,TTO,1971,8.83634
Trinidad and Tobago,TTO,1972,8.30685
Trinidad and Tobago,TTO,1973,8.37944
Trinidad and Tobago,TTO,1974,8.59862
Trinidad and Tobago,TTO,1975,8.45546
Trinidad and Tobago,TTO,1976,6.80429
Trinidad and Tobago,TTO,1977,7.77967
Trinidad and Tobago,TTO,1978,10.71389
Trinidad and Tobago,TTO,1979,15.58577
Trinidad and Tobago,TTO,1980,18.10296
Trinidad and Tobago,TTO,1981,12.41697
Trinidad and Tobago,TTO,1982,10.35562
Trinidad and Tobago,TTO,1983,10.00131
Trinidad and Tobago,TTO,1984,10.72966
Trinidad and Tobago,TTO,1985,10.63732
Trinidad and Tobago,TTO,1986,13.06903
Trinidad and Tobago,TTO,1987,11.78052
Trinidad and Tobago,TTO,1988,10.97169
Trinidad and Tobago,TTO,1989,11.665
Trinidad and Tobago,TTO,1990,12.26436
Trinidad and Tobago,TTO,1991,11.61475
Trinidad and Tobago,TTO,1992,11.11656
Trinidad and Tobago,TTO,1993,11.48608
Trinidad and Tobago,TTO,1996,12.72865
Trinidad and Tobago,TTO,1997,13.54844
Trinidad and Tobago,TTO,1999,4.60629
Trinidad and Tobago,TTO,2000,3.3979
Trinidad and Tobago,TTO,2001,4.18803
Trinidad and Tobago,TTO,2002,9.16512
Trinidad and Tobago,TTO,2003,8.6378
Trinidad and Tobago,TTO,2004,6.49439
Trinidad and Tobago,TTO,2005,9.59355
Trinidad and Tobago,TTO,2007,2.67413
Trinidad and Tobago,TTO,2008,8.19008
Trinidad and Tobago,TTO,2009,7.18051
Trinidad and Tobago,TTO,2010,5.63147
Trinidad and Tobago,TTO,2024,7.1644526
Tunisia,TUN,1971,20.48479
Tunisia,TUN,1975,26.49125
Tunisia,TUN,1978,25.89902
Tunisia,TUN,1979,24.00441
Tunisia,TUN,1980,21.52201
Tunisia,TUN,1981,19.464
Tunisia,TUN,1982,17.03336
Tunisia,TUN,1983,14.09272
Tunisia,TUN,1984,11.25658
Tunisia,TUN,1985,10.89072
Tunisia,TUN,1986,10.24763
Tunisia,TUN,1987,9.91237
Tunisia,TUN,1988,10.01888
Tunisia,TUN,1989,9.07352
Tunisia,TUN,1990,9.01062
Tunisia,TUN,1991,7.86548
Tunisia,TUN,1992,7.575
Tunisia,TUN,1993,6.63213
Tunisia,TUN,1994,6.27252
Tunisia,TUN,1995,5.29881
Tunisia,TUN,1996,5.54872
Tunisia,TUN,1997,5.78247
Tunisia,TUN,1999,5.35435
Tunisia,TUN,2000,4.81252
Tunisia,TUN,2001,4.0506
Tunisia,TUN,2002,1.6821
Tunisia,TUN,2003,1.08278
Tunisia,TUN,2004,0.87984
Tunisia,TUN,2005,2.78323
Tunisia,TUN,2006,3.03008
Tunisia,TUN,2007,4.28253
Tunisia,TUN,2008,4.35976
Tunisia,TUN,2009,4.20881
Tunisia,TUN,2010,3.3182
Tunisia,TUN,2011,3.19836
Tunisia,TUN,2012,1.07101
Tunisia,TUN,2013,0.77353
Tunisia,TUN,2014,0.86804
Tunisia,TUN,2015,0.90672
Tunisia,TUN,2016,1.04529
Tunisia,TUN,2017,1.06554
Tunisia,TUN,2018,1.09093
Tunisia,TUN,2020,1.76529
Tunisia,TUN,2021,1.71381
Tunisia,TUN,2022,1.57029
Tunisia,TUN,2023,1.09419
Turkey,TUR,1974,22.9983
Turkey,TUR,1985,10.57587
Turkey,TUR,1986,10.0844
Turkey,TUR,1987,10.66761
Turkey,TUR,1988,9.33076
Turkey,TUR,1989,9.46549
Turkey,TUR,1990,7.67725
Turkey,TUR,1991,8.15257
Turkey,TUR,1992,7.81853
Turkey,TUR,1993,10.21919
Turkey,TUR,1994,11.43558
Turkey,TUR,1995,12.7066
Turkey,TUR,1997,11.71717
Turkey,TUR,2013,0.00843
Turkey,TUR,2014,0.27939
Turkey,TUR,2015,1.34092
Turkey,TUR,2016,1.81038
Turkey,TUR,2017,0.70601
Turkey,TUR,2018,0.20749
Turkey,TUR,2019,0.20236
Turkey,TUR,2020,0.22587
Turkey,TUR,2021,0.21838
Turkey,TUR,2022,0.2632
Turkey,TUR,2023,0.60261
Turkmenistan,TKM,2022,2.14024
Turkmenistan,TKM,2023,2.65811
Turkmenistan,TKM,2024,4.307822
Turks and Caicos Islands,TCA,1997,15.2513
Turks and Caicos Islands,TCA,1999,8.85744
Turks and Caicos Islands,TCA,2000,4.56389
Turks and Caicos Islands,TCA,2002,4.17881
Turks and Caicos Islands,TCA,2003,20.95553
Turks and Caicos Islands,TCA,2004,11.90045
Turks and Caicos Islands,TCA,2005,9.78961
Turks and Caicos Islands,TCA,2009,3.70178
Turks and Caicos Islands,TCA,2014,12.752665
Turks and Caicos Islands,TCA,2015,8.880029
Turks and Caicos Islands,TCA,2017,6.3067446
Turks and Caicos Islands,TCA,2021,5.0308714
Turks and Caicos Islands,TCA,2024,0.1333964
Tuvalu,TUV,2014,1.96167
Tuvalu,TUV,2015,1.5589707
Tuvalu,TUV,2016,2.64511
Tuvalu,TUV,2019,8.565154
Tuvalu,TUV,2020,4.3906293
Tuvalu,TUV,2022,0.8709934
Tuvalu,TUV,2023,0.36411992
Tuvalu,TUV,2024,0.5366311
Uganda,UGA,1979,65.34627
Uganda,UGA,1981,61.90311
Uganda,UGA,1982,59.9713
Uganda,UGA,1986,44.43269
Uganda,UGA,2009,5.35417
Uganda,UGA,2010,8.88083
Uganda,UGA,2011,5.59646
Uganda,UGA,2013,4.11657
Ukraine,UKR,2002,1.99587
Ukraine,UKR,2003,8.08293
Ukraine,UKR,2004,8.16621
Ukraine,UKR,2005,7.68099
Ukraine,UKR,2006,7.73538
Ukraine,UKR,2007,7.55458
Ukraine,UKR,2008,7.66601
Ukraine,UKR,2009,8.14208
Ukraine,UKR,2010,8.445591
Ukraine,UKR,2011,9.132041
Ukraine,UKR,2012,10.235709
Ukraine,UKR,2013,10.71319
Ukraine,UKR,2014,11.324256
Ukraine,UKR,2015,15.967258
Ukraine,UKR,2016,16.260542
Ukraine,UKR,2017,16.460884
Ukraine,UKR,2018,16.804201
Ukraine,UKR,2019,16.382908
Ukraine,UKR,2020,16.34748
Ukraine,UKR,2021,15.870987
Ukraine,UKR,2023,12.01416
Ukraine,UKR,2024,12.93369
United Arab Emirates,ARE,1978,20.51207
United Arab Emirates,ARE,1980,23.60526
United Arab Emirates,ARE,1981,26.97756
United Arab Emirates,ARE,1982,19.74803
United Arab Emirates,ARE,1983,23.92254
United Arab Emirates,ARE,1984,24.85174
United Arab Emirates,ARE,1985,26.50152
United Arab Emirates,ARE,1986,26.83532
United Arab Emirates,ARE,1987,17.96216
United Arab Emirates,ARE,1988,15.71765
United Arab Emirates,ARE,1989,11.56752
United Arab Emirates,ARE,1990,7.60713
United Arab Emirates,ARE,1991,6.07475
United Arab Emirates,ARE,1992,7.95866
United Arab Emirates,ARE,1993,10.26232
United Arab Emirates,ARE,1994,10.97247
United Arab Emirates,ARE,1995,9.48298
United Arab Emirates,ARE,1996,11.98919
United Arab Emirates,ARE,1997,14.88958
United Arab Emirates,ARE,1998,10.00395
United Arab Emirates,ARE,1999,7.8396
United Arab Emirates,ARE,2004,7.49269
United Arab Emirates,ARE,2005,8.15992
United Arab Emirates,ARE,2006,7.63355
United Arab Emirates,ARE,2018,0.9131324
United Arab Emirates,ARE,2019,0.21039146
United Arab Emirates,ARE,2020,0.12009965
United Arab Emirates,ARE,2021,0.2952466
United Arab Emirates,ARE,2022,0.0034098409
United Arab Emirates,ARE,2023,0.17606409
United Arab Emirates,ARE,2024,0.0038698926
United Kingdom,GBR,2000,0.0518
United Kingdom,GBR,2001,0.04801
United Kingdom,GBR,2002,0.02608
United Kingdom,GBR,2003,0.04228
United Kingdom,GBR,2004,0.58708
United Kingdom,GBR,2005,0.07958
United Kingdom,GBR,2006,1.03772
United Kingdom,GBR,2007,2.36276
United Kingdom,GBR,2008,0.38761
United Kingdom,GBR,2009,0.75014
United Kingdom,GBR,2010,0.5583
United Kingdom,GBR,2011,1.09949
United Kingdom,GBR,2012,1.91271
United Kingdom,GBR,2013,1.90994
United Kingdom,GBR,2014,1.66442
United Kingdom,GBR,2015,1.45097
United Kingdom,GBR,2016,1.26976
United Kingdom,GBR,2017,0.77581
United Kingdom,GBR,2018,0.30901
United Kingdom,GBR,2019,0.0525
United Kingdom,GBR,2020,0.02629
United Kingdom,GBR,2021,0.03362
United Kingdom,GBR,2022,0.07284
United Kingdom,GBR,2023,0.06984
United States,USA,2005,0.56519
United States,USA,2013,2.89807
United States,USA,2015,1.80586
United States,USA,2016,0.35997
United States,USA,2017,0.42438
United States,USA,2018,0.57421
United States,USA,2019,0.91657
United States,USA,2020,2.00508
United States,USA,2021,4.09512
United States,USA,2022,3.98221
Upper-middle-income countries,OWID_UMC,2000,6.1
Upper-middle-income countries,OWID_UMC,2001,5.9
Upper-middle-income countries,OWID_UMC,2002,5.8
Upper-middle-income countries,OWID_UMC,2003,5.8
Upper-middle-income countries,OWID_UMC,2004,5.7
Upper-middle-income countries,OWID_UMC,2005,5.3
Upper-middle-income countries,OWID_UMC,2006,4.8
Upper-middle-income countries,OWID_UMC,2007,4.4
Upper-middle-income countries,OWID_UMC,2008,4
Upper-middle-income countries,OWID_UMC,2009,3.7
Upper-middle-income countries,OWID_UMC,2010,3.5
Upper-middle-income countries,OWID_UMC,2011,3.3
Upper-middle-income countries,OWID_UMC,2012,3.3
Upper-middle-income countries,OWID_UMC,2013,3.4
Upper-middle-income countries,OWID_UMC,2014,3.5
Upper-middle-income countries,OWID_UMC,2015,3.6
Upper-middle-income countries,OWID_UMC,2016,3.7
Upper-middle-income countries,OWID_UMC,2017,3.7
Upper-middle-income countries,OWID_UMC,2018,3.8
Upper-middle-income countries,OWID_UMC,2019,3.8
Upper-middle-income countries,OWID_UMC,2020,3.8
Upper-middle-income countries,OWID_UMC,2021,3.9
Upper-middle-income countries,OWID_UMC,2022,3.9
Upper-middle-income countries,OWID_UMC,2023,4
Upper-middle-income countries,OWID_UMC,2024,4
Upper-middle-income countries,OWID_UMC,2025,4
Uruguay,URY,1983,13.26113
Uruguay,URY,1984,13.29651
Uruguay,URY,1985,11.89803
Uruguay,URY,1986,10.92639
Uruguay,URY,1987,10.81996
Uruguay,URY,1991,6.1627
Uruguay,URY,1992,4.49257
Uruguay,URY,1993,4.03111
Uruguay,URY,1994,5.52834
Uruguay,URY,1995,5.57619
Uruguay,URY,1996,5.79415
Uruguay,URY,1997,5.39762
Uruguay,URY,2005,0.31516
Uruguay,URY,2006,2.37322
Uruguay,URY,2007,4.90827
Uruguay,URY,2008,3.37527
Uruguay,URY,2009,2.78917
Uruguay,URY,2010,1.87409
Uruguay,URY,2011,1.1549827
Uruguay,URY,2012,1.4100658
Uruguay,URY,2013,0.39236465
Uruguay,URY,2015,0.5871179
Uruguay,URY,2016,0.034326572
Uruguay,URY,2017,0.25138146
Uruguay,URY,2018,0.49428213
Uruguay,URY,2019,0.5244977
Uruguay,URY,2020,0.3679139
Uruguay,URY,2021,0.39065582
Uruguay,URY,2022,0.374946
Uruguay,URY,2023,0.035451815
Uzbekistan,UZB,2007,5.55918
Uzbekistan,UZB,2008,3.01613
Uzbekistan,UZB,2009,2.51175
Uzbekistan,UZB,2010,3.3228693
Uzbekistan,UZB,2011,4.439276
Uzbekistan,UZB,2012,4.8667946
Uzbekistan,UZB,2013,4.6911273
Uzbekistan,UZB,2014,2.7169132
Uzbekistan,UZB,2015,2.3421383
Uzbekistan,UZB,2016,1.6742244
Uzbekistan,UZB,2017,1.843151
Uzbekistan,UZB,2018,0.37389636
Uzbekistan,UZB,2019,1.5855645
Uzbekistan,UZB,2020,1.2415107
Uzbekistan,UZB,2021,1.4548793
Uzbekistan,UZB,2022,4.109813
Uzbekistan,UZB,2023,4.8083262
Uzbekistan,UZB,2024,0.56568503
Uzbekistan,UZB,2025,0.65547144
Vanuatu,VUT,1981,17.9449
Vanuatu,VUT,1989,15.93381
Vanuatu,VUT,1994,0
Vanuatu,VUT,1998,8.93961
Vanuatu,VUT,1999,9.47466
Vanuatu,VUT,2000,6.97506
Vanuatu,VUT,2001,4.98529
Vanuatu,VUT,2002,3.32291
Vanuatu,VUT,2003,3.40497
Vanuatu,VUT,2004,4.4372
Vanuatu,VUT,2005,0.80832
Vanuatu,VUT,2015,0.18877
Vanuatu,VUT,2019,1.17184
Vanuatu,VUT,2020,1.11036
Vanuatu,VUT,2021,0.14347206
Vanuatu,VUT,2022,1.6330477
Vanuatu,VUT,2023,2.882901
Vanuatu,VUT,2024,2.5309086
Venezuela,VEN,1971,26.65225
Venezuela,VEN,1972,25.40401
Venezuela,VEN,1973,24.94993
Venezuela,VEN,1974,25.79438
Venezuela,VEN,1975,24.8109
Venezuela,VEN,1976,21.97527
Venezuela,VEN,1977,20.50302
Venezuela,VEN,1978,19.00175
Venezuela,VEN,1979,18.1796
Venezuela,VEN,1999,12.13377
Venezuela,VEN,2000,9.68086
Venezuela,VEN,2001,7.73915
Venezuela,VEN,2002,4.34612
Venezuela,VEN,2003,6.07839
Venezuela,VEN,2004,5.99394
Venezuela,VEN,2005,6.8364
Venezuela,VEN,2006,6.79686
Venezuela,VEN,2007,5.39048
Venezuela,VEN,2008,7.65006
Venezuela,VEN,2009,6.06201
Venezuela,VEN,2010,5.42917
Venezuela,VEN,2011,5.22438
Venezuela,VEN,2012,5.32408
Venezuela,VEN,2013,6.066
Venezuela,VEN,2014,6.67014
Venezuela,VEN,2015,7.03155
Venezuela,VEN,2016,9.50855
Venezuela,VEN,2017,11.56392
Venezuela,VEN,2022,0.53867
Venezuela,VEN,2023,0.55371
Vietnam,VNM,1978,0.28745
Vietnam,VNM,1981,1.3352
Vietnam,VNM,1985,7.89582
Vietnam,VNM,1998,0
Vietnam,VNM,1999,0
Vietnam,VNM,2000,0
Vietnam,VNM,2001,0
Vietnam,VNM,2002,0.34642
Vietnam,VNM,2005,1.91833
Vietnam,VNM,2006,0.96513
Vietnam,VNM,2008,2.05125
Vietnam,VNM,2009,2.17956
Vietnam,VNM,2010,0.11145
Vietnam,VNM,2011,0.82673
Vietnam,VNM,2012,0
Vietnam,VNM,2013,0
Vietnam,VNM,2014,0.3300662
Vietnam,VNM,2015,0.5549837
Vietnam,VNM,2016,0.15398636
Vietnam,VNM,2017,0.694404
Vietnam,VNM,2018,1.4513478
Vietnam,VNM,2019,2.1625018
Vietnam,VNM,2020,2.0699081
Vietnam,VNM,2021,1.3005362
Vietnam,VNM,2022,1.8844486
Vietnam,VNM,2023,1.6817881
Vietnam,VNM,2024,1.7317699
World,OWID_WRL,2000,19.2
World,OWID_WRL,2001,18.5
World,OWID_WRL,2002,17.8
World,OWID_WRL,2003,17.1
World,OWID_WRL,2004,16.2
World,OWID_WRL,2005,15.5
World,OWID_WRL,2006,14.8
World,OWID_WRL,2007,14.1
World,OWID_WRL,2008,13.4
World,OWID_WRL,2009,12.9
World,OWID_WRL,2010,12.3
World,OWID_WRL,2011,11.8
World,OWID_WRL,2012,11.5
World,OWID_WRL,2013,11.3
World,OWID_WRL,2014,11.1
World,OWID_WRL,2015,11
World,OWID_WRL,2016,10.8
World,OWID_WRL,2017,10.7
World,OWID_WRL,2018,10.6
World,OWID_WRL,2019,10.5
World,OWID_WRL,2020,10.4
World,OWID_WRL,2021,10.3
World,OWID_WRL,2022,10.3
World,OWID_WRL,2023,10.3
World,OWID_WRL,2024,10.3
World,OWID_WRL,2025,10.3
Yemen,YEM,1999,49.90974
Yemen,YEM,2001,41.92056
Yemen,YEM,2003,35.48732
Yemen,YEM,2004,32.92941
Yemen,YEM,2005,31.42238
Yemen,YEM,2008,33.35733
Yemen,YEM,2010,29.86473
Yemen,YEM,2012,28.0926
Yemen,YEM,2013,27.86048
Yemen,YEM,2016,30.62112
Zambia,ZMB,1972,22.947
Zambia,ZMB,1976,20.77636
Zambia,ZMB,1977,20.97254
Zambia,ZMB,1978,22.15099
Zambia,ZMB,1979,22.6242
Zambia,ZMB,1980,22.60731
Zambia,ZMB,1981,22.41197
Zambia,ZMB,1982,22.30189
Zambia,ZMB,1983,20.61813
Zambia,ZMB,1984,19.44323
Zambia,ZMB,1986,17.76781
Zambia,ZMB,1988,18.89452
Zambia,ZMB,1994,24.94613
Zambia,ZMB,1995,27.08286
Zambia,ZMB,1998,30.22775
Zambia,ZMB,1999,31.71083
Zambia,ZMB,2000,31.92912
Zambia,ZMB,2001,32.2071
Zambia,ZMB,2002,29.22941
Zambia,ZMB,2004,16.31552
Zambia,ZMB,2005,7.84689
Zambia,ZMB,2006,9.70996
Zambia,ZMB,2007,7.11242
Zambia,ZMB,2008,6.39517
Zambia,ZMB,2009,9.17752
Zambia,ZMB,2010,11.682238
Zambia,ZMB,2011,7.678552
Zambia,ZMB,2012,6.18504
Zambia,ZMB,2013,9.345198
Zambia,ZMB,2017,14.827938
Zambia,ZMB,2024,3.51462
Zimbabwe,ZWE,1982,0.14345
Zimbabwe,ZWE,1998,13.5125
Zimbabwe,ZWE,1999,8.94261
Zimbabwe,ZWE,2000,5.28861
Zimbabwe,ZWE,2001,1.4793
Zimbabwe,ZWE,2002,4.29351
Zimbabwe,ZWE,2003,5.60922
Zimbabwe,ZWE,2012,8.49271
Zimbabwe,ZWE,2013,9.940512
Zimbabwe,ZWE,2014,10.383554
Zimbabwe,ZWE,2015,18.74996
Zimbabwe,ZWE,2016,17.6851
Zimbabwe,ZWE,2017,19.44088
Zimbabwe,ZWE,2018,18.76456
Zimbabwe,ZWE,2019,18.38135
Zimbabwe,ZWE,2020,16.91429
Zimbabwe,ZWE,2021,9.426102
Zimbabwe,ZWE,2022,8.173391
Zimbabwe,ZWE,2023,9.137232
Zimbabwe,ZWE,2024,10.524499