Entity,Code,Year,Upper secondary education
Afghanistan,AFG,2001,13.37796
Afghanistan,AFG,2003,8.59119
Afghanistan,AFG,2004,12.12437
Afghanistan,AFG,2005,12.79614
Afghanistan,AFG,2006,17.23782
Afghanistan,AFG,2007,17.25565
Afghanistan,AFG,2008,21.46921
Afghanistan,AFG,2009,24.80506
Afghanistan,AFG,2010,30.1869
Afghanistan,AFG,2011,37.81448
Afghanistan,AFG,2012,42.25785
Afghanistan,AFG,2013,44.44668
Afghanistan,AFG,2014,42.70346
Afghanistan,AFG,2015,41.48632
Afghanistan,AFG,2016,40.52393
Afghanistan,AFG,2017,41.29746
Afghanistan,AFG,2018,42.07286
Afghanistan,AFG,2023,41.82977
Albania,ALB,1998,41.33978
Albania,ALB,1999,41.63837
Albania,ALB,2000,41.87372
Albania,ALB,2001,43.65556
Albania,ALB,2002,48.52222
Albania,ALB,2003,52.35295
Albania,ALB,2004,56.67492
Albania,ALB,2005,61.26837
Albania,ALB,2006,64.68288
Albania,ALB,2007,69.26272
Albania,ALB,2008,73.42267
Albania,ALB,2009,75.61564
Albania,ALB,2010,84.12802
Albania,ALB,2011,87.53761
Albania,ALB,2012,91.66541
Albania,ALB,2013,98.94345
Albania,ALB,2014,103.73534
Albania,ALB,2015,99.309296
Albania,ALB,2016,94.9005
Albania,ALB,2017,97.95632
Albania,ALB,2018,96.66283
Albania,ALB,2019,99.21915
Albania,ALB,2020,93.11813
Albania,ALB,2021,96.55928
Albania,ALB,2022,97.93467
Albania,ALB,2023,96.86499
Albania,ALB,2024,110.39258
Algeria,DZA,1994,42.13362
Algeria,DZA,1995,41.71465
Algeria,DZA,1996,41.30586
Algeria,DZA,1997,39.66907
Algeria,DZA,1999,41.24909
Algeria,DZA,2000,40.53158
Algeria,DZA,2001,42.8159
Algeria,DZA,2002,45.82468
Algeria,DZA,2003,48.82932
Algeria,DZA,2004,52.42847
Algeria,DZA,2005,53.30717
Algeria,DZA,2006,55.12922
Algeria,DZA,2007,46.32372
Algeria,DZA,2008,48.12206
Algeria,DZA,2009,52.09231
Algeria,DZA,2010,62.463192
Algeria,DZA,2011,65.33062
Algeria,DZA,2024,78.2747
Andorra,AND,2002,65.39399
Andorra,AND,2003,60.59629
Andorra,AND,2004,59.49074
Andorra,AND,2005,69.77256
Andorra,AND,2006,71.88782
Andorra,AND,2007,69.43522
Andorra,AND,2008,70.56106
Andorra,AND,2009,70.24691
Andorra,AND,2010,75.55693
Andorra,AND,2011,83.82157
Andorra,AND,2012,78.69507
Andorra,AND,2013,78.11448
Andorra,AND,2014,83.85417
Andorra,AND,2015,86.24372
Andorra,AND,2016,91.16739
Andorra,AND,2017,90.50786
Andorra,AND,2018,96.28229
Andorra,AND,2019,96.81648
Andorra,AND,2020,96.94132
Andorra,AND,2021,102.68414
Andorra,AND,2022,102.39705
Andorra,AND,2023,98.55856
Andorra,AND,2024,103.94265
Angola,AGO,1998,5.52593
Angola,AGO,1999,7.03639
Angola,AGO,2000,8.17888
Angola,AGO,2001,8.63871
Angola,AGO,2002,9.94646
Angola,AGO,2006,15.05436
Angola,AGO,2007,14.87231
Angola,AGO,2008,17.56942
Angola,AGO,2009,18.48005
Angola,AGO,2010,20.184917
Angola,AGO,2011,21.060982
Angola,AGO,2016,29.011572
Angola,AGO,2021,41.658897
Angola,AGO,2023,40.612614
Anguilla,AIA,1993,11.6129
Anguilla,AIA,1997,7.42857
Anguilla,AIA,1999,104.96084
Anguilla,AIA,2000,106.59898
Anguilla,AIA,2001,106.31313
Anguilla,AIA,2002,98.05353
Anguilla,AIA,2003,92.80742
Anguilla,AIA,2004,99.07621
Anguilla,AIA,2005,100.47393
Anguilla,AIA,2006,91.42157
Anguilla,AIA,2007,96.67519
Anguilla,AIA,2008,99.73404
Anguilla,AIA,2009,95.41779
Anguilla,AIA,2010,111.55914
Anguilla,AIA,2011,110.76115
Anguilla,AIA,2019,101.84697
Antigua and Barbuda,ATG,2000,77.23388
Antigua and Barbuda,ATG,2008,94.42202
Antigua and Barbuda,ATG,2009,93.42908
Antigua and Barbuda,ATG,2010,88.98632
Antigua and Barbuda,ATG,2011,90.49069
Antigua and Barbuda,ATG,2012,98.498
Antigua and Barbuda,ATG,2014,92.1099
Antigua and Barbuda,ATG,2015,96.54788
Antigua and Barbuda,ATG,2017,94.60888
Antigua and Barbuda,ATG,2018,112.397
Antigua and Barbuda,ATG,2022,98.679474
Antigua and Barbuda,ATG,2023,94.70146
Argentina,ARG,1998,60.73171
Argentina,ARG,1999,66.87105
Argentina,ARG,2000,71.66987
Argentina,ARG,2001,74.57651
Argentina,ARG,2002,75.36766
Argentina,ARG,2003,75.562
Argentina,ARG,2004,73.23499
Argentina,ARG,2005,71.11999
Argentina,ARG,2006,70.16051
Argentina,ARG,2007,69.6055
Argentina,ARG,2008,69.48543
Argentina,ARG,2009,70.31919
Argentina,ARG,2010,71.13118
Argentina,ARG,2011,77.09003
Argentina,ARG,2012,79.01228
Argentina,ARG,2013,81.569244
Argentina,ARG,2014,83.51168
Argentina,ARG,2015,84.85143
Argentina,ARG,2016,86.23465
Argentina,ARG,2017,87.03307
Argentina,ARG,2018,87.60899
Argentina,ARG,2019,90.82483
Argentina,ARG,2020,95.72253
Argentina,ARG,2021,105.776115
Argentina,ARG,2022,104.822334
Argentina,ARG,2023,103.17749
Armenia,ARM,1998,74.64886
Armenia,ARM,1999,76.67726
Armenia,ARM,2000,77.33913
Armenia,ARM,2001,78.66418
Armenia,ARM,2004,82.40903
Armenia,ARM,2005,82.58665
Armenia,ARM,2006,87.15009
Armenia,ARM,2007,89.79661
Armenia,ARM,2008,83.64824
Armenia,ARM,2009,97.66579
Armenia,ARM,2010,105.36713
Armenia,ARM,2011,107.47126
Armenia,ARM,2013,89.7891
Armenia,ARM,2014,91.86266
Armenia,ARM,2015,90.626
Armenia,ARM,2018,70.247215
Armenia,ARM,2019,81.27845
Armenia,ARM,2020,82.27267
Armenia,ARM,2021,86.57221
Armenia,ARM,2022,84.39984
Armenia,ARM,2023,80.32289
Armenia,ARM,2024,79.549484
Aruba,ABW,1999,82.21045
Aruba,ABW,2000,78.88214
Aruba,ABW,2001,83.72445
Aruba,ABW,2002,89.15023
Aruba,ABW,2003,93.57399
Aruba,ABW,2004,87.9845
Aruba,ABW,2005,86.19639
Aruba,ABW,2006,87.31729
Aruba,ABW,2007,100.18091
Aruba,ABW,2008,91.05181
Aruba,ABW,2009,86.9071
Aruba,ABW,2010,86.72429
Aruba,ABW,2011,85.89355
Aruba,ABW,2012,103.21962
Aruba,ABW,2018,83.59082
Aruba,ABW,2019,83.74609
Aruba,ABW,2020,76.29612
Aruba,ABW,2021,56.15741
Aruba,ABW,2022,71.19726
Aruba,ABW,2024,70.992546
Australia,AUS,2015,225.90366
Australia,AUS,2016,219.62717
Australia,AUS,2017,213.45418
Australia,AUS,2018,181.79562
Australia,AUS,2019,205.28603
Australia,AUS,2020,195.07288
Australia,AUS,2021,192.2667
Australia,AUS,2022,185.15286
Australia,AUS,2023,184.92867
Australia,AUS,2024,179.02802
Austria,AUT,2001,96.63342
Austria,AUT,2002,97.05075
Austria,AUT,2003,97.65518
Austria,AUT,2004,96.65872
Austria,AUT,2005,98.25898
Austria,AUT,2006,98.33357
Austria,AUT,2007,97.93775
Austria,AUT,2008,97.48192
Austria,AUT,2009,98.44258
Austria,AUT,2010,98.24228
Austria,AUT,2011,96.72294
Austria,AUT,2012,97.94448
Austria,AUT,2013,100.85397
Austria,AUT,2014,101.45046
Austria,AUT,2015,102.05316
Austria,AUT,2016,100.38947
Austria,AUT,2017,99.783
Austria,AUT,2018,100.29849
Austria,AUT,2019,101.80036
Austria,AUT,2020,101.89496
Austria,AUT,2021,103.07703
Austria,AUT,2022,101.99967
Austria,AUT,2023,99.97037
Austria,AUT,2024,100.28146
Azerbaijan,AZE,2010,66.000694
Azerbaijan,AZE,2011,65.15259
Azerbaijan,AZE,2012,65.44144
Azerbaijan,AZE,2013,68.6487
Azerbaijan,AZE,2014,71.560524
Azerbaijan,AZE,2015,72.722404
Azerbaijan,AZE,2016,72.41025
Azerbaijan,AZE,2017,72.69921
Azerbaijan,AZE,2018,128.14029
Azerbaijan,AZE,2019,120.74378
Azerbaijan,AZE,2020,105.22723
Azerbaijan,AZE,2021,98.38189
Azerbaijan,AZE,2022,92.84317
Azerbaijan,AZE,2023,92.43515
Azerbaijan,AZE,2024,86.6345
Bahamas,BHS,1999,82.18975
Bahamas,BHS,2002,99.0492
Bahamas,BHS,2004,85.25943
Bahamas,BHS,2005,82.41547
Bahamas,BHS,2006,82.72069
Bahamas,BHS,2007,82.75481
Bahamas,BHS,2008,81.66743
Bahamas,BHS,2009,83.19387
Bahamas,BHS,2010,86.00401
Bahamas,BHS,2011,86.04663
Bahamas,BHS,2012,88.94095
Bahamas,BHS,2013,79.95228
Bahamas,BHS,2014,85.50934
Bahamas,BHS,2015,71.84978
Bahamas,BHS,2016,81.404106
Bahamas,BHS,2017,100.95421
Bahamas,BHS,2018,80.554375
Bahamas,BHS,2019,76.22667
Bahamas,BHS,2021,72.02384
Bahamas,BHS,2023,71.528305
Bahamas,BHS,2024,76.11674
Bahrain,BHR,1996,83.81297
Bahrain,BHR,1997,82.30367
Bahrain,BHR,1998,82.57023
Bahrain,BHR,1999,79.70659
Bahrain,BHR,2000,84.10171
Bahrain,BHR,2001,84.22941
Bahrain,BHR,2002,75.42789
Bahrain,BHR,2003,71.04691
Bahrain,BHR,2004,69.57428
Bahrain,BHR,2005,70.48444
Bahrain,BHR,2006,74.77256
Bahrain,BHR,2008,83.51156
Bahrain,BHR,2009,86.27649
Bahrain,BHR,2010,86.332375
Bahrain,BHR,2011,89.67711
Bahrain,BHR,2012,95.21046
Bahrain,BHR,2013,107.58961
Bahrain,BHR,2014,105.22297
Bahrain,BHR,2015,102.37804
Bahrain,BHR,2016,102.35912
Bahrain,BHR,2017,102.06439
Bahrain,BHR,2018,99.95258
Bahrain,BHR,2019,104.40311
Bahrain,BHR,2022,102.27535
Bahrain,BHR,2023,108.75148
Bahrain,BHR,2024,103.651634
Bangladesh,BGD,1998,29.8788
Bangladesh,BGD,1999,33.12632
Bangladesh,BGD,2000,33.7708
Bangladesh,BGD,2001,34.58798
Bangladesh,BGD,2002,35.34058
Bangladesh,BGD,2003,35.47073
Bangladesh,BGD,2004,32.21545
Bangladesh,BGD,2005,30.47857
Bangladesh,BGD,2006,31.90058
Bangladesh,BGD,2007,32.43617
Bangladesh,BGD,2008,33.28083
Bangladesh,BGD,2009,36.89269
Bangladesh,BGD,2010,39.007935
Bangladesh,BGD,2011,39.183826
Bangladesh,BGD,2012,40.30475
Bangladesh,BGD,2013,43.63339
Bangladesh,BGD,2015,45.775677
Bangladesh,BGD,2016,52.862694
Bangladesh,BGD,2017,49.03631
Bangladesh,BGD,2018,52.83946
Bangladesh,BGD,2019,53.16383
Bangladesh,BGD,2020,56.8975
Bangladesh,BGD,2021,59.15363
Bangladesh,BGD,2022,58.997593
Bangladesh,BGD,2023,58.97285
Bangladesh,BGD,2024,56.43521
Barbados,BRB,1999,115.15041
Barbados,BRB,2000,111.93512
Barbados,BRB,2001,116.12613
Barbados,BRB,2002,116.33493
Barbados,BRB,2003,112.63611
Barbados,BRB,2004,110.55592
Barbados,BRB,2005,112.54084
Barbados,BRB,2006,109.33201
Barbados,BRB,2007,113.66834
Barbados,BRB,2008,116.3844
Barbados,BRB,2009,116.70569
Barbados,BRB,2010,114.92453
Barbados,BRB,2011,111.99888
Barbados,BRB,2014,111.71626
Barbados,BRB,2015,109.08737
Barbados,BRB,2016,109.83501
Barbados,BRB,2017,112.2618
Barbados,BRB,2018,112.8841
Barbados,BRB,2019,111.03798
Barbados,BRB,2020,114.20375
Barbados,BRB,2021,115.84257
Barbados,BRB,2022,116.18015
Barbados,BRB,2023,103.6143
Barbados,BRB,2024,102.70844
Belarus,BLR,1994,90.61025
Belarus,BLR,1995,90.45817
Belarus,BLR,1996,90.39585
Belarus,BLR,1997,90.85703
Belarus,BLR,2010,131.40916
Belarus,BLR,2011,128.0244
Belarus,BLR,2012,124.9751
Belarus,BLR,2013,116.41406
Belarus,BLR,2014,111.9482
Belarus,BLR,2015,109.26682
Belarus,BLR,2016,110.395195
Belarus,BLR,2017,111.79054
Belarus,BLR,2018,111.60492
Belarus,BLR,2019,109.28133
Belarus,BLR,2020,108.82275
Belarus,BLR,2021,108.57033
Belarus,BLR,2022,106.33534
Belarus,BLR,2023,104.25974
Belarus,BLR,2024,95.48829
Belgium,BEL,2001,153.46143
Belgium,BEL,2002,154.73369
Belgium,BEL,2003,155.73741
Belgium,BEL,2004,145.72896
Belgium,BEL,2005,152.7011
Belgium,BEL,2006,152.59305
Belgium,BEL,2007,152.84727
Belgium,BEL,2008,170.84755
Belgium,BEL,2009,170.22403
Belgium,BEL,2010,171.51115
Belgium,BEL,2011,170.27283
Belgium,BEL,2012,170.88376
Belgium,BEL,2013,154.98615
Belgium,BEL,2014,155.82018
Belgium,BEL,2015,155.08405
Belgium,BEL,2016,153.52504
Belgium,BEL,2017,152.27403
Belgium,BEL,2018,150.51048
Belgium,BEL,2019,151.14917
Belgium,BEL,2020,144.63052
Belgium,BEL,2021,138.40817
Belgium,BEL,2022,135.99059
Belgium,BEL,2023,133.69083
Belize,BLZ,1999,44.75242
Belize,BLZ,2000,45.18783
Belize,BLZ,2001,46.51517
Belize,BLZ,2003,58.33262
Belize,BLZ,2004,61.49444
Belize,BLZ,2005,53.78422
Belize,BLZ,2006,58.38373
Belize,BLZ,2007,55.69407
Belize,BLZ,2008,53.61271
Belize,BLZ,2009,52.01633
Belize,BLZ,2010,51.490574
Belize,BLZ,2011,52.178474
Belize,BLZ,2012,56.21461
Belize,BLZ,2013,59.76408
Belize,BLZ,2014,59.46271
Belize,BLZ,2015,60.07042
Belize,BLZ,2016,65.680435
Belize,BLZ,2017,61.31239
Belize,BLZ,2018,60.97731
Belize,BLZ,2019,63.03166
Belize,BLZ,2020,64.102066
Belize,BLZ,2021,68.298035
Belize,BLZ,2022,64.79403
Belize,BLZ,2023,59.423473
Belize,BLZ,2024,63.577545
Benin,BEN,1999,8.59452
Benin,BEN,2000,10.05527
Benin,BEN,2001,10.94843
Benin,BEN,2002,11.52691
Benin,BEN,2003,12.82146
Benin,BEN,2004,13.76977
Benin,BEN,2005,20.65737
Benin,BEN,2011,29.60821
Benin,BEN,2013,32.58638
Benin,BEN,2014,33.4673
Benin,BEN,2015,36.27895
Benin,BEN,2016,34.96887
Benin,BEN,2020,29.71265
Benin,BEN,2021,31.32182
Benin,BEN,2022,29.03963
Bermuda,BMU,2001,74.26689
Bermuda,BMU,2002,73.37278
Bermuda,BMU,2003,76.50345
Bermuda,BMU,2004,80.85873
Bermuda,BMU,2005,81.24797
Bermuda,BMU,2006,75.80594
Bermuda,BMU,2010,82.46361
Bermuda,BMU,2011,81.97133
Bermuda,BMU,2012,78.92473
Bermuda,BMU,2013,77.86944
Bermuda,BMU,2014,80.64873
Bermuda,BMU,2015,81.83535
Bermuda,BMU,2023,69.5539
Bhutan,BTN,1998,3.98059
Bhutan,BTN,1999,5.55823
Bhutan,BTN,2000,7.43894
Bhutan,BTN,2001,11.91489
Bhutan,BTN,2005,26.65854
Bhutan,BTN,2006,28.01723
Bhutan,BTN,2007,31.12577
Bhutan,BTN,2008,30.93157
Bhutan,BTN,2009,37.02398
Bhutan,BTN,2010,40.44104
Bhutan,BTN,2011,42.67434
Bhutan,BTN,2012,47.58842
Bhutan,BTN,2013,54.8982
Bhutan,BTN,2014,67.98584
Bhutan,BTN,2015,69.61889
Bhutan,BTN,2016,67.69284
Bhutan,BTN,2017,70.79211
Bhutan,BTN,2018,72.51563
Bhutan,BTN,2019,84.27725
Bhutan,BTN,2020,86.15195
Bhutan,BTN,2021,87.2057
Bhutan,BTN,2022,85.9686
Bhutan,BTN,2023,76.700356
Bhutan,BTN,2024,78.1471
Bolivia,BOL,1998,62.29998
Bolivia,BOL,1999,67.31097
Bolivia,BOL,2000,64.18773
Bolivia,BOL,2001,66.72846
Bolivia,BOL,2002,72.06056
Bolivia,BOL,2003,75.2305
Bolivia,BOL,2004,78.72791
Bolivia,BOL,2005,80.4367
Bolivia,BOL,2006,79.95499
Bolivia,BOL,2007,79.57282
Bolivia,BOL,2008,78.48927
Bolivia,BOL,2009,76.93121
Bolivia,BOL,2010,83.71944
Bolivia,BOL,2011,80.37764
Bolivia,BOL,2012,82.18112
Bolivia,BOL,2013,83.33222
Bolivia,BOL,2014,84.39991
Bolivia,BOL,2015,87.961555
Bolivia,BOL,2016,89.41959
Bolivia,BOL,2017,88.6462
Bolivia,BOL,2018,86.98285
Bolivia,BOL,2019,85.56608
Bolivia,BOL,2020,84.99359
Bolivia,BOL,2021,88.99396
Bolivia,BOL,2022,88.55351
Bolivia,BOL,2023,88.18108
Bolivia,BOL,2024,86.00463
Bosnia and Herzegovina,BIH,1991,58.75744
Bosnia and Herzegovina,BIH,2002,59.33156
Bosnia and Herzegovina,BIH,2003,61.28605
Bosnia and Herzegovina,BIH,2004,61.63295
Bosnia and Herzegovina,BIH,2005,66.05971
Bosnia and Herzegovina,BIH,2006,67.98194
Bosnia and Herzegovina,BIH,2007,71.75451
Bosnia and Herzegovina,BIH,2008,74.28499
Bosnia and Herzegovina,BIH,2009,75.20668
Bosnia and Herzegovina,BIH,2010,76.69527
Bosnia and Herzegovina,BIH,2011,85.75354
Bosnia and Herzegovina,BIH,2012,97.06575
Bosnia and Herzegovina,BIH,2013,98.02609
Bosnia and Herzegovina,BIH,2014,89.87182
Bosnia and Herzegovina,BIH,2015,82.89747
Bosnia and Herzegovina,BIH,2016,79.15303
Bosnia and Herzegovina,BIH,2017,80.5687
Bosnia and Herzegovina,BIH,2018,83.61486
Bosnia and Herzegovina,BIH,2019,81.4814
Bosnia and Herzegovina,BIH,2020,79.67789
Bosnia and Herzegovina,BIH,2021,79.42848
Bosnia and Herzegovina,BIH,2022,80.22246
Bosnia and Herzegovina,BIH,2023,81.22084
Botswana,BWA,1995,37.01791
Botswana,BWA,1998,49.66251
Botswana,BWA,1999,53.59034
Botswana,BWA,2000,58.32213
Botswana,BWA,2001,59.41671
Botswana,BWA,2002,59.89811
Botswana,BWA,2003,59.17204
Botswana,BWA,2004,60.97696
Botswana,BWA,2005,62.27403
Botswana,BWA,2006,66.40712
Botswana,BWA,2007,68.66189
Botswana,BWA,2008,57.09787
Botswana,BWA,2021,55.16662
Brazil,BRA,2012,88.94298
Brazil,BRA,2013,95.29767
Brazil,BRA,2014,97.4903
Brazil,BRA,2015,93.50024
Brazil,BRA,2016,94.87826
Brazil,BRA,2017,96.33287
Brazil,BRA,2018,98.42951
Brazil,BRA,2019,96.06365
Brazil,BRA,2020,96.15209
Brazil,BRA,2021,100.46702
Brazil,BRA,2022,100.62064
Brazil,BRA,2024,101.94704
British Virgin Islands,VGB,1999,80.3005
British Virgin Islands,VGB,2000,71.64179
British Virgin Islands,VGB,2001,81.3099
British Virgin Islands,VGB,2002,74.88654
British Virgin Islands,VGB,2003,71.49188
British Virgin Islands,VGB,2004,67.20351
British Virgin Islands,VGB,2005,92.07493
British Virgin Islands,VGB,2006,95.4023
British Virgin Islands,VGB,2007,89.20863
British Virgin Islands,VGB,2009,89.51049
British Virgin Islands,VGB,2010,88.75339
British Virgin Islands,VGB,2011,85.21505
British Virgin Islands,VGB,2012,84.46475
British Virgin Islands,VGB,2013,81.97747
British Virgin Islands,VGB,2014,77.11443
British Virgin Islands,VGB,2015,80.02466
British Virgin Islands,VGB,2016,80.57554
British Virgin Islands,VGB,2017,75.06093
British Virgin Islands,VGB,2018,58.980583
British Virgin Islands,VGB,2019,64.10256
British Virgin Islands,VGB,2020,69.474495
British Virgin Islands,VGB,2021,70.30568
British Virgin Islands,VGB,2023,59.153095
British Virgin Islands,VGB,2024,61.09091
Brunei,BRN,1998,60.65502
Brunei,BRN,1999,63.22257
Brunei,BRN,2000,63.35045
Brunei,BRN,2001,65.80189
Brunei,BRN,2002,67.38363
Brunei,BRN,2003,69.11828
Brunei,BRN,2004,73.16129
Brunei,BRN,2005,76.58939
Brunei,BRN,2006,81.58332
Brunei,BRN,2007,82.52687
Brunei,BRN,2008,81.58275
Brunei,BRN,2009,85.52494
Brunei,BRN,2010,97.48364
Brunei,BRN,2011,99.74064
Brunei,BRN,2012,103.57574
Brunei,BRN,2013,100.65706
Brunei,BRN,2014,93.36419
Brunei,BRN,2015,89.57023
Brunei,BRN,2016,85.96185
Brunei,BRN,2017,83.32281
Brunei,BRN,2018,83.69239
Brunei,BRN,2019,81.90081
Brunei,BRN,2020,81.96854
Brunei,BRN,2023,85.59151
Bulgaria,BGR,2001,60.10773
Bulgaria,BGR,2002,63.62194
Bulgaria,BGR,2003,69.01369
Bulgaria,BGR,2004,72.76775
Bulgaria,BGR,2005,74.07231
Bulgaria,BGR,2006,75.66629
Bulgaria,BGR,2007,76.86066
Bulgaria,BGR,2008,76.73536
Bulgaria,BGR,2009,77.84994
Bulgaria,BGR,2010,80.52562
Bulgaria,BGR,2011,84.69241
Bulgaria,BGR,2012,84.09171
Bulgaria,BGR,2013,87.83755
Bulgaria,BGR,2014,92.55564
Bulgaria,BGR,2015,91.34785
Bulgaria,BGR,2016,90.48712
Bulgaria,BGR,2017,91.39656
Bulgaria,BGR,2018,101.01812
Bulgaria,BGR,2019,100.02771
Bulgaria,BGR,2020,98.92599
Bulgaria,BGR,2021,97.22173
Bulgaria,BGR,2022,94.93116
Bulgaria,BGR,2023,93.58264
Bulgaria,BGR,2024,92.50887
Burkina Faso,BFA,1999,4.56013
Burkina Faso,BFA,2000,4.95584
Burkina Faso,BFA,2001,5.15536
Burkina Faso,BFA,2003,5.01689
Burkina Faso,BFA,2004,5.88348
Burkina Faso,BFA,2005,6.51495
Burkina Faso,BFA,2006,6.7965
Burkina Faso,BFA,2007,7.63364
Burkina Faso,BFA,2008,8.31226
Burkina Faso,BFA,2009,9.44855
Burkina Faso,BFA,2010,9.625391
Burkina Faso,BFA,2011,10.109982
Burkina Faso,BFA,2012,10.836105
Burkina Faso,BFA,2013,13.436649
Burkina Faso,BFA,2014,12.525313
Burkina Faso,BFA,2015,13.046285
Burkina Faso,BFA,2016,15.006534
Burkina Faso,BFA,2017,16.403522
Burkina Faso,BFA,2018,17.911152
Burkina Faso,BFA,2019,22.255772
Burkina Faso,BFA,2020,22.69456
Burkina Faso,BFA,2021,23.17026
Burkina Faso,BFA,2022,20.487392
Burkina Faso,BFA,2023,19.506649
Burkina Faso,BFA,2024,17.632904
Burundi,BDI,2000,6.59503
Burundi,BDI,2001,6.25853
Burundi,BDI,2002,6.0738
Burundi,BDI,2003,5.91011
Burundi,BDI,2004,6.7111
Burundi,BDI,2005,7.22115
Burundi,BDI,2006,7.21312
Burundi,BDI,2007,8.05004
Burundi,BDI,2009,10.68374
Burundi,BDI,2010,12.29771
Burundi,BDI,2011,13.91409
Burundi,BDI,2012,15.49139
Burundi,BDI,2013,18.495243
Burundi,BDI,2014,22.527918
Burundi,BDI,2015,26.436892
Burundi,BDI,2016,30.609373
Burundi,BDI,2017,42.095215
Burundi,BDI,2018,44.425045
Burundi,BDI,2019,39.612755
Burundi,BDI,2020,46.803585
Burundi,BDI,2025,18.43408
Cambodia,KHM,1998,9.54495
Cambodia,KHM,1999,9.91475
Cambodia,KHM,2000,12.51843
Cambodia,KHM,2001,11.89056
Cambodia,KHM,2002,12.67976
Cambodia,KHM,2003,14.64407
Cambodia,KHM,2004,17.07504
Cambodia,KHM,2006,21.92813
Cambodia,KHM,2007,23.87828
Cambodia,KHM,2008,27.53633
Cambodia,KHM,2017,32.54018
Cambodia,KHM,2018,34.973705
Cambodia,KHM,2019,36.372253
Cambodia,KHM,2020,36.74488
Cambodia,KHM,2021,41.686565
Cambodia,KHM,2022,40.35426
Cambodia,KHM,2023,42.733017
Cambodia,KHM,2024,46.201485
Cameroon,CMR,2003,20.12991
Cameroon,CMR,2004,19.87311
Cameroon,CMR,2005,20.04142
Cameroon,CMR,2006,15.56241
Cameroon,CMR,2007,22.96009
Cameroon,CMR,2008,28.39632
Cameroon,CMR,2009,29.8739
Cameroon,CMR,2011,34.18149
Cameroon,CMR,2012,37.83026
Cameroon,CMR,2013,44.62681
Cameroon,CMR,2014,43.923317
Cameroon,CMR,2015,45.431595
Cameroon,CMR,2016,46.03802
Cameroon,CMR,2020,42.909927
Cameroon,CMR,2021,43.310863
Cameroon,CMR,2022,39.33772
Cameroon,CMR,2023,40.823986
Canada,CAN,2000,105.17067
Canada,CAN,2005,101.4979
Canada,CAN,2006,101.0798
Canada,CAN,2007,102.21822
Canada,CAN,2008,103.01208
Canada,CAN,2009,104.07092
Canada,CAN,2010,103.70279
Canada,CAN,2011,104.15701
Canada,CAN,2012,119.56679
Canada,CAN,2013,120.95356
Canada,CAN,2014,121.86822
Canada,CAN,2015,122.05067
Canada,CAN,2016,116.29708
Canada,CAN,2017,117.26734
Canada,CAN,2018,117.224
Canada,CAN,2019,117.14883
Canada,CAN,2020,114.85336
Canada,CAN,2021,113.98348
Canada,CAN,2022,111.9647
Canada,CAN,2023,109.96991
Cape Verde,CPV,2001,46.96688
Cape Verde,CPV,2002,48.59475
Cape Verde,CPV,2003,46.55741
Cape Verde,CPV,2004,46.90824
Cape Verde,CPV,2005,46.78337
Cape Verde,CPV,2006,63.15105
Cape Verde,CPV,2007,61.40073
Cape Verde,CPV,2008,63.51121
Cape Verde,CPV,2009,60.63951
Cape Verde,CPV,2010,63.348045
Cape Verde,CPV,2011,64.55982
Cape Verde,CPV,2012,69.92669
Cape Verde,CPV,2013,73.21693
Cape Verde,CPV,2014,75.32617
Cape Verde,CPV,2015,77.499756
Cape Verde,CPV,2016,79.83156
Cape Verde,CPV,2017,81.36752
Cape Verde,CPV,2018,78.10477
Cape Verde,CPV,2019,79.98443
Cape Verde,CPV,2020,83.80521
Cape Verde,CPV,2021,78.48523
Cape Verde,CPV,2022,81.06397
Cayman Islands,CYM,1999,86.18026
Cayman Islands,CYM,2000,91.47351
Cayman Islands,CYM,2001,80.65967
Cayman Islands,CYM,2002,73.71795
Cayman Islands,CYM,2004,76.0929
Cayman Islands,CYM,2005,77.07924
Cayman Islands,CYM,2006,80.125
Cayman Islands,CYM,2007,84.54106
Cayman Islands,CYM,2008,90.53254
Cayman Islands,CYM,2011,88.20453
Cayman Islands,CYM,2012,81.3449
Cayman Islands,CYM,2013,78.2881
Cayman Islands,CYM,2018,84.29487
Cayman Islands,CYM,2019,80.78348
Cayman Islands,CYM,2020,81.35593
Cayman Islands,CYM,2021,83.193695
Cayman Islands,CYM,2022,81.16343
Cayman Islands,CYM,2023,75.29361
Cayman Islands,CYM,2024,71.63682
Central African Republic,CAF,1991,6.94346
Central African Republic,CAF,1992,5.95691
Central African Republic,CAF,2001,7.52176
Central African Republic,CAF,2002,7.53144
Central African Republic,CAF,2009,6.88916
Central African Republic,CAF,2011,8.23882
Central African Republic,CAF,2012,8.24053
Central African Republic,CAF,2016,8.86498
Central African Republic,CAF,2017,8.58481
Central and Southern Asia (SDG),,1999,32.56005
Central and Southern Asia (SDG),,2000,35.00539
Central and Southern Asia (SDG),,2001,34.46699
Central and Southern Asia (SDG),,2002,35.6237
Central and Southern Asia (SDG),,2003,37.33248
Central and Southern Asia (SDG),,2004,38.18926
Central and Southern Asia (SDG),,2005,39.17272
Central and Southern Asia (SDG),,2006,40.91335
Central and Southern Asia (SDG),,2007,41.57462
Central and Southern Asia (SDG),,2008,45.26669
Central and Southern Asia (SDG),,2009,46.00137
Central and Southern Asia (SDG),,2010,47.89482
Central and Southern Asia (SDG),,2011,49.90222
Central and Southern Asia (SDG),,2012,53.09573
Central and Southern Asia (SDG),,2013,52.67515
Central and Southern Asia (SDG),,2014,57.92055
Central and Southern Asia (SDG),,2015,57.73966
Central and Southern Asia (SDG),,2016,59.78761
Central and Southern Asia (SDG),,2017,58.04096
Central and Southern Asia (SDG),,2018,60.48928
Central and Southern Asia (SDG),,2019,61.29987
Central and Southern Asia (SDG),,2020,63.6059
Central and Southern Asia (SDG),,2021,65.96684
Central and Southern Asia (SDG),,2022,65.94371
Central and Southern Asia (SDG),,2023,65.45725
Central and Southern Asia (SDG),,2024,64.60978
Chad,TCD,1995,4.41975
Chad,TCD,1998,6.1631
Chad,TCD,1999,6.54416
Chad,TCD,2000,8.14986
Chad,TCD,2001,8.6389
Chad,TCD,2002,9.19937
Chad,TCD,2003,9.71819
Chad,TCD,2004,10.02178
Chad,TCD,2005,10.34215
Chad,TCD,2006,10.67925
Chad,TCD,2007,11.83133
Chad,TCD,2008,14.55657
Chad,TCD,2009,16.32289
Chad,TCD,2010,16.194717
Chad,TCD,2011,17.61147
Chad,TCD,2012,16.750927
Chad,TCD,2013,17.639107
Chad,TCD,2015,16.958538
Chad,TCD,2016,16.630163
Chad,TCD,2017,15.659016
Chad,TCD,2018,15.064738
Chad,TCD,2019,16.836962
Chad,TCD,2021,19.715143
Chad,TCD,2022,20.409733
Chad,TCD,2023,19.857481
Chad,TCD,2024,18.461945
Chile,CHL,2000,79.53382
Chile,CHL,2002,84.44841
Chile,CHL,2003,86.15842
Chile,CHL,2004,86.03938
Chile,CHL,2005,86.90065
Chile,CHL,2006,86.77627
Chile,CHL,2007,86.50602
Chile,CHL,2008,86.35967
Chile,CHL,2009,84.75005
Chile,CHL,2010,87.51409
Chile,CHL,2011,87.95495
Chile,CHL,2012,85.76779
Chile,CHL,2013,97.21552
Chile,CHL,2014,97.76337
Chile,CHL,2015,99.35754
Chile,CHL,2016,100.07777
Chile,CHL,2017,101.14877
Chile,CHL,2018,102.26011
Chile,CHL,2019,104.89551
Chile,CHL,2020,103.22574
Chile,CHL,2021,107.33716
Chile,CHL,2022,106.29095
Chile,CHL,2023,105.56139
Chile,CHL,2024,104.91946
China,CHN,1996,29.88764
China,CHN,1997,30.9223
China,CHN,1999,35.37345
China,CHN,2000,36.22807
China,CHN,2001,37.02228
China,CHN,2002,37.1104
China,CHN,2003,39.22356
China,CHN,2006,50.9451
China,CHN,2007,57.78834
China,CHN,2008,65.40947
China,CHN,2009,74.14534
China,CHN,2010,78.233635
China,CHN,2011,80.52394
China,CHN,2012,82.423584
China,CHN,2013,88.30117
China,CHN,2014,86.60977
China,CHN,2015,84.76137
China,CHN,2016,82.073044
China,CHN,2017,81.43236
China,CHN,2018,82.010376
China,CHN,2019,83.237495
China,CHN,2020,84.5372
China,CHN,2021,87.43241
China,CHN,2022,89.84449
China,CHN,2023,91.47389
China,CHN,2024,90.171135
Colombia,COL,2000,61.01835
Colombia,COL,2002,61.07137
Colombia,COL,2004,65.67222
Colombia,COL,2005,69.20973
Colombia,COL,2006,73.95015
Colombia,COL,2007,75.66904
Colombia,COL,2008,75.7158
Colombia,COL,2009,80.42836
Colombia,COL,2010,82.76135
Colombia,COL,2011,83.96556
Colombia,COL,2012,78.72636
Colombia,COL,2013,80.46677
Colombia,COL,2014,79.37525
Colombia,COL,2015,80.06948
Colombia,COL,2016,82.04825
Colombia,COL,2017,82.93897
Colombia,COL,2018,83.25185
Colombia,COL,2019,85.12277
Colombia,COL,2020,85.81388
Colombia,COL,2021,89.42546
Colombia,COL,2022,90.13492
Comoros,COM,1999,19.92493
Comoros,COM,2002,28.13607
Comoros,COM,2003,32.69671
Comoros,COM,2004,34.84608
Comoros,COM,2013,49.714806
Comoros,COM,2014,53.11809
Comoros,COM,2017,46.731728
Comoros,COM,2018,46.32846
Comoros,COM,2022,46.72769
Congo,COG,1996,29.75745
Congo,COG,2002,20.36355
Congo,COG,2003,21.39853
Congo,COG,2004,22.84383
Congo,COG,2012,34.43283
Cook Islands,COK,1998,41.9279
Cook Islands,COK,1999,43.95062
Cook Islands,COK,2000,55.88889
Cook Islands,COK,2001,58.33333
Cook Islands,COK,2002,64.06429
Cook Islands,COK,2003,65.72077
Cook Islands,COK,2010,72.54054
Cook Islands,COK,2011,66.05005
Cook Islands,COK,2012,78.65044
Cook Islands,COK,2013,68.71445
Cook Islands,COK,2014,70.08149
Cook Islands,COK,2015,73.22275
Cook Islands,COK,2016,70.321815
Cook Islands,COK,2017,71.04945
Cook Islands,COK,2018,78.24968
Cook Islands,COK,2019,82.3765
Cook Islands,COK,2020,81.23288
Cook Islands,COK,2021,88.934425
Cook Islands,COK,2022,84.26051
Cook Islands,COK,2023,82.01343
Cook Islands,COK,2024,81.902245
Costa Rica,CRI,2002,48.29306
Costa Rica,CRI,2004,55.50879
Costa Rica,CRI,2005,57.13001
Costa Rica,CRI,2006,60.97367
Costa Rica,CRI,2007,63.81153
Costa Rica,CRI,2008,65.18844
Costa Rica,CRI,2009,71.16205
Costa Rica,CRI,2010,73.03189
Costa Rica,CRI,2011,73.78248
Costa Rica,CRI,2012,78.08215
Costa Rica,CRI,2013,90.11091
Costa Rica,CRI,2014,98.73176
Costa Rica,CRI,2015,103.12008
Costa Rica,CRI,2016,107.10815
Costa Rica,CRI,2017,112.93376
Costa Rica,CRI,2018,120.35132
Costa Rica,CRI,2019,135.12584
Costa Rica,CRI,2020,141.38976
Costa Rica,CRI,2021,157.47185
Costa Rica,CRI,2022,144.19997
Costa Rica,CRI,2023,136.02727
Costa Rica,CRI,2024,131.25278
Cote d'Ivoire,CIV,1999,13.04962
Cote d'Ivoire,CIV,2012,26.808058
Cote d'Ivoire,CIV,2014,26.677788
Cote d'Ivoire,CIV,2015,28.59778
Cote d'Ivoire,CIV,2016,29.23433
Cote d'Ivoire,CIV,2017,30.858896
Cote d'Ivoire,CIV,2018,33.069256
Cote d'Ivoire,CIV,2019,34.53291
Cote d'Ivoire,CIV,2020,36.35847
Cote d'Ivoire,CIV,2021,37.41247
Cote d'Ivoire,CIV,2022,38.109844
Cote d'Ivoire,CIV,2023,43.280533
Cote d'Ivoire,CIV,2024,43.525078
Croatia,HRV,2001,87.67468
Croatia,HRV,2002,88.83989
Croatia,HRV,2003,90.80417
Croatia,HRV,2004,92.1589
Croatia,HRV,2005,92.41799
Croatia,HRV,2006,92.23321
Croatia,HRV,2007,91.81523
Croatia,HRV,2008,92.32925
Croatia,HRV,2009,91.94999
Croatia,HRV,2010,92.36695
Croatia,HRV,2011,93.28473
Croatia,HRV,2012,93.47766
Croatia,HRV,2013,96.06685
Croatia,HRV,2014,96.46495
Croatia,HRV,2015,96.69216
Croatia,HRV,2016,96.97842
Croatia,HRV,2017,98.03711
Croatia,HRV,2018,98.61339
Croatia,HRV,2019,97.6878
Croatia,HRV,2020,98.40944
Croatia,HRV,2021,98.65061
Croatia,HRV,2022,98.33992
Croatia,HRV,2023,97.69877
Cuba,CUB,1996,78.05848
Cuba,CUB,1997,75.18027
Cuba,CUB,1999,57.53075
Cuba,CUB,2000,61.08524
Cuba,CUB,2001,68.05946
Cuba,CUB,2002,76.6681
Cuba,CUB,2003,83.30559
Cuba,CUB,2004,83.09525
Cuba,CUB,2005,86.44243
Cuba,CUB,2006,89.42345
Cuba,CUB,2007,89.61521
Cuba,CUB,2008,88.62619
Cuba,CUB,2009,87.96784
Cuba,CUB,2010,88.41987
Cuba,CUB,2011,88.64488
Cuba,CUB,2012,84.36734
Cuba,CUB,2013,86.37326
Cuba,CUB,2014,96.73653
Cuba,CUB,2015,96.861946
Cuba,CUB,2016,99.233315
Cuba,CUB,2017,99.740715
Cuba,CUB,2018,101.038284
Cuba,CUB,2019,103.86337
Cuba,CUB,2020,106.91561
Cuba,CUB,2021,107.030655
Cuba,CUB,2022,111.48505
Cuba,CUB,2023,96.89375
Cuba,CUB,2024,90.06737
Curacao,CUW,2013,79.20354
Curacao,CUW,2020,156.4862
Curacao,CUW,2023,71.507645
Curacao,CUW,2024,74
Cyprus,CYP,2001,89.58542
Cyprus,CYP,2002,93.08076
Cyprus,CYP,2003,95.68497
Cyprus,CYP,2004,92.99773
Cyprus,CYP,2005,93.28203
Cyprus,CYP,2006,92.65724
Cyprus,CYP,2007,92.85877
Cyprus,CYP,2008,88.06996
Cyprus,CYP,2009,87.42475
Cyprus,CYP,2010,87.04854
Cyprus,CYP,2011,90.24757
Cyprus,CYP,2012,92.50698
Cyprus,CYP,2013,96.78566
Cyprus,CYP,2014,97.05039
Cyprus,CYP,2015,99.27246
Cyprus,CYP,2016,99.11492
Cyprus,CYP,2017,99.69187
Cyprus,CYP,2018,99.29779
Cyprus,CYP,2019,100.28316
Cyprus,CYP,2020,101.63169
Cyprus,CYP,2021,101.18429
Cyprus,CYP,2022,104.11851
Cyprus,CYP,2023,105.5906
Cyprus,CYP,2024,108.661
Czechia,CZE,2001,89.46662
Czechia,CZE,2002,91.22702
Czechia,CZE,2003,92.99787
Czechia,CZE,2004,91.73114
Czechia,CZE,2005,93.11933
Czechia,CZE,2006,92.89093
Czechia,CZE,2007,92.94351
Czechia,CZE,2008,92.85496
Czechia,CZE,2009,92.57745
Czechia,CZE,2010,95.37842
Czechia,CZE,2011,97.30857
Czechia,CZE,2012,98.73779
Czechia,CZE,2013,112.56736
Czechia,CZE,2014,111.73999
Czechia,CZE,2015,109.81033
Czechia,CZE,2016,107.11063
Czechia,CZE,2017,106.18205
Czechia,CZE,2018,105.21845
Czechia,CZE,2019,104.23001
Czechia,CZE,2020,102.80788
Czechia,CZE,2021,105.42469
Czechia,CZE,2022,107.02763
Czechia,CZE,2023,94.91137
Democratic Republic of Congo,COD,2007,27.0093
Democratic Republic of Congo,COD,2008,30.35415
Democratic Republic of Congo,COD,2009,31.8252
Democratic Republic of Congo,COD,2010,31.93415
Democratic Republic of Congo,COD,2011,33.24862
Democratic Republic of Congo,COD,2012,33.14837
Democratic Republic of Congo,COD,2013,32.57938
Democratic Republic of Congo,COD,2014,34.5844
Democratic Republic of Congo,COD,2015,35.03945
Democratic Republic of Congo,COD,2021,46.43969
Democratic Republic of Congo,COD,2023,46.59227
Denmark,DNK,2001,142.33652
Denmark,DNK,2002,132.54425
Denmark,DNK,2003,128.60793
Denmark,DNK,2004,126.44581
Denmark,DNK,2005,126.7708
Denmark,DNK,2006,121.52474
Denmark,DNK,2007,119.84908
Denmark,DNK,2008,118.75649
Denmark,DNK,2009,118.7435
Denmark,DNK,2010,122.06609
Denmark,DNK,2011,126.2954
Denmark,DNK,2012,130.06956
Denmark,DNK,2013,143.67807
Denmark,DNK,2014,145.60713
Denmark,DNK,2015,148.30676
Denmark,DNK,2016,143.59052
Denmark,DNK,2017,141.353
Denmark,DNK,2018,139.74107
Denmark,DNK,2019,138.27245
Denmark,DNK,2020,140.72029
Denmark,DNK,2021,144.98059
Denmark,DNK,2022,142.0314
Denmark,DNK,2023,134.85564
Denmark,DNK,2024,131.92422
Dominica,DMA,1999,66.6789
Dominica,DMA,2000,71.32539
Dominica,DMA,2001,77.86618
Dominica,DMA,2002,83.96749
Dominica,DMA,2003,91.00651
Dominica,DMA,2004,89.96853
Dominica,DMA,2005,92.03187
Dominica,DMA,2006,88.27258
Dominica,DMA,2007,86.49805
Dominica,DMA,2008,87.29072
Dominica,DMA,2009,92.43284
Dominica,DMA,2010,93.80769
Dominica,DMA,2011,95.36741
Dominica,DMA,2012,101.54723
Dominica,DMA,2013,99.13495
Dominica,DMA,2014,83.58025
Dominica,DMA,2015,82.15345
Dominica,DMA,2016,84.79435
Dominica,DMA,2019,95.131294
Dominica,DMA,2020,95.17471
Dominica,DMA,2021,96.88716
Dominica,DMA,2022,97.21116
Dominica,DMA,2023,95.14451
Dominican Republic,DOM,1998,49.81349
Dominican Republic,DOM,1999,51.79107
Dominican Republic,DOM,2000,56.43515
Dominican Republic,DOM,2002,65.66813
Dominican Republic,DOM,2004,63.48467
Dominican Republic,DOM,2005,65.22572
Dominican Republic,DOM,2007,76.90052
Dominican Republic,DOM,2008,73.59679
Dominican Republic,DOM,2009,74.90884
Dominican Republic,DOM,2010,71.336235
Dominican Republic,DOM,2011,72.93326
Dominican Republic,DOM,2012,74.11978
Dominican Republic,DOM,2013,74.65393
Dominican Republic,DOM,2014,75.42627
Dominican Republic,DOM,2015,75.22362
Dominican Republic,DOM,2016,68.729614
Dominican Republic,DOM,2017,67.7849
Dominican Republic,DOM,2018,68.326385
Dominican Republic,DOM,2019,70.42013
Dominican Republic,DOM,2020,67.77891
Dominican Republic,DOM,2021,66.419464
Dominican Republic,DOM,2022,62.623287
Dominican Republic,DOM,2023,61.248577
Dominican Republic,DOM,2024,61.41142
East Asia and Pacific (WB),WB_EAP,1994,34.62056
East Asia and Pacific (WB),WB_EAP,1995,36.45096
East Asia and Pacific (WB),WB_EAP,1996,37.75327
East Asia and Pacific (WB),WB_EAP,1997,38.83748
East Asia and Pacific (WB),WB_EAP,1998,41.78361
East Asia and Pacific (WB),WB_EAP,1999,42.61298
East Asia and Pacific (WB),WB_EAP,2000,42.99123
East Asia and Pacific (WB),WB_EAP,2001,43.26667
East Asia and Pacific (WB),WB_EAP,2002,43.04511
East Asia and Pacific (WB),WB_EAP,2003,44.40451
East Asia and Pacific (WB),WB_EAP,2004,46.8496
East Asia and Pacific (WB),WB_EAP,2005,49.69099
East Asia and Pacific (WB),WB_EAP,2006,52.8263
East Asia and Pacific (WB),WB_EAP,2007,58.26372
East Asia and Pacific (WB),WB_EAP,2008,63.52992
East Asia and Pacific (WB),WB_EAP,2009,70.01273
East Asia and Pacific (WB),WB_EAP,2010,72.66927
East Asia and Pacific (WB),WB_EAP,2011,75.07033
East Asia and Pacific (WB),WB_EAP,2012,76.84347
East Asia and Pacific (WB),WB_EAP,2013,80.74332
East Asia and Pacific (WB),WB_EAP,2014,81.31799
East Asia and Pacific (WB),WB_EAP,2015,80.81676
East Asia and Pacific (WB),WB_EAP,2016,78.88046
East Asia and Pacific (WB),WB_EAP,2017,79.17835
East Asia and Pacific (WB),WB_EAP,2018,79.18487
East Asia and Pacific (WB),WB_EAP,2019,80.52628
East Asia and Pacific (WB),WB_EAP,2020,81.37492
East Asia and Pacific (WB),WB_EAP,2021,83.34755
East Asia and Pacific (WB),WB_EAP,2022,85.3716
East Asia and Pacific (WB),WB_EAP,2023,86.98464
East Asia and Pacific (WB),WB_EAP,2024,86.04266
East Timor,TLS,2001,31.36897
East Timor,TLS,2002,35.61813
East Timor,TLS,2003,34.41798
East Timor,TLS,2008,41.43326
East Timor,TLS,2009,51.77391
East Timor,TLS,2010,56.96423
East Timor,TLS,2011,60.6914
East Timor,TLS,2012,64.20193
East Timor,TLS,2013,61.109898
East Timor,TLS,2014,59.888847
East Timor,TLS,2015,60.5008
East Timor,TLS,2016,63.938526
East Timor,TLS,2017,69.41994
East Timor,TLS,2018,72.88684
East Timor,TLS,2019,77.06625
East Timor,TLS,2020,76.7668
Eastern and South-Eastern Asia (SDG),,1994,33.72124
Eastern and South-Eastern Asia (SDG),,1995,35.4609
Eastern and South-Eastern Asia (SDG),,1996,36.76732
Eastern and South-Eastern Asia (SDG),,1997,37.81651
Eastern and South-Eastern Asia (SDG),,1998,40.82081
Eastern and South-Eastern Asia (SDG),,1999,41.66856
Eastern and South-Eastern Asia (SDG),,2000,42.05831
Eastern and South-Eastern Asia (SDG),,2001,42.32043
Eastern and South-Eastern Asia (SDG),,2002,42.10589
Eastern and South-Eastern Asia (SDG),,2003,43.50138
Eastern and South-Eastern Asia (SDG),,2004,45.99279
Eastern and South-Eastern Asia (SDG),,2005,48.85018
Eastern and South-Eastern Asia (SDG),,2006,52.02321
Eastern and South-Eastern Asia (SDG),,2007,57.49155
Eastern and South-Eastern Asia (SDG),,2008,62.79466
Eastern and South-Eastern Asia (SDG),,2009,69.289
Eastern and South-Eastern Asia (SDG),,2010,71.99092
Eastern and South-Eastern Asia (SDG),,2011,74.41986
Eastern and South-Eastern Asia (SDG),,2012,76.21444
Eastern and South-Eastern Asia (SDG),,2013,80.17197
Eastern and South-Eastern Asia (SDG),,2014,80.73074
Eastern and South-Eastern Asia (SDG),,2015,80.19928
Eastern and South-Eastern Asia (SDG),,2016,78.24974
Eastern and South-Eastern Asia (SDG),,2017,78.56817
Eastern and South-Eastern Asia (SDG),,2018,78.69184
Eastern and South-Eastern Asia (SDG),,2019,79.8503
Eastern and South-Eastern Asia (SDG),,2020,80.7941
Eastern and South-Eastern Asia (SDG),,2021,82.80717
Eastern and South-Eastern Asia (SDG),,2022,84.89097
Eastern and South-Eastern Asia (SDG),,2023,86.4902
Eastern and South-Eastern Asia (SDG),,2024,85.54868
Ecuador,ECU,2000,49.31418
Ecuador,ECU,2001,49.39392
Ecuador,ECU,2002,50.04782
Ecuador,ECU,2003,49.25991
Ecuador,ECU,2004,50.06317
Ecuador,ECU,2005,52.10957
Ecuador,ECU,2006,53.68361
Ecuador,ECU,2007,55.0031
Ecuador,ECU,2009,72.48186
Ecuador,ECU,2010,78.58543
Ecuador,ECU,2011,84.260086
Ecuador,ECU,2012,88.17648
Ecuador,ECU,2013,90.46666
Ecuador,ECU,2014,93.02736
Ecuador,ECU,2015,94.14794
Ecuador,ECU,2016,96.43735
Ecuador,ECU,2017,96.01747
Ecuador,ECU,2018,93.363945
Ecuador,ECU,2019,89.7836
Ecuador,ECU,2020,89.80789
Ecuador,ECU,2021,91.81302
Ecuador,ECU,2022,92.15225
Ecuador,ECU,2023,90.54939
Egypt,EGY,1995,63.61716
Egypt,EGY,1996,58.88461
Egypt,EGY,1999,63.82436
Egypt,EGY,2000,64.88055
Egypt,EGY,2001,67.53278
Egypt,EGY,2002,64.58501
Egypt,EGY,2003,69.54498
Egypt,EGY,2004,68.88287
Egypt,EGY,2009,43.58398
Egypt,EGY,2010,45.28694
Egypt,EGY,2011,59.87739
Egypt,EGY,2012,61.89131
Egypt,EGY,2013,63.61282
Egypt,EGY,2014,62.205288
Egypt,EGY,2016,64.94018
Egypt,EGY,2017,66.62488
Egypt,EGY,2018,67.774994
Egypt,EGY,2019,68.039986
Egypt,EGY,2020,69.97589
Egypt,EGY,2021,71.67856
Egypt,EGY,2022,67.89415
Egypt,EGY,2023,74.48
Egypt,EGY,2024,74.20016
El Salvador,SLV,1998,37.59725
El Salvador,SLV,1999,36.61555
El Salvador,SLV,2000,39.86868
El Salvador,SLV,2001,40.3003
El Salvador,SLV,2002,43.07387
El Salvador,SLV,2003,46.473
El Salvador,SLV,2004,51.971
El Salvador,SLV,2005,50.9079
El Salvador,SLV,2006,50.94399
El Salvador,SLV,2007,50.69479
El Salvador,SLV,2008,47.96859
El Salvador,SLV,2009,47.37731
El Salvador,SLV,2010,46.68113
El Salvador,SLV,2011,48.14847
El Salvador,SLV,2012,49.57385
El Salvador,SLV,2013,55.41505
El Salvador,SLV,2014,55.54793
El Salvador,SLV,2015,54.60269
El Salvador,SLV,2016,53.77156
El Salvador,SLV,2017,52.04243
El Salvador,SLV,2018,52.57298
El Salvador,SLV,2019,51.78561
El Salvador,SLV,2020,52.2799
El Salvador,SLV,2021,52.65299
El Salvador,SLV,2022,52.14233
El Salvador,SLV,2023,52.3761
El Salvador,SLV,2024,52.08368
Equatorial Guinea,GNQ,1999,5.76599
Equatorial Guinea,GNQ,2000,5.51144
Equatorial Guinea,GNQ,2001,6.92067
Equatorial Guinea,GNQ,2002,7.89941
Equatorial Guinea,GNQ,2005,6.47958
Eritrea,ERI,1996,22.04021
Eritrea,ERI,1997,22.9845
Eritrea,ERI,1999,26.56445
Eritrea,ERI,2000,32.47868
Eritrea,ERI,2001,33.67595
Eritrea,ERI,2002,34.33852
Eritrea,ERI,2003,34.04297
Eritrea,ERI,2004,31.69551
Eritrea,ERI,2005,33.61564
Eritrea,ERI,2006,33.65438
Eritrea,ERI,2007,32.55342
Eritrea,ERI,2008,35.12261
Eritrea,ERI,2009,36.47004
Eritrea,ERI,2010,37.61817
Eritrea,ERI,2011,38.69738
Eritrea,ERI,2012,35.35305
Eritrea,ERI,2013,38.31118
Eritrea,ERI,2014,39.31539
Eritrea,ERI,2015,33.43703
Eritrea,ERI,2017,29.97573
Eritrea,ERI,2018,28.26827
Eritrea,ERI,2022,26.54326
Estonia,EST,2001,90.32415
Estonia,EST,2002,93.48222
Estonia,EST,2003,92.75505
Estonia,EST,2004,95.0982
Estonia,EST,2005,98.29382
Estonia,EST,2006,97.6997
Estonia,EST,2007,99.9028
Estonia,EST,2008,101.67225
Estonia,EST,2009,105.04854
Estonia,EST,2010,112.28939
Estonia,EST,2011,116.30096
Estonia,EST,2012,118.2327
Estonia,EST,2013,114.99005
Estonia,EST,2014,111.66436
Estonia,EST,2015,113.65553
Estonia,EST,2016,120.53821
Estonia,EST,2017,123.11571
Estonia,EST,2018,123.50758
Estonia,EST,2019,122.47661
Estonia,EST,2020,123.4996
Estonia,EST,2021,125.21674
Estonia,EST,2022,123.15957
Estonia,EST,2023,115.65488
Estonia,EST,2024,114.98609
Eswatini,SWZ,1987,22.65883
Eswatini,SWZ,1996,33.82042
Eswatini,SWZ,1998,33.76423
Eswatini,SWZ,1999,31.94919
Eswatini,SWZ,2000,31.54115
Eswatini,SWZ,2001,30.32823
Eswatini,SWZ,2002,30.22499
Eswatini,SWZ,2003,30.58114
Eswatini,SWZ,2004,35.50042
Eswatini,SWZ,2005,36.79019
Eswatini,SWZ,2006,40.79541
Eswatini,SWZ,2007,41.39863
Eswatini,SWZ,2009,47.17279
Eswatini,SWZ,2010,50.79333
Eswatini,SWZ,2011,53.73886
Eswatini,SWZ,2012,56.32774
Eswatini,SWZ,2013,56.32257
Eswatini,SWZ,2014,60.76101
Eswatini,SWZ,2015,63.35983
Eswatini,SWZ,2016,71.305984
Ethiopia,ETH,1994,8.11786
Ethiopia,ETH,1995,8.15911
Ethiopia,ETH,1996,8.55437
Ethiopia,ETH,1999,7.1588
Ethiopia,ETH,2000,8.33347
Ethiopia,ETH,2001,12.79936
Ethiopia,ETH,2002,10.93239
Ethiopia,ETH,2003,5.39834
Ethiopia,ETH,2004,6.10921
Ethiopia,ETH,2005,6.29567
Ethiopia,ETH,2006,7.46338
Ethiopia,ETH,2007,10.65591
Ethiopia,ETH,2008,11.7835
Ethiopia,ETH,2009,13.82675
Ethiopia,ETH,2010,15.26379
Ethiopia,ETH,2011,16.15541
Ethiopia,ETH,2012,16.92031
Ethiopia,ETH,2015,17.035442
Europe and Central Asia (WB),WB_ECA,1999,92.17328
Europe and Central Asia (WB),WB_ECA,2000,93.38472
Europe and Central Asia (WB),WB_ECA,2001,94.55568
Europe and Central Asia (WB),WB_ECA,2002,96.23081
Europe and Central Asia (WB),WB_ECA,2003,97.70855
Europe and Central Asia (WB),WB_ECA,2004,95.4768
Europe and Central Asia (WB),WB_ECA,2005,94.69113
Europe and Central Asia (WB),WB_ECA,2006,94.93927
Europe and Central Asia (WB),WB_ECA,2007,95.05983
Europe and Central Asia (WB),WB_ECA,2008,95.35448
Europe and Central Asia (WB),WB_ECA,2009,93.67356
Europe and Central Asia (WB),WB_ECA,2010,96.63047
Europe and Central Asia (WB),WB_ECA,2011,97.90093
Europe and Central Asia (WB),WB_ECA,2012,98.35782
Europe and Central Asia (WB),WB_ECA,2013,108.28268
Europe and Central Asia (WB),WB_ECA,2014,109.53929
Europe and Central Asia (WB),WB_ECA,2015,109.74552
Europe and Central Asia (WB),WB_ECA,2016,108.9961
Europe and Central Asia (WB),WB_ECA,2017,109.04188
Europe and Central Asia (WB),WB_ECA,2018,108.66943
Europe and Central Asia (WB),WB_ECA,2019,108.75998
Europe and Central Asia (WB),WB_ECA,2020,102.84846
Europe and Central Asia (WB),WB_ECA,2021,104.85966
Europe and Central Asia (WB),WB_ECA,2022,104.77483
Europe and Central Asia (WB),WB_ECA,2023,103.19283
Europe and Central Asia (WB),WB_ECA,2024,104.44228
Europe and Northern America (SDG),,1999,92.7127
Europe and Northern America (SDG),,2000,94.1725
Europe and Northern America (SDG),,2001,95.26425
Europe and Northern America (SDG),,2002,95.73297
Europe and Northern America (SDG),,2003,96.28992
Europe and Northern America (SDG),,2004,95.18873
Europe and Northern America (SDG),,2005,96.26195
Europe and Northern America (SDG),,2006,95.658
Europe and Northern America (SDG),,2007,95.38088
Europe and Northern America (SDG),,2008,96.05606
Europe and Northern America (SDG),,2009,96.74505
Europe and Northern America (SDG),,2010,98.8012
Europe and Northern America (SDG),,2011,99.35658
Europe and Northern America (SDG),,2012,100.89001
Europe and Northern America (SDG),,2013,106.88155
Europe and Northern America (SDG),,2014,107.43302
Europe and Northern America (SDG),,2015,107.09704
Europe and Northern America (SDG),,2016,106.09582
Europe and Northern America (SDG),,2017,105.65491
Europe and Northern America (SDG),,2018,105.64355
Europe and Northern America (SDG),,2019,105.98668
Europe and Northern America (SDG),,2020,101.39165
Europe and Northern America (SDG),,2021,102.13987
Europe and Northern America (SDG),,2022,100.51875
Europe and Northern America (SDG),,2023,99.40527
Europe and Northern America (SDG),,2024,99.58519
European Union (27),OWID_EU27,1999,99.64705
European Union (27),OWID_EU27,2000,98.67016
European Union (27),OWID_EU27,2001,100.83495
European Union (27),OWID_EU27,2002,102.07181
European Union (27),OWID_EU27,2003,102.58255
European Union (27),OWID_EU27,2004,98.50726
European Union (27),OWID_EU27,2005,100.70078
European Union (27),OWID_EU27,2006,101.66429
European Union (27),OWID_EU27,2007,101.65717
European Union (27),OWID_EU27,2008,104.16375
European Union (27),OWID_EU27,2009,104.71561
European Union (27),OWID_EU27,2010,107.57508
European Union (27),OWID_EU27,2011,109.65317
European Union (27),OWID_EU27,2012,109.69015
European Union (27),OWID_EU27,2013,112.80788
European Union (27),OWID_EU27,2014,112.3233
European Union (27),OWID_EU27,2015,112.00104
European Union (27),OWID_EU27,2016,110.666
European Union (27),OWID_EU27,2017,110.79972
European Union (27),OWID_EU27,2018,111.27256
European Union (27),OWID_EU27,2019,111.48371
European Union (27),OWID_EU27,2020,111.50881
European Union (27),OWID_EU27,2021,112.84296
European Union (27),OWID_EU27,2022,112.70024
European Union (27),OWID_EU27,2023,111.05463
European Union (27),OWID_EU27,2024,111.05463
Fiji,FJI,1998,57.65147
Fiji,FJI,1999,56.31242
Fiji,FJI,2000,57.78344
Fiji,FJI,2001,57.34049
Fiji,FJI,2002,58.13047
Fiji,FJI,2003,60.20742
Fiji,FJI,2004,64.19783
Fiji,FJI,2006,57.73469
Fiji,FJI,2007,57.48672
Fiji,FJI,2008,59.40899
Fiji,FJI,2009,64.13508
Fiji,FJI,2011,72.10404
Fiji,FJI,2012,71.55795
Fiji,FJI,2014,77.389
Fiji,FJI,2015,75.43716
Fiji,FJI,2016,76.47862
Fiji,FJI,2018,77.052666
Fiji,FJI,2019,78.10436
Fiji,FJI,2020,77.57454
Fiji,FJI,2021,82.72555
Fiji,FJI,2022,79.45217
Fiji,FJI,2023,83.9325
Fiji,FJI,2024,80.71722
Finland,FIN,2001,151.63435
Finland,FIN,2002,155.40845
Finland,FIN,2003,162.28133
Finland,FIN,2004,121.60877
Finland,FIN,2005,122.60968
Finland,FIN,2006,120.3876
Finland,FIN,2007,117.45601
Finland,FIN,2008,116.02599
Finland,FIN,2009,114.63618
Finland,FIN,2010,116.30347
Finland,FIN,2011,117.19365
Finland,FIN,2012,118.36
Finland,FIN,2013,185.84615
Finland,FIN,2014,190.13965
Finland,FIN,2015,198.47118
Finland,FIN,2016,201.89902
Finland,FIN,2017,204.2276
Finland,FIN,2018,204.49152
Finland,FIN,2019,187.37347
Finland,FIN,2020,185.41487
Finland,FIN,2021,184.66385
Finland,FIN,2022,188.64206
Finland,FIN,2023,184.31667
Finland,FIN,2024,183.11981
France,FRA,2001,108.19938
France,FRA,2002,105.52661
France,FRA,2003,104.9157
France,FRA,2004,103.73944
France,FRA,2005,107.69549
France,FRA,2006,108.19067
France,FRA,2007,108.6
France,FRA,2008,108.81794
France,FRA,2009,109.66693
France,FRA,2010,111.11902
France,FRA,2011,111.71357
France,FRA,2012,110.72522
France,FRA,2013,108.32003
France,FRA,2014,107.50148
France,FRA,2015,106.96103
France,FRA,2016,106.36287
France,FRA,2017,107.18703
France,FRA,2018,107.3831
France,FRA,2019,107.67211
France,FRA,2020,108.34868
France,FRA,2021,108.78734
France,FRA,2022,109.14243
France,FRA,2023,108.3102
France,FRA,2024,107.91936
Gabon,GAB,1999,26.47179
Gabon,GAB,2001,29.87238
Gabon,GAB,2002,30.83983
Gabon,GAB,2019,47.456413
Gambia,GMB,2008,40.52105
Gambia,GMB,2009,38.85399
Gambia,GMB,2010,37.53677
Gambia,GMB,2021,153.02408
Georgia,GEO,1999,63.66066
Georgia,GEO,2000,65.27239
Georgia,GEO,2001,66.04418
Georgia,GEO,2002,66.61915
Georgia,GEO,2003,68.99088
Georgia,GEO,2004,74.33554
Georgia,GEO,2005,77.02516
Georgia,GEO,2006,81.33388
Georgia,GEO,2007,100.66979
Georgia,GEO,2008,108.04433
Georgia,GEO,2009,100.85007
Georgia,GEO,2013,103.9759
Georgia,GEO,2014,101.44809
Georgia,GEO,2015,103.44088
Georgia,GEO,2016,106.160164
Georgia,GEO,2017,106.51319
Georgia,GEO,2018,106.520294
Georgia,GEO,2019,108.76553
Georgia,GEO,2020,109.10467
Georgia,GEO,2021,114.95165
Georgia,GEO,2022,116.030716
Georgia,GEO,2023,110.06864
Georgia,GEO,2024,101.387314
Germany,DEU,2001,99.54862
Germany,DEU,2002,101.3586
Germany,DEU,2003,100.08285
Germany,DEU,2004,98.70173
Germany,DEU,2005,97.76303
Germany,DEU,2006,100.41496
Germany,DEU,2007,99.00044
Germany,DEU,2008,104.1343
Germany,DEU,2009,101.98626
Germany,DEU,2010,107.67144
Germany,DEU,2011,112.29885
Germany,DEU,2012,110.80566
Germany,DEU,2013,107.95184
Germany,DEU,2014,106.2242
Germany,DEU,2015,104.25081
Germany,DEU,2016,101.63568
Germany,DEU,2017,99.64407
Germany,DEU,2018,99.01349
Germany,DEU,2019,101.53064
Germany,DEU,2020,103.02089
Germany,DEU,2021,103.601
Germany,DEU,2022,102.98488
Germany,DEU,2023,99.41815
Germany,DEU,2024,95.16939
Ghana,GHA,1999,13.60635
Ghana,GHA,2000,12.58614
Ghana,GHA,2001,12.36806
Ghana,GHA,2002,12.36236
Ghana,GHA,2003,15.68413
Ghana,GHA,2004,18.2379
Ghana,GHA,2005,18.04239
Ghana,GHA,2006,18.22316
Ghana,GHA,2007,23.46961
Ghana,GHA,2008,23.73574
Ghana,GHA,2009,25.36756
Ghana,GHA,2011,36.91629
Ghana,GHA,2012,38.49278
Ghana,GHA,2013,54.57603
Ghana,GHA,2014,46.999195
Ghana,GHA,2015,49.04384
Ghana,GHA,2016,50.635715
Ghana,GHA,2017,50.950207
Ghana,GHA,2018,54.348846
Ghana,GHA,2019,60.61775
Ghana,GHA,2020,64.305756
Ghana,GHA,2021,66.73566
Ghana,GHA,2022,73.20103
Ghana,GHA,2024,62.12457
Gibraltar,GIB,1999,96.23431
Gibraltar,GIB,2000,106.10465
Gibraltar,GIB,2001,103.31412
Gibraltar,GIB,2008,106.12777
Gibraltar,GIB,2009,107.18085
Gibraltar,GIB,2016,111.36951
Gibraltar,GIB,2017,108.54272
Gibraltar,GIB,2019,95.23256
Gibraltar,GIB,2020,99.2416
Gibraltar,GIB,2021,96.97987
Gibraltar,GIB,2022,47.0524
Gibraltar,GIB,2023,49.865376
Gibraltar,GIB,2024,57.23438
Greece,GRC,2000,90.84294
Greece,GRC,2001,97.73498
Greece,GRC,2002,102.29232
Greece,GRC,2003,97.56124
Greece,GRC,2004,96.69751
Greece,GRC,2005,101.40247
Greece,GRC,2006,97.719
Greece,GRC,2007,91.60515
Greece,GRC,2010,107.23369
Greece,GRC,2011,110.00543
Greece,GRC,2012,112.58694
Greece,GRC,2013,114.21324
Greece,GRC,2014,109.02785
Greece,GRC,2015,106.418
Greece,GRC,2016,106.5181
Greece,GRC,2017,106.31535
Greece,GRC,2018,106.0022
Greece,GRC,2019,110.825
Greece,GRC,2020,105.24446
Greece,GRC,2021,106.97767
Greece,GRC,2022,109.0023
Greece,GRC,2023,106.54932
Grenada,GRD,2002,96.24395
Grenada,GRD,2003,98.88995
Grenada,GRD,2004,90.55375
Grenada,GRD,2005,90.80818
Grenada,GRD,2009,85.28444
Grenada,GRD,2010,96.53637
Grenada,GRD,2011,103.1492
Grenada,GRD,2013,105.365204
Grenada,GRD,2014,102.43316
Grenada,GRD,2015,103.0563
Grenada,GRD,2016,98.36855
Grenada,GRD,2017,102.72753
Grenada,GRD,2018,108.98425
Grenada,GRD,2020,96.598434
Grenada,GRD,2021,93.94838
Grenada,GRD,2024,93.48263
Guatemala,GTM,1996,18.78102
Guatemala,GTM,1997,18.66025
Guatemala,GTM,1998,20.37426
Guatemala,GTM,1999,19.30396
Guatemala,GTM,2000,20.59296
Guatemala,GTM,2001,21.86479
Guatemala,GTM,2002,23.78313
Guatemala,GTM,2004,26.15412
Guatemala,GTM,2005,27.85642
Guatemala,GTM,2006,29.05964
Guatemala,GTM,2007,29.92333
Guatemala,GTM,2008,30.0406
Guatemala,GTM,2009,31.68084
Guatemala,GTM,2010,35.09569
Guatemala,GTM,2011,36.423374
Guatemala,GTM,2012,37.586807
Guatemala,GTM,2013,37.156208
Guatemala,GTM,2014,36.77398
Guatemala,GTM,2015,36.802895
Guatemala,GTM,2016,37.00796
Guatemala,GTM,2017,37.169956
Guatemala,GTM,2018,37.566322
Guatemala,GTM,2019,36.815063
Guatemala,GTM,2020,36.5534
Guatemala,GTM,2021,33.73696
Guatemala,GTM,2022,31.221386
Guatemala,GTM,2023,31.258608
Guatemala,GTM,2024,32.17969
Guinea,GIN,1996,6.92855
Guinea,GIN,1999,6.67177
Guinea,GIN,2000,7.70105
Guinea,GIN,2001,10.0395
Guinea,GIN,2002,18.71087
Guinea,GIN,2003,15.24605
Guinea,GIN,2004,14.67883
Guinea,GIN,2005,19.20462
Guinea,GIN,2006,21.52325
Guinea,GIN,2008,23.87002
Guinea,GIN,2011,27.72847
Guinea,GIN,2012,27.40457
Guinea,GIN,2014,30.1618
Guinea-Bissau,GNB,2000,10.72544
Guinea-Bissau,GNB,2005,20.19278
Guyana,GUY,1999,67.20709
Guyana,GUY,2000,61.67936
Guyana,GUY,2001,70.46269
Guyana,GUY,2003,50.76097
Guyana,GUY,2005,59.90324
Guyana,GUY,2007,54.06316
Guyana,GUY,2008,55.01778
Guyana,GUY,2009,60.04257
Guyana,GUY,2010,75.38443
Guyana,GUY,2011,85.77945
Guyana,GUY,2012,90.48543
Guyana,GUY,2020,71.98039
Guyana,GUY,2021,73.13939
Guyana,GUY,2023,82.44013
Guyana,GUY,2024,75.90256
High-income countries,OWID_HIC,1999,95.04585
High-income countries,OWID_HIC,2000,96.03413
High-income countries,OWID_HIC,2001,96.88444
High-income countries,OWID_HIC,2002,97.4058
High-income countries,OWID_HIC,2003,97.90093
High-income countries,OWID_HIC,2004,97.08682
High-income countries,OWID_HIC,2005,97.41016
High-income countries,OWID_HIC,2006,97.15696
High-income countries,OWID_HIC,2007,96.55068
High-income countries,OWID_HIC,2008,96.91322
High-income countries,OWID_HIC,2009,97.87508
High-income countries,OWID_HIC,2010,99.8729
High-income countries,OWID_HIC,2011,100.27746
High-income countries,OWID_HIC,2012,101.5122
High-income countries,OWID_HIC,2013,106.62117
High-income countries,OWID_HIC,2014,107.46066
High-income countries,OWID_HIC,2015,107.58625
High-income countries,OWID_HIC,2016,106.76663
High-income countries,OWID_HIC,2017,106.59953
High-income countries,OWID_HIC,2018,106.41862
High-income countries,OWID_HIC,2019,107.25943
High-income countries,OWID_HIC,2020,103.28238
High-income countries,OWID_HIC,2021,104.11628
High-income countries,OWID_HIC,2022,103.39073
High-income countries,OWID_HIC,2023,102.47702
High-income countries,OWID_HIC,2024,102.43014
Honduras,HND,2006,54.35057
Honduras,HND,2007,56.36598
Honduras,HND,2008,55.92748
Honduras,HND,2010,65.11565
Honduras,HND,2011,65.34774
Honduras,HND,2012,63.36718
Honduras,HND,2013,60.0794
Honduras,HND,2014,36.579453
Honduras,HND,2015,38.496277
Honduras,HND,2016,39.780746
Honduras,HND,2017,39.697937
Honduras,HND,2019,55.551388
Honduras,HND,2020,53.296516
Honduras,HND,2021,50.850693
Honduras,HND,2022,48.809193
Honduras,HND,2023,50.0073
Honduras,HND,2024,51.66674
Hong Kong,HKG,2001,66.96198
Hong Kong,HKG,2002,68.09328
Hong Kong,HKG,2003,67.56523
Hong Kong,HKG,2004,68.3315
Hong Kong,HKG,2005,69.90513
Hong Kong,HKG,2006,68.86854
Hong Kong,HKG,2007,70.75988
Hong Kong,HKG,2008,73.61862
Hong Kong,HKG,2009,76.16749
Hong Kong,HKG,2010,78.98936
Hong Kong,HKG,2011,76.933586
Hong Kong,HKG,2012,111.08129
Hong Kong,HKG,2013,99.03779
Hong Kong,HKG,2014,101.63976
Hong Kong,HKG,2015,104.88226
Hong Kong,HKG,2016,107.23358
Hong Kong,HKG,2017,110.787506
Hong Kong,HKG,2018,111.28005
Hong Kong,HKG,2019,107.98679
Hong Kong,HKG,2020,100.67779
Hong Kong,HKG,2021,103.088326
Hong Kong,HKG,2022,104.24305
Hong Kong,HKG,2024,100.149
Hungary,HUN,2001,95.63009
Hungary,HUN,2002,97.95118
Hungary,HUN,2003,101.99597
Hungary,HUN,2004,91.6086
Hungary,HUN,2005,94.22812
Hungary,HUN,2006,95.29607
Hungary,HUN,2007,95.21691
Hungary,HUN,2008,96.1754
Hungary,HUN,2009,98.68684
Hungary,HUN,2010,102.11257
Hungary,HUN,2011,104.30097
Hungary,HUN,2012,101.49101
Hungary,HUN,2013,112.80399
Hungary,HUN,2014,111.8723
Hungary,HUN,2015,110.17255
Hungary,HUN,2016,108.22524
Hungary,HUN,2017,109.91892
Hungary,HUN,2018,107.80276
Hungary,HUN,2019,105.86208
Hungary,HUN,2020,106.00348
Hungary,HUN,2021,101.93069
Hungary,HUN,2022,109.63507
Hungary,HUN,2023,111.84754
Hungary,HUN,2024,115.48192
Iceland,ISL,1994,103.6992
Iceland,ISL,1995,103.37188
Iceland,ISL,1996,103.42198
Iceland,ISL,1998,116.39963
Iceland,ISL,1999,114.82731
Iceland,ISL,2000,115.53503
Iceland,ISL,2001,117.57765
Iceland,ISL,2002,124.0657
Iceland,ISL,2003,130.86253
Iceland,ISL,2004,115.9398
Iceland,ISL,2005,116.60023
Iceland,ISL,2006,114.23264
Iceland,ISL,2007,111.82557
Iceland,ISL,2008,111.61528
Iceland,ISL,2009,112.23806
Iceland,ISL,2010,116.03857
Iceland,ISL,2011,117.43149
Iceland,ISL,2012,123.87756
Iceland,ISL,2013,138.1298
Iceland,ISL,2014,136.23972
Iceland,ISL,2015,134.99104
Iceland,ISL,2016,130.35008
Iceland,ISL,2017,127.68901
Iceland,ISL,2018,126.40104
Iceland,ISL,2019,122.00272
Iceland,ISL,2020,119.4899
Iceland,ISL,2021,127.91887
Iceland,ISL,2022,123.73235
Iceland,ISL,2023,117.39727
India,IND,1994,31.03832
India,IND,1995,31.25743
India,IND,1996,26.01227
India,IND,1997,28.28646
India,IND,1999,30.08651
India,IND,2000,34.47805
India,IND,2001,34.13641
India,IND,2002,35.75176
India,IND,2003,38.53229
India,IND,2004,39.95442
India,IND,2005,41.98066
India,IND,2006,43.17029
India,IND,2007,43.91553
India,IND,2008,48.77197
India,IND,2009,49.05928
India,IND,2010,51.49983
India,IND,2011,53.93435
India,IND,2012,58.21885
India,IND,2013,56.95495
India,IND,2014,64.52686
India,IND,2015,64.0758
India,IND,2016,65.7638
India,IND,2017,63.88228
India,IND,2018,66.30777
India,IND,2019,66.97074
India,IND,2020,69.30168
India,IND,2021,73.20446
India,IND,2022,73.29492
India,IND,2023,72.200874
India,IND,2024,70.704926
India,IND,2025,72.49919
Indonesia,IDN,1995,35.59364
Indonesia,IDN,1998,38.37871
Indonesia,IDN,1999,39.06946
Indonesia,IDN,2000,39.85703
Indonesia,IDN,2001,40.03373
Indonesia,IDN,2002,42.97244
Indonesia,IDN,2003,45.34469
Indonesia,IDN,2004,47.90314
Indonesia,IDN,2005,48.89986
Indonesia,IDN,2006,50.19586
Indonesia,IDN,2007,55.57846
Indonesia,IDN,2008,56.63033
Indonesia,IDN,2009,62.43262
Indonesia,IDN,2010,62.84153
Indonesia,IDN,2011,67.69992
Indonesia,IDN,2012,70.31236
Indonesia,IDN,2013,73.321686
Indonesia,IDN,2014,73.443016
Indonesia,IDN,2015,76.484566
Indonesia,IDN,2016,75.413956
Indonesia,IDN,2017,81.61842
Indonesia,IDN,2018,84.43717
Indonesia,IDN,2019,89.5118
Indonesia,IDN,2020,93.92493
Indonesia,IDN,2021,96.08465
Indonesia,IDN,2022,95.68222
Indonesia,IDN,2023,94.04726
Indonesia,IDN,2024,94.84095
Indonesia,IDN,2025,96.565575
Iran,IRN,1997,54.47503
Iran,IRN,1999,60.85527
Iran,IRN,2000,63.40197
Iran,IRN,2001,63.9261
Iran,IRN,2002,64.26684
Iran,IRN,2003,62.69553
Iran,IRN,2004,62.69466
Iran,IRN,2005,62.64869
Iran,IRN,2006,64.30446
Iran,IRN,2007,63.24418
Iran,IRN,2008,68.46006
Iran,IRN,2009,71.61518
Iran,IRN,2010,70.58716
Iran,IRN,2011,73.55904
Iran,IRN,2012,75.42743
Iran,IRN,2013,76.33057
Iran,IRN,2014,78.0937
Iran,IRN,2016,76.09705
Iran,IRN,2017,74.30836
Iran,IRN,2020,78.09992
Iran,IRN,2022,79.07159
Iran,IRN,2023,77.12935
Iraq,IRQ,1999,23.58943
Iraq,IRQ,2000,24.1339
Iraq,IRQ,2003,28.7862
Iraq,IRQ,2004,32.37395
Iraq,IRQ,2007,38.0486
Ireland,IRL,2001,112.91702
Ireland,IRL,2002,115.00981
Ireland,IRL,2003,118.14418
Ireland,IRL,2004,119.44686
Ireland,IRL,2005,121.39993
Ireland,IRL,2006,119.28757
Ireland,IRL,2007,122.78304
Ireland,IRL,2008,122.01991
Ireland,IRL,2009,127.13066
Ireland,IRL,2010,133.9939
Ireland,IRL,2011,129.4261
Ireland,IRL,2012,135.33595
Ireland,IRL,2014,137.37102
Ireland,IRL,2015,137.45761
Ireland,IRL,2016,137.58827
Ireland,IRL,2017,151.69618
Ireland,IRL,2018,202.75229
Ireland,IRL,2019,179.38483
Ireland,IRL,2020,172.46872
Ireland,IRL,2021,174.32237
Ireland,IRL,2022,169.17686
Israel,ISR,2001,106.46618
Israel,ISR,2002,107.84411
Israel,ISR,2003,105.59086
Israel,ISR,2004,104.56383
Israel,ISR,2005,104.32812
Israel,ISR,2006,104.92309
Israel,ISR,2007,104.7221
Israel,ISR,2008,104.05024
Israel,ISR,2009,103.51347
Israel,ISR,2010,95.51475
Israel,ISR,2011,95.32618
Israel,ISR,2012,96.17431
Israel,ISR,2013,97.51815
Israel,ISR,2014,98.44883
Israel,ISR,2015,97.66536
Israel,ISR,2016,99.42192
Israel,ISR,2017,97.53497
Israel,ISR,2018,97.96519
Israel,ISR,2019,98.43558
Israel,ISR,2020,98.17019
Israel,ISR,2021,98.67554
Israel,ISR,2022,97.75056
Israel,ISR,2023,98.74736
Israel,ISR,2024,99.4215
Italy,ITA,2001,90.49667
Italy,ITA,2002,93.57441
Italy,ITA,2003,94.63666
Italy,ITA,2004,95.39789
Italy,ITA,2005,95.48226
Italy,ITA,2006,96.25403
Italy,ITA,2007,96.95517
Italy,ITA,2008,97.72032
Italy,ITA,2009,96.76974
Italy,ITA,2010,98.51184
Italy,ITA,2011,98.88452
Italy,ITA,2012,97.5774
Italy,ITA,2013,97.88207
Italy,ITA,2014,98.6988
Italy,ITA,2015,99.27453
Italy,ITA,2016,99.06035
Italy,ITA,2017,99.13404
Italy,ITA,2018,99.87705
Italy,ITA,2019,100.06292
Italy,ITA,2020,100.43922
Italy,ITA,2021,101.55156
Italy,ITA,2022,101.24816
Italy,ITA,2023,99.80776
Jamaica,JAM,1982,35.37594
Jamaica,JAM,1999,67.82227
Jamaica,JAM,2000,69.09554
Jamaica,JAM,2001,70.53861
Jamaica,JAM,2002,70.23551
Jamaica,JAM,2003,70.61516
Jamaica,JAM,2004,73.22427
Jamaica,JAM,2005,75.28151
Jamaica,JAM,2007,78.36381
Jamaica,JAM,2008,79.4664
Jamaica,JAM,2009,85.60765
Jamaica,JAM,2010,89.144775
Jamaica,JAM,2011,85.243546
Jamaica,JAM,2012,91.54226
Jamaica,JAM,2013,80.247025
Jamaica,JAM,2014,80.68175
Jamaica,JAM,2015,80.04605
Jamaica,JAM,2016,83.4806
Jamaica,JAM,2017,84.576996
Jamaica,JAM,2018,82.43815
Jamaica,JAM,2019,84.91704
Jamaica,JAM,2020,75.85023
Jamaica,JAM,2021,81.12066
Jamaica,JAM,2022,80.51614
Jamaica,JAM,2023,81.70532
Jamaica,JAM,2024,80.32987
Japan,JPN,2013,101.31002
Japan,JPN,2014,101.27324
Japan,JPN,2015,102.60431
Japan,JPN,2016,102.03912
Japan,JPN,2017,100.344
Japan,JPN,2018,100.83137
Japan,JPN,2019,100.87746
Japan,JPN,2020,101.42748
Japan,JPN,2021,101.40261
Japan,JPN,2022,101.11501
Japan,JPN,2023,101.89825
Jordan,JOR,1996,71.33152
Jordan,JOR,1999,77.58924
Jordan,JOR,2000,76.58502
Jordan,JOR,2002,73.55919
Jordan,JOR,2003,74.69693
Jordan,JOR,2004,72.3728
Jordan,JOR,2005,73.13166
Jordan,JOR,2006,75.68445
Jordan,JOR,2007,74.05744
Jordan,JOR,2008,73.64875
Jordan,JOR,2010,72.47429
Jordan,JOR,2011,76.14953
Jordan,JOR,2012,78.89652
Jordan,JOR,2013,79.99649
Jordan,JOR,2014,77.01496
Jordan,JOR,2017,74.50739
Jordan,JOR,2018,75.56781
Jordan,JOR,2019,75.44346
Jordan,JOR,2020,77.51596
Jordan,JOR,2021,79.23547
Jordan,JOR,2022,81.96021
Jordan,JOR,2023,82.807755
Jordan,JOR,2024,82.360886
Kazakhstan,KAZ,1997,89.43607
Kazakhstan,KAZ,1998,84.43427
Kazakhstan,KAZ,1999,94.81387
Kazakhstan,KAZ,2000,92.81511
Kazakhstan,KAZ,2006,97.53262
Kazakhstan,KAZ,2010,96.42516
Kazakhstan,KAZ,2011,98.74877
Kazakhstan,KAZ,2012,96.96206
Kazakhstan,KAZ,2013,92.997185
Kazakhstan,KAZ,2014,99.096596
Kazakhstan,KAZ,2015,99.67126
Kazakhstan,KAZ,2016,98.81603
Kazakhstan,KAZ,2017,102.871185
Kazakhstan,KAZ,2018,102.5984
Kazakhstan,KAZ,2019,99.83447
Kazakhstan,KAZ,2020,93.59442
Kazakhstan,KAZ,2021,95.97343
Kazakhstan,KAZ,2022,93.651794
Kazakhstan,KAZ,2023,93.32906
Kazakhstan,KAZ,2024,95.32289
Kazakhstan,KAZ,2025,96.84048
Kenya,KEN,1999,25.30842
Kenya,KEN,2000,25.57828
Kenya,KEN,2001,26.86602
Kenya,KEN,2002,26.11011
Kenya,KEN,2003,27.146
Kenya,KEN,2004,28.6058
Kenya,KEN,2005,27.57434
Kenya,KEN,2006,30.22169
Kenya,KEN,2007,34.17791
Kenya,KEN,2008,39.60602
Kenya,KEN,2009,42.16613
Kenya,KEN,2015,61.112125
Kenya,KEN,2016,63.16834
Kenya,KEN,2019,63.71014
Kenya,KEN,2021,71.4914
Kenya,KEN,2022,74.04949
Kenya,KEN,2023,76.67889
Kiribati,KIR,1998,59.28599
Kiribati,KIR,1999,71.13792
Kiribati,KIR,2000,83.12772
Kiribati,KIR,2001,97.64032
Kiribati,KIR,2002,81.94987
Kiribati,KIR,2003,55.82686
Kiribati,KIR,2004,67.82609
Kiribati,KIR,2005,68.62327
Kiribati,KIR,2006,63.97729
Kiribati,KIR,2007,64.80292
Kiribati,KIR,2008,68.36426
Kiribati,KIR,2021,77.22884
Kiribati,KIR,2022,80.8687
Kiribati,KIR,2023,90.21555
Kiribati,KIR,2024,81.26447
Kuwait,KWT,1996,83.32105
Kuwait,KWT,1997,78.86778
Kuwait,KWT,1998,78.37289
Kuwait,KWT,1999,80.17384
Kuwait,KWT,2000,78.79783
Kuwait,KWT,2001,79.38909
Kuwait,KWT,2003,93.14523
Kuwait,KWT,2004,99.62044
Kuwait,KWT,2005,114.40008
Kuwait,KWT,2006,95.34426
Kuwait,KWT,2007,91.19903
Kuwait,KWT,2008,90.0131
Kuwait,KWT,2009,90.43466
Kuwait,KWT,2010,92.60572
Kuwait,KWT,2011,92.24691
Kuwait,KWT,2012,93.51236
Kyrgyzstan,KGZ,1999,81.80276
Kyrgyzstan,KGZ,2000,86.24305
Kyrgyzstan,KGZ,2001,58.27745
Kyrgyzstan,KGZ,2002,59.50461
Kyrgyzstan,KGZ,2003,81.85924
Kyrgyzstan,KGZ,2004,79.38409
Kyrgyzstan,KGZ,2005,75.77738
Kyrgyzstan,KGZ,2006,74.73763
Kyrgyzstan,KGZ,2007,72.01895
Kyrgyzstan,KGZ,2009,73.35157
Kyrgyzstan,KGZ,2010,74.7104
Kyrgyzstan,KGZ,2011,76.19378
Kyrgyzstan,KGZ,2012,77.28178
Kyrgyzstan,KGZ,2013,78.08758
Kyrgyzstan,KGZ,2014,82.06906
Kyrgyzstan,KGZ,2015,80.76743
Kyrgyzstan,KGZ,2016,82.61945
Kyrgyzstan,KGZ,2017,78.61624
Kyrgyzstan,KGZ,2018,80.250114
Kyrgyzstan,KGZ,2019,81.15855
Kyrgyzstan,KGZ,2020,79.98152
Kyrgyzstan,KGZ,2021,83.68691
Kyrgyzstan,KGZ,2023,81.84036
Kyrgyzstan,KGZ,2024,80.96739
Kyrgyzstan,KGZ,2025,82.06845
Laos,LAO,1998,17.06307
Laos,LAO,1999,19.21806
Laos,LAO,2000,21.42165
Laos,LAO,2001,23.75159
Laos,LAO,2002,26.59172
Laos,LAO,2003,30.07445
Laos,LAO,2004,32.91204
Laos,LAO,2005,34.28585
Laos,LAO,2006,33.65711
Laos,LAO,2007,33.81305
Laos,LAO,2008,33.96067
Laos,LAO,2009,34.3993
Laos,LAO,2010,32.60175
Laos,LAO,2011,32.249886
Laos,LAO,2012,34.482643
Laos,LAO,2013,37.170204
Laos,LAO,2014,40.831875
Laos,LAO,2015,44.537388
Laos,LAO,2016,47.53743
Laos,LAO,2017,50.342155
Laos,LAO,2018,52.151657
Laos,LAO,2019,51.019047
Laos,LAO,2020,48.711098
Laos,LAO,2021,45.60598
Laos,LAO,2022,43.456512
Laos,LAO,2023,40.62672
Laos,LAO,2024,36.507385
Laos,LAO,2025,33.30705
Latin America and Caribbean (WB),WB_LAC,1999,55.48063
Latin America and Caribbean (WB),WB_LAC,2000,54.79975
Latin America and Caribbean (WB),WB_LAC,2001,56.1494
Latin America and Caribbean (WB),WB_LAC,2002,68.64926
Latin America and Caribbean (WB),WB_LAC,2003,67.76447
Latin America and Caribbean (WB),WB_LAC,2004,71.33785
Latin America and Caribbean (WB),WB_LAC,2005,71.71548
Latin America and Caribbean (WB),WB_LAC,2006,71.41839
Latin America and Caribbean (WB),WB_LAC,2007,70.76515
Latin America and Caribbean (WB),WB_LAC,2008,71.24367
Latin America and Caribbean (WB),WB_LAC,2009,72.18703
Latin America and Caribbean (WB),WB_LAC,2010,73.64407
Latin America and Caribbean (WB),WB_LAC,2011,75.20001
Latin America and Caribbean (WB),WB_LAC,2012,75.90378
Latin America and Caribbean (WB),WB_LAC,2013,79.58363
Latin America and Caribbean (WB),WB_LAC,2014,80.90805
Latin America and Caribbean (WB),WB_LAC,2015,80.48277
Latin America and Caribbean (WB),WB_LAC,2016,81.87187
Latin America and Caribbean (WB),WB_LAC,2017,84.00244
Latin America and Caribbean (WB),WB_LAC,2018,85.42179
Latin America and Caribbean (WB),WB_LAC,2019,85.40833
Latin America and Caribbean (WB),WB_LAC,2020,85.6898
Latin America and Caribbean (WB),WB_LAC,2021,87.59207
Latin America and Caribbean (WB),WB_LAC,2022,86.98722
Latin America and Caribbean (WB),WB_LAC,2023,86.57677
Latin America and Caribbean (WB),WB_LAC,2024,87.15612
Latin America and the Caribbean (SDG),,1999,55.48129
Latin America and the Caribbean (SDG),,2000,54.80049
Latin America and the Caribbean (SDG),,2001,56.15005
Latin America and the Caribbean (SDG),,2002,68.64979
Latin America and the Caribbean (SDG),,2003,67.76492
Latin America and the Caribbean (SDG),,2004,71.33831
Latin America and the Caribbean (SDG),,2005,71.71592
Latin America and the Caribbean (SDG),,2006,71.41875
Latin America and the Caribbean (SDG),,2007,70.76567
Latin America and the Caribbean (SDG),,2008,71.24416
Latin America and the Caribbean (SDG),,2009,72.18741
Latin America and the Caribbean (SDG),,2010,73.64463
Latin America and the Caribbean (SDG),,2011,75.20055
Latin America and the Caribbean (SDG),,2012,75.9043
Latin America and the Caribbean (SDG),,2013,79.58411
Latin America and the Caribbean (SDG),,2014,80.90848
Latin America and the Caribbean (SDG),,2015,80.48319
Latin America and the Caribbean (SDG),,2016,81.87226
Latin America and the Caribbean (SDG),,2017,84.00287
Latin America and the Caribbean (SDG),,2018,85.4221
Latin America and the Caribbean (SDG),,2019,85.40863
Latin America and the Caribbean (SDG),,2020,85.68989
Latin America and the Caribbean (SDG),,2021,87.59193
Latin America and the Caribbean (SDG),,2022,86.98727
Latin America and the Caribbean (SDG),,2023,86.57636
Latin America and the Caribbean (SDG),,2024,87.1557
Latvia,LVA,2001,93.42904
Latvia,LVA,2002,90.85307
Latvia,LVA,2003,90.11708
Latvia,LVA,2004,95.15477
Latvia,LVA,2005,99.18806
Latvia,LVA,2006,100.80674
Latvia,LVA,2007,101.16149
Latvia,LVA,2008,102.18564
Latvia,LVA,2009,94.14112
Latvia,LVA,2010,100.36046
Latvia,LVA,2011,103.74569
Latvia,LVA,2012,106.62934
Latvia,LVA,2013,121.63154
Latvia,LVA,2014,123.21422
Latvia,LVA,2015,122.19612
Latvia,LVA,2016,119.43669
Latvia,LVA,2017,118.26737
Latvia,LVA,2018,115.42184
Latvia,LVA,2019,113.76569
Latvia,LVA,2020,110.86542
Latvia,LVA,2021,111.33485
Latvia,LVA,2022,109.40511
Latvia,LVA,2023,104.05424
Latvia,LVA,2024,101.3323
Lebanon,LBN,1998,49.89697
Lebanon,LBN,1999,47.70956
Lebanon,LBN,2000,48.49189
Lebanon,LBN,2001,51.19714
Lebanon,LBN,2002,53.01504
Lebanon,LBN,2003,55.26051
Lebanon,LBN,2004,56.28695
Lebanon,LBN,2005,56.22307
Lebanon,LBN,2006,57.63616
Lebanon,LBN,2007,58.95576
Lebanon,LBN,2008,60.13451
Lebanon,LBN,2009,62.20977
Lebanon,LBN,2010,60.84102
Lebanon,LBN,2011,66.25544
Lebanon,LBN,2012,63.681725
Lebanon,LBN,2013,62.90019
Lebanon,LBN,2014,51.31594
Lebanon,LBN,2015,54.302467
Lebanon,LBN,2016,53.24125
Lebanon,LBN,2017,57.73673
Lebanon,LBN,2018,57.910828
Lebanon,LBN,2019,59.410263
Lebanon,LBN,2020,61.417255
Lebanon,LBN,2021,64.0807
Lebanon,LBN,2022,63.903717
Lebanon,LBN,2023,59.74946
Lebanon,LBN,2024,61.09136
Lesotho,LSO,1996,16.50268
Lesotho,LSO,1998,17.09603
Lesotho,LSO,1999,17.35313
Lesotho,LSO,2000,18.44079
Lesotho,LSO,2001,20.37209
Lesotho,LSO,2002,20.47168
Lesotho,LSO,2003,20.90011
Lesotho,LSO,2004,22.04513
Lesotho,LSO,2005,23.63663
Lesotho,LSO,2006,24.94657
Lesotho,LSO,2007,23.48077
Lesotho,LSO,2008,25.4493
Lesotho,LSO,2009,27.9625
Lesotho,LSO,2010,33.14351
Lesotho,LSO,2011,37.94856
Lesotho,LSO,2012,43.16365
Lesotho,LSO,2013,40.90016
Lesotho,LSO,2014,41.460064
Lesotho,LSO,2015,44.84718
Lesotho,LSO,2016,39.85374
Lesotho,LSO,2017,43.031258
Liberia,LBR,1999,24.5469
Liberia,LBR,2000,30.6083
Liberia,LBR,2011,38.82225
Liberia,LBR,2014,28.94966
Liberia,LBR,2015,28.64147
Liberia,LBR,2020,31.06487
Libya,LBY,2002,98.10879
Libya,LBY,2003,94.66097
Libya,LBY,2005,87.18336
Libya,LBY,2006,92.60653
Liechtenstein,LIE,2003,131.11292
Liechtenstein,LIE,2004,124.73642
Liechtenstein,LIE,2005,121.11111
Liechtenstein,LIE,2006,121.70543
Liechtenstein,LIE,2007,112.3561
Liechtenstein,LIE,2008,111.36713
Liechtenstein,LIE,2009,107.53532
Liechtenstein,LIE,2010,116.69255
Liechtenstein,LIE,2011,123.60447
Liechtenstein,LIE,2012,117.99387
Liechtenstein,LIE,2014,133.8346
Liechtenstein,LIE,2015,138.55702
Liechtenstein,LIE,2016,135.2895
Liechtenstein,LIE,2017,137.3591
Liechtenstein,LIE,2018,127.65957
Liechtenstein,LIE,2019,140.41495
Liechtenstein,LIE,2020,147.35013
Liechtenstein,LIE,2021,141.2468
Lithuania,LTU,2001,97.22923
Lithuania,LTU,2002,99.42525
Lithuania,LTU,2003,104.10989
Lithuania,LTU,2004,95.76949
Lithuania,LTU,2005,99.34972
Lithuania,LTU,2006,106.84545
Lithuania,LTU,2007,108.95261
Lithuania,LTU,2008,108.70643
Lithuania,LTU,2009,106.37324
Lithuania,LTU,2010,107.53569
Lithuania,LTU,2011,110.42309
Lithuania,LTU,2012,113.1024
Lithuania,LTU,2013,120.78176
Lithuania,LTU,2014,119.60839
Lithuania,LTU,2015,116.82501
Lithuania,LTU,2016,113.52682
Lithuania,LTU,2017,114.25443
Lithuania,LTU,2018,112.32119
Lithuania,LTU,2019,112.41253
Lithuania,LTU,2020,113.15864
Lithuania,LTU,2021,116.71512
Lithuania,LTU,2022,118.20462
Lithuania,LTU,2023,116.12068
Lithuania,LTU,2024,113.82001
Low-income countries,OWID_LIC,1997,16.84743
Low-income countries,OWID_LIC,1998,17.55739
Low-income countries,OWID_LIC,1999,18.12051
Low-income countries,OWID_LIC,2000,18.69829
Low-income countries,OWID_LIC,2001,19.68116
Low-income countries,OWID_LIC,2002,19.81291
Low-income countries,OWID_LIC,2003,19.5033
Low-income countries,OWID_LIC,2004,20.42126
Low-income countries,OWID_LIC,2005,20.8901
Low-income countries,OWID_LIC,2006,21.63064
Low-income countries,OWID_LIC,2007,22.00528
Low-income countries,OWID_LIC,2008,23.98608
Low-income countries,OWID_LIC,2009,25.10763
Low-income countries,OWID_LIC,2010,25.807
Low-income countries,OWID_LIC,2011,26.8145
Low-income countries,OWID_LIC,2012,27.92557
Low-income countries,OWID_LIC,2013,28.5103
Low-income countries,OWID_LIC,2014,29.06399
Low-income countries,OWID_LIC,2015,29.39832
Low-income countries,OWID_LIC,2016,29.96726
Low-income countries,OWID_LIC,2017,30.88645
Low-income countries,OWID_LIC,2018,31.69225
Low-income countries,OWID_LIC,2019,32.55398
Low-income countries,OWID_LIC,2020,33.12977
Low-income countries,OWID_LIC,2021,33.39256
Low-income countries,OWID_LIC,2022,33.05109
Low-income countries,OWID_LIC,2023,33.67654
Lower-middle-income countries,OWID_LMC,1993,24.01843
Lower-middle-income countries,OWID_LMC,1994,25.14039
Lower-middle-income countries,OWID_LMC,1995,26.15775
Lower-middle-income countries,OWID_LMC,1996,23.9311
Lower-middle-income countries,OWID_LMC,1997,26.35222
Lower-middle-income countries,OWID_LMC,1998,31.95526
Lower-middle-income countries,OWID_LMC,1999,30.0517
Lower-middle-income countries,OWID_LMC,2000,31.91294
Lower-middle-income countries,OWID_LMC,2001,31.77899
Lower-middle-income countries,OWID_LMC,2002,32.57404
Lower-middle-income countries,OWID_LMC,2003,34.457
Lower-middle-income countries,OWID_LMC,2004,35.48452
Lower-middle-income countries,OWID_LMC,2005,36.31797
Lower-middle-income countries,OWID_LMC,2006,37.63259
Lower-middle-income countries,OWID_LMC,2007,38.24088
Lower-middle-income countries,OWID_LMC,2008,41.2488
Lower-middle-income countries,OWID_LMC,2009,42.15647
Lower-middle-income countries,OWID_LMC,2010,44.31489
Lower-middle-income countries,OWID_LMC,2011,46.54669
Lower-middle-income countries,OWID_LMC,2012,49.31426
Lower-middle-income countries,OWID_LMC,2013,49.99323
Lower-middle-income countries,OWID_LMC,2014,52.59481
Lower-middle-income countries,OWID_LMC,2015,53.15653
Lower-middle-income countries,OWID_LMC,2016,54.37101
Lower-middle-income countries,OWID_LMC,2017,52.96554
Lower-middle-income countries,OWID_LMC,2018,54.8447
Lower-middle-income countries,OWID_LMC,2019,55.86051
Lower-middle-income countries,OWID_LMC,2020,57.85965
Lower-middle-income countries,OWID_LMC,2021,59.82624
Lower-middle-income countries,OWID_LMC,2022,59.84024
Lower-middle-income countries,OWID_LMC,2023,59.54567
Lower-middle-income countries,OWID_LMC,2024,58.73699
Luxembourg,LUX,2001,89.11693
Luxembourg,LUX,2002,88.86318
Luxembourg,LUX,2003,88.4545
Luxembourg,LUX,2004,86.79263
Luxembourg,LUX,2005,85.48062
Luxembourg,LUX,2006,85.53134
Luxembourg,LUX,2007,86.55742
Luxembourg,LUX,2008,86.74233
Luxembourg,LUX,2010,89.84695
Luxembourg,LUX,2011,90.22152
Luxembourg,LUX,2012,90.12716
Luxembourg,LUX,2013,94.71131
Luxembourg,LUX,2014,96.39995
Luxembourg,LUX,2015,97.33702
Luxembourg,LUX,2016,98.60937
Luxembourg,LUX,2017,99.22024
Luxembourg,LUX,2018,99.41773
Luxembourg,LUX,2019,99.26582
Luxembourg,LUX,2020,101.11723
Luxembourg,LUX,2021,100.0381
Luxembourg,LUX,2022,100.99147
Luxembourg,LUX,2023,101.59472
Luxembourg,LUX,2024,101.65835
Macao,MAC,2001,63.01833
Macao,MAC,2002,65.94542
Macao,MAC,2003,67.8944
Macao,MAC,2004,72.46855
Macao,MAC,2005,73.20382
Macao,MAC,2006,77.97553
Macao,MAC,2007,80.91192
Macao,MAC,2008,77.47208
Macao,MAC,2009,77.28967
Macao,MAC,2010,79.40566
Macao,MAC,2011,83.02902
Macao,MAC,2012,87.60876
Macao,MAC,2013,88.37245
Macao,MAC,2014,92.52778
Macao,MAC,2015,94.73965
Macao,MAC,2016,93.88415
Macao,MAC,2017,93.67308
Macao,MAC,2018,88.896774
Macao,MAC,2019,85.95973
Macao,MAC,2020,83.10135
Macao,MAC,2021,84.28667
Macao,MAC,2022,84.67742
Macao,MAC,2023,87.89375
Macao,MAC,2024,90.37423
Madagascar,MDG,2005,10.44133
Madagascar,MDG,2006,11.12707
Madagascar,MDG,2007,11.81754
Madagascar,MDG,2008,13.25299
Madagascar,MDG,2009,13.70874
Madagascar,MDG,2011,17.03684
Madagascar,MDG,2012,17.997545
Madagascar,MDG,2014,19.987207
Madagascar,MDG,2015,21.22649
Madagascar,MDG,2016,22.18645
Madagascar,MDG,2017,21.559757
Madagascar,MDG,2018,21.240093
Madagascar,MDG,2019,21.042742
Madagascar,MDG,2021,21.854397
Malawi,MWI,1997,49.82856
Malawi,MWI,1998,19.89082
Malawi,MWI,1999,18.66756
Malawi,MWI,2000,13.53647
Malawi,MWI,2001,14.80944
Malawi,MWI,2002,13.0325
Malawi,MWI,2004,13.40618
Malawi,MWI,2005,13.17818
Malawi,MWI,2006,15.63793
Malawi,MWI,2007,14.5983
Malawi,MWI,2008,15.63152
Malawi,MWI,2009,16.2841
Malawi,MWI,2010,15.932963
Malawi,MWI,2011,17.740463
Malawi,MWI,2012,17.452812
Malawi,MWI,2013,20.481457
Malawi,MWI,2014,22.730173
Malawi,MWI,2015,22.26309
Malawi,MWI,2016,21.09325
Malawi,MWI,2017,20.82716
Malawi,MWI,2018,22.714102
Malawi,MWI,2019,19.823803
Malawi,MWI,2020,22.734192
Malawi,MWI,2021,19.83621
Malawi,MWI,2022,21.096603
Malawi,MWI,2023,22.35503
Malaysia,MYS,1998,61.70499
Malaysia,MYS,1999,62.38899
Malaysia,MYS,2000,61.9077
Malaysia,MYS,2001,61.57758
Malaysia,MYS,2002,62.48456
Malaysia,MYS,2003,66.61774
Malaysia,MYS,2004,68.77824
Malaysia,MYS,2005,65.77736
Malaysia,MYS,2006,62.68806
Malaysia,MYS,2007,61.05649
Malaysia,MYS,2008,61.75771
Malaysia,MYS,2009,60.95431
Malaysia,MYS,2010,63.8875
Malaysia,MYS,2011,64.6971
Malaysia,MYS,2012,73.40451
Malaysia,MYS,2013,73.82152
Malaysia,MYS,2014,80.16119
Malaysia,MYS,2015,79.30154
Malaysia,MYS,2016,78.57154
Malaysia,MYS,2017,77.97749
Malaysia,MYS,2018,70.86117
Malaysia,MYS,2019,71.08813
Malaysia,MYS,2020,65.81849
Malaysia,MYS,2021,67.17179
Malaysia,MYS,2022,72.70337
Malaysia,MYS,2023,73.66385
Malaysia,MYS,2024,74.47713
Maldives,MDV,1998,3.41292
Maldives,MDV,1999,3.37444
Maldives,MDV,2000,7.62322
Maldives,MDV,2001,15.37705
Maldives,MDV,2002,8.926
Maldives,MDV,2003,15.56901
Maldives,MDV,2004,16.28101
Maldives,MDV,2010,18.78258
Maldives,MDV,2011,29.593693
Maldives,MDV,2012,27.122007
Maldives,MDV,2013,28.092329
Maldives,MDV,2014,33.014214
Maldives,MDV,2015,33.09657
Maldives,MDV,2016,31.068546
Maldives,MDV,2017,32.400463
Maldives,MDV,2018,31.905334
Maldives,MDV,2019,31.424767
Maldives,MDV,2020,30.766592
Maldives,MDV,2022,29.435623
Maldives,MDV,2023,37.021847
Mali,MLI,1999,9.57898
Mali,MLI,2000,11.52197
Mali,MLI,2003,13.22394
Mali,MLI,2004,12.47683
Mali,MLI,2005,12.64275
Mali,MLI,2006,13.44558
Mali,MLI,2007,15.72583
Mali,MLI,2008,20.10046
Mali,MLI,2009,23.27105
Mali,MLI,2010,25.014977
Mali,MLI,2011,23.487041
Mali,MLI,2013,26.90171
Mali,MLI,2014,28.920364
Mali,MLI,2015,27.853676
Mali,MLI,2016,27.943678
Mali,MLI,2017,26.335209
Mali,MLI,2018,26.776081
Mali,MLI,2023,32.934555
Malta,MLT,2001,61.55363
Malta,MLT,2002,67.77516
Malta,MLT,2003,72.93676
Malta,MLT,2004,106.01274
Malta,MLT,2005,104.86282
Malta,MLT,2006,89.12456
Malta,MLT,2007,96.98175
Malta,MLT,2008,102.41049
Malta,MLT,2010,100.44876
Malta,MLT,2011,76.08965
Malta,MLT,2012,89.71564
Malta,MLT,2013,91.9971
Malta,MLT,2014,92.31503
Malta,MLT,2015,89.67951
Malta,MLT,2016,87.88682
Malta,MLT,2017,99.54496
Malta,MLT,2018,99.25075
Malta,MLT,2019,100.83935
Malta,MLT,2020,99.67495
Malta,MLT,2021,101.73601
Malta,MLT,2022,102.64935
Malta,MLT,2023,105.13946
Marshall Islands,MHL,1999,57.19191
Marshall Islands,MHL,2002,61.48272
Marshall Islands,MHL,2003,59.31659
Marshall Islands,MHL,2004,61.77899
Marshall Islands,MHL,2005,61.46826
Marshall Islands,MHL,2006,69.36763
Marshall Islands,MHL,2007,74.65079
Marshall Islands,MHL,2008,77.92398
Marshall Islands,MHL,2009,77.08281
Marshall Islands,MHL,2015,68.02956
Marshall Islands,MHL,2016,60.682926
Marshall Islands,MHL,2019,75.86806
Marshall Islands,MHL,2020,75.80764
Marshall Islands,MHL,2021,78.49914
Marshall Islands,MHL,2022,73.70904
Marshall Islands,MHL,2023,73.95021
Marshall Islands,MHL,2024,75.179855
Mauritania,MRT,1995,13.83705
Mauritania,MRT,1998,13.20565
Mauritania,MRT,1999,14.38746
Mauritania,MRT,2000,13.99726
Mauritania,MRT,2001,17.32965
Mauritania,MRT,2002,17.36827
Mauritania,MRT,2003,18.4629
Mauritania,MRT,2004,19.24036
Mauritania,MRT,2005,19.18037
Mauritania,MRT,2006,21.04341
Mauritania,MRT,2008,15.50018
Mauritania,MRT,2009,17.14358
Mauritania,MRT,2010,14.70827
Mauritania,MRT,2011,15.23055
Mauritania,MRT,2012,19.544222
Mauritania,MRT,2013,21.721304
Mauritania,MRT,2014,21.647816
Mauritania,MRT,2015,21.715042
Mauritania,MRT,2016,24.560816
Mauritania,MRT,2017,24.077766
Mauritania,MRT,2018,28.181215
Mauritania,MRT,2019,28.671824
Mauritania,MRT,2020,27.171467
Mauritius,MUS,1998,57.80656
Mauritius,MUS,1999,63.33761
Mauritius,MUS,2000,66.25776
Mauritius,MUS,2001,71.12681
Mauritius,MUS,2002,73.30291
Mauritius,MUS,2003,76.26989
Mauritius,MUS,2004,77.70506
Mauritius,MUS,2005,80.5219
Mauritius,MUS,2006,76.01878
Mauritius,MUS,2007,76.16049
Mauritius,MUS,2008,76.09423
Mauritius,MUS,2009,77.57814
Mauritius,MUS,2010,79.12905
Mauritius,MUS,2011,81.73123
Mauritius,MUS,2012,86.42899
Mauritius,MUS,2013,85.39147
Mauritius,MUS,2014,87.0176
Mauritius,MUS,2015,83.41919
Mauritius,MUS,2016,83.39529
Mauritius,MUS,2017,82.135284
Mauritius,MUS,2018,80.29421
Mauritius,MUS,2019,82.0396
Mauritius,MUS,2020,77.48879
Mauritius,MUS,2024,72.247696
Mexico,MEX,2000,46.22097
Mexico,MEX,2001,47.01884
Mexico,MEX,2002,49.35225
Mexico,MEX,2003,51.7552
Mexico,MEX,2004,53.75561
Mexico,MEX,2005,55.13162
Mexico,MEX,2006,56.60653
Mexico,MEX,2007,57.51796
Mexico,MEX,2008,58.34814
Mexico,MEX,2009,59.25101
Mexico,MEX,2010,60.80442
Mexico,MEX,2011,62.57085
Mexico,MEX,2012,64.71537
Mexico,MEX,2013,66.48273
Mexico,MEX,2014,70.24434
Mexico,MEX,2015,72.36583
Mexico,MEX,2016,75.03815
Mexico,MEX,2017,82.5504
Mexico,MEX,2018,84.84476
Mexico,MEX,2019,84.24601
Mexico,MEX,2020,83.15982
Mexico,MEX,2021,80.20819
Mexico,MEX,2022,78.40046
Mexico,MEX,2023,80.80462
Mexico,MEX,2024,80.86288
Micronesia (country),FSM,2004,78.31918
Micronesia (country),FSM,2005,79.83673
Moldova,MDA,2010,86.250694
Moldova,MDA,2011,86.96018
Moldova,MDA,2012,89.59782
Moldova,MDA,2013,91.77323
Moldova,MDA,2014,104.355865
Moldova,MDA,2015,103.34406
Moldova,MDA,2016,105.179985
Moldova,MDA,2017,73.40304
Moldova,MDA,2018,76.03638
Moldova,MDA,2019,76.50146
Moldova,MDA,2020,79.460976
Moldova,MDA,2021,81.79063
Moldova,MDA,2022,84.56551
Moldova,MDA,2023,84.37243
Moldova,MDA,2024,83.539406
Monaco,MCO,1995,149.32515
Monaco,MCO,1996,156.44556
Monaco,MCO,1997,156.83813
Monaco,MCO,1998,155.63725
Monaco,MCO,1999,155.63464
Monaco,MCO,2000,158.40286
Monaco,MCO,2008,148.01813
Monaco,MCO,2016,150.60976
Monaco,MCO,2024,174.7027
Mongolia,MNG,1981,60.0696
Mongolia,MNG,1986,68.2321
Mongolia,MNG,1991,69.97268
Mongolia,MNG,1992,55.79478
Mongolia,MNG,1993,43.66786
Mongolia,MNG,1995,42.96034
Mongolia,MNG,1996,46.47165
Mongolia,MNG,1997,67.03284
Mongolia,MNG,1998,65.32558
Mongolia,MNG,1999,41.15958
Mongolia,MNG,2000,42.4966
Mongolia,MNG,2001,53.95097
Mongolia,MNG,2002,58.36718
Mongolia,MNG,2003,69.0504
Mongolia,MNG,2004,76.9783
Mongolia,MNG,2005,81.13172
Mongolia,MNG,2006,82.95799
Mongolia,MNG,2009,95.48431
Mongolia,MNG,2010,93.75584
Mongolia,MNG,2013,83.6591
Mongolia,MNG,2014,82.09186
Mongolia,MNG,2015,85.53268
Mongolia,MNG,2018,86.90916
Mongolia,MNG,2019,86.37875
Mongolia,MNG,2020,99.15312
Mongolia,MNG,2021,103.268135
Mongolia,MNG,2022,95.18771
Mongolia,MNG,2023,104.829025
Montenegro,MNE,2001,82.38694
Montenegro,MNE,2002,82.36157
Montenegro,MNE,2003,83.09527
Montenegro,MNE,2004,81.619
Montenegro,MNE,2005,83.06704
Montenegro,MNE,2006,84.19893
Montenegro,MNE,2007,84.37016
Montenegro,MNE,2008,85.66659
Montenegro,MNE,2009,85.70332
Montenegro,MNE,2010,88.2453
Montenegro,MNE,2011,90.55189
Montenegro,MNE,2012,90.77308
Montenegro,MNE,2015,87.88459
Montenegro,MNE,2016,85.43486
Montenegro,MNE,2017,84.99117
Montenegro,MNE,2018,86.66892
Montenegro,MNE,2019,86.66933
Montenegro,MNE,2020,86.98695
Montenegro,MNE,2021,87.6101
Montenegro,MNE,2022,84.91633
Montenegro,MNE,2023,85.06967
Montserrat,MSR,1999,59.09091
Montserrat,MSR,2000,66.06061
Montserrat,MSR,2001,55.7971
Montserrat,MSR,2002,101.63934
Montserrat,MSR,2004,89.83051
Montserrat,MSR,2005,85.2459
Montserrat,MSR,2006,100.87719
Montserrat,MSR,2007,131.42857
Montserrat,MSR,2009,102.63158
Montserrat,MSR,2014,93.70079
Montserrat,MSR,2015,100.8
Montserrat,MSR,2016,108.92857
Montserrat,MSR,2017,135.2381
Montserrat,MSR,2018,110.90909
Montserrat,MSR,2019,114.85149
Montserrat,MSR,2020,124
Montserrat,MSR,2021,107.75862
Montserrat,MSR,2022,112.84404
Montserrat,MSR,2023,108.16327
Morocco,MAR,1996,26.88646
Morocco,MAR,1997,27.11876
Morocco,MAR,1998,26.85899
Morocco,MAR,1999,25.91356
Morocco,MAR,2000,27.31162
Morocco,MAR,2001,27.91527
Morocco,MAR,2002,28.91304
Morocco,MAR,2003,31.13297
Morocco,MAR,2004,34.70902
Morocco,MAR,2005,34.70338
Morocco,MAR,2006,36.05414
Morocco,MAR,2007,37.25581
Morocco,MAR,2008,39.11185
Morocco,MAR,2009,43.36644
Morocco,MAR,2010,48.099422
Morocco,MAR,2011,52.15682
Morocco,MAR,2012,55.18955
Morocco,MAR,2017,60.425797
Morocco,MAR,2018,61.00861
Morocco,MAR,2019,61.4894
Morocco,MAR,2020,62.18345
Morocco,MAR,2021,66.98107
Morocco,MAR,2022,65.354034
Morocco,MAR,2023,66.14584
Morocco,MAR,2024,68.14222
Mozambique,MOZ,1994,3.32786
Mozambique,MOZ,1995,3.29915
Mozambique,MOZ,1999,1.87674
Mozambique,MOZ,2000,1.9649
Mozambique,MOZ,2001,2.17036
Mozambique,MOZ,2002,2.6637
Mozambique,MOZ,2004,3.30762
Mozambique,MOZ,2005,4.08132
Mozambique,MOZ,2006,5.10285
Mozambique,MOZ,2007,6.526
Mozambique,MOZ,2008,7.83432
Mozambique,MOZ,2009,9.41046
Mozambique,MOZ,2010,11.37372
Mozambique,MOZ,2011,12.030916
Mozambique,MOZ,2012,12.324653
Mozambique,MOZ,2013,19.366993
Mozambique,MOZ,2014,21.256546
Mozambique,MOZ,2015,22.66628
Mozambique,MOZ,2017,32.205357
Myanmar,MMR,1999,27.59327
Myanmar,MMR,2000,31.75953
Myanmar,MMR,2001,31.9335
Myanmar,MMR,2002,32.94519
Myanmar,MMR,2003,33.6039
Myanmar,MMR,2004,34.8537
Myanmar,MMR,2005,34.8574
Myanmar,MMR,2006,35.32056
Myanmar,MMR,2007,33.91035
Myanmar,MMR,2008,36.786
Myanmar,MMR,2009,36.25829
Myanmar,MMR,2010,35.94631
Myanmar,MMR,2014,37.26476
Myanmar,MMR,2016,49.08436
Myanmar,MMR,2017,54.40772
Myanmar,MMR,2018,60.61448
Namibia,NAM,1995,33.11704
Namibia,NAM,1996,34.16805
Namibia,NAM,1997,35.98432
Namibia,NAM,1998,33.82104
Namibia,NAM,1999,30.98984
Namibia,NAM,2000,31.6392
Namibia,NAM,2001,34.59213
Namibia,NAM,2002,32.99205
Namibia,NAM,2003,33.11098
Namibia,NAM,2004,33.60731
Namibia,NAM,2005,32.78988
Namibia,NAM,2006,35.08421
Namibia,NAM,2007,36.07975
Namibia,NAM,2010,39.255726
Namibia,NAM,2011,39.168056
Namibia,NAM,2012,39.196278
Namibia,NAM,2013,40.179504
Namibia,NAM,2014,41.443913
Namibia,NAM,2015,43.744164
Namibia,NAM,2016,44.162277
Namibia,NAM,2017,45.574604
Namibia,NAM,2018,47.296158
Namibia,NAM,2019,50.73948
Namibia,NAM,2020,48.602264
Namibia,NAM,2021,51.26908
Namibia,NAM,2022,45.158184
Namibia,NAM,2023,45.550823
Namibia,NAM,2024,46.31504
Nauru,NRU,2001,8.53933
Nauru,NRU,2002,8.12065
Nauru,NRU,2007,44.95614
Nauru,NRU,2012,72.57143
Nauru,NRU,2014,93.90863
Nauru,NRU,2016,95.06173
Nauru,NRU,2019,94.1452
Nauru,NRU,2020,66.34383
Nauru,NRU,2022,83.37237
Nauru,NRU,2023,81.6777
Nauru,NRU,2024,82.72358
Nauru,NRU,2025,87.030075
Nepal,NPL,1991,29.88585
Nepal,NPL,1993,29.64751
Nepal,NPL,1994,29.03616
Nepal,NPL,1995,30.00333
Nepal,NPL,1996,33.29608
Nepal,NPL,1999,20.26508
Nepal,NPL,2000,20.19036
Nepal,NPL,2001,24.76393
Nepal,NPL,2002,28.06625
Nepal,NPL,2003,28.97404
Nepal,NPL,2005,24.59756
Nepal,NPL,2006,23.99871
Nepal,NPL,2007,26.78021
Nepal,NPL,2008,32.2441
Nepal,NPL,2009,33.41081
Nepal,NPL,2010,39.28624
Nepal,NPL,2011,41.50762
Nepal,NPL,2012,44.19782
Nepal,NPL,2013,47.03362
Nepal,NPL,2014,49.31323
Nepal,NPL,2015,49.92251
Nepal,NPL,2016,53.18881
Nepal,NPL,2017,56.39492
Nepal,NPL,2019,63.28437
Nepal,NPL,2020,73.17729
Nepal,NPL,2021,72.40973
Nepal,NPL,2022,71.44206
Nepal,NPL,2023,78.579666
Nepal,NPL,2024,77.687004
Nepal,NPL,2025,74.39789
Netherlands,NLD,2001,112.81045
Netherlands,NLD,2002,106.68789
Netherlands,NLD,2003,107.07452
Netherlands,NLD,2004,104.9481
Netherlands,NLD,2005,106.47163
Netherlands,NLD,2006,107.94058
Netherlands,NLD,2007,110.43449
Netherlands,NLD,2008,113.77501
Netherlands,NLD,2009,116.44693
Netherlands,NLD,2010,118.5833
Netherlands,NLD,2011,125.70537
Netherlands,NLD,2012,125.02179
Netherlands,NLD,2015,133.60417
Netherlands,NLD,2016,130.64433
Netherlands,NLD,2017,133.88869
Netherlands,NLD,2018,131.8818
Netherlands,NLD,2019,132.94391
Netherlands,NLD,2020,137.39613
Netherlands,NLD,2021,139.92537
Netherlands,NLD,2022,146.64667
Netherlands,NLD,2023,144.50842
New Zealand,NZL,2000,126.5868
New Zealand,NZL,2001,127.17831
New Zealand,NZL,2002,132.97388
New Zealand,NZL,2003,136.56389
New Zealand,NZL,2004,131.50958
New Zealand,NZL,2005,141.77762
New Zealand,NZL,2006,137.43832
New Zealand,NZL,2007,140.54778
New Zealand,NZL,2008,136.58276
New Zealand,NZL,2009,154.70258
New Zealand,NZL,2010,139.89206
New Zealand,NZL,2011,139.20793
New Zealand,NZL,2012,136.8904
New Zealand,NZL,2013,134.13428
New Zealand,NZL,2014,134.5389
New Zealand,NZL,2015,131.13156
New Zealand,NZL,2016,127.92473
New Zealand,NZL,2017,126.17802
New Zealand,NZL,2018,125.28122
New Zealand,NZL,2019,143.95938
New Zealand,NZL,2020,136.74593
New Zealand,NZL,2021,139.30684
New Zealand,NZL,2022,133.4244
New Zealand,NZL,2023,129.24223
New Zealand,NZL,2024,130.9658
Nicaragua,NIC,1999,41.93699
Nicaragua,NIC,2000,42.82963
Nicaragua,NIC,2001,45.18888
Nicaragua,NIC,2002,47.6563
Nicaragua,NIC,2004,50.89134
Nicaragua,NIC,2005,54.86552
Nicaragua,NIC,2006,55.36071
Nicaragua,NIC,2007,56.64785
Nicaragua,NIC,2008,54.37419
Nicaragua,NIC,2010,55.91911
Nicaragua,NIC,2023,64.78896
Niger,NER,1996,2.47928
Niger,NER,1997,2.65299
Niger,NER,1998,3.03519
Niger,NER,1999,3.6202
Niger,NER,2001,3.2609
Niger,NER,2002,2.73538
Niger,NER,2003,2.55741
Niger,NER,2004,3.07796
Niger,NER,2005,3.85908
Niger,NER,2006,4.4907
Niger,NER,2007,3.79793
Niger,NER,2008,3.45514
Niger,NER,2009,3.649
Niger,NER,2010,4.2181487
Niger,NER,2011,4.552557
Niger,NER,2012,6.1656694
Niger,NER,2013,7.674732
Niger,NER,2014,9.541141
Niger,NER,2015,9.704471
Niger,NER,2016,11.158399
Niger,NER,2017,11.159188
Niger,NER,2023,10.686733
Niger,NER,2024,11.424015
Nigeria,NGA,1999,20.33698
Nigeria,NGA,2000,21.96061
Nigeria,NGA,2001,23.88958
Nigeria,NGA,2002,25.37204
Nigeria,NGA,2004,31.31793
Nigeria,NGA,2005,30.60987
Nigeria,NGA,2006,29.10124
Nigeria,NGA,2007,26.64722
Nigeria,NGA,2008,30.29865
Nigeria,NGA,2009,33.88632
Nigeria,NGA,2010,39.31763
Nigeria,NGA,2011,42.12582
Nigeria,NGA,2012,45.13638
Nigeria,NGA,2013,56.56984
Nigeria,NGA,2014,37.17953
Nigeria,NGA,2015,41.49986
Nigeria,NGA,2016,36.29911
Nigeria,NGA,2018,34.04843
Nigeria,NGA,2020,40.46074
Nigeria,NGA,2021,41.41552
Nigeria,NGA,2023,39.56577
Niue,NIU,1998,113.53383
Niue,NIU,1999,75.22936
Niue,NIU,2001,114.28571
Niue,NIU,2004,127.5
Niue,NIU,2015,79.74684
Niue,NIU,2019,97.560974
Niue,NIU,2020,158.53659
Niue,NIU,2021,110.58824
Niue,NIU,2022,80.89888
Niue,NIU,2023,125.53191
Niue,NIU,2024,81.4433
North America (WB),WB_NA,1999,86.97472
North America (WB),WB_NA,2000,87.39164
North America (WB),WB_NA,2001,87.92043
North America (WB),WB_NA,2002,88.42791
North America (WB),WB_NA,2003,89.19321
North America (WB),WB_NA,2004,90.3087
North America (WB),WB_NA,2005,90.58859
North America (WB),WB_NA,2006,89.9484
North America (WB),WB_NA,2007,90.24437
North America (WB),WB_NA,2008,90.42477
North America (WB),WB_NA,2009,91.07361
North America (WB),WB_NA,2010,91.81762
North America (WB),WB_NA,2011,92.64943
North America (WB),WB_NA,2012,94.50943
North America (WB),WB_NA,2013,95.37801
North America (WB),WB_NA,2014,96.49906
North America (WB),WB_NA,2015,97.16566
North America (WB),WB_NA,2016,97.47865
North America (WB),WB_NA,2017,97.55273
North America (WB),WB_NA,2018,98.32187
North America (WB),WB_NA,2019,99.45754
North America (WB),WB_NA,2020,99.55744
North America (WB),WB_NA,2021,100.58076
North America (WB),WB_NA,2022,96.76941
North America (WB),WB_NA,2023,96.1252
North America (WB),WB_NA,2024,96.65661
North Korea,PRK,2015,93.79706
North Korea,PRK,2018,98.73052
North Macedonia,MKD,1996,60.66329
North Macedonia,MKD,1997,62.41411
North Macedonia,MKD,1998,64.19803
North Macedonia,MKD,1999,65.82731
North Macedonia,MKD,2000,68.8334
North Macedonia,MKD,2001,70.18129
North Macedonia,MKD,2002,70.48242
North Macedonia,MKD,2003,72.38832
North Macedonia,MKD,2004,72.66426
North Macedonia,MKD,2005,73.20976
North Macedonia,MKD,2007,74.65847
North Macedonia,MKD,2008,75.19984
North Macedonia,MKD,2009,75.79885
North Macedonia,MKD,2010,78.32774
North Macedonia,MKD,2011,79.74957
North Macedonia,MKD,2012,80.73045
North Macedonia,MKD,2013,80.78889
North Macedonia,MKD,2014,80.89478
North Macedonia,MKD,2015,81.5626
North Macedonia,MKD,2017,76.99145
North Macedonia,MKD,2018,74.54024
North Macedonia,MKD,2019,75.39751
North Macedonia,MKD,2020,75.59703
North Macedonia,MKD,2021,79.45175
North Macedonia,MKD,2022,85.78586
North Macedonia,MKD,2023,85.40539
Northern Africa and Western Asia (SDG),,1994,48.62897
Northern Africa and Western Asia (SDG),,1995,49.74191
Northern Africa and Western Asia (SDG),,1996,49.11763
Northern Africa and Western Asia (SDG),,1997,49.50705
Northern Africa and Western Asia (SDG),,1998,52.78029
Northern Africa and Western Asia (SDG),,1999,53.30197
Northern Africa and Western Asia (SDG),,2000,52.84732
Northern Africa and Western Asia (SDG),,2001,56.03312
Northern Africa and Western Asia (SDG),,2002,57.41549
Northern Africa and Western Asia (SDG),,2003,60.09395
Northern Africa and Western Asia (SDG),,2004,60.18377
Northern Africa and Western Asia (SDG),,2005,57.58123
Northern Africa and Western Asia (SDG),,2006,59.05493
Northern Africa and Western Asia (SDG),,2007,56.888
Northern Africa and Western Asia (SDG),,2008,54.87335
Northern Africa and Western Asia (SDG),,2009,53.80722
Northern Africa and Western Asia (SDG),,2010,56.50524
Northern Africa and Western Asia (SDG),,2011,60.75703
Northern Africa and Western Asia (SDG),,2012,61.06791
Northern Africa and Western Asia (SDG),,2013,65.16131
Northern Africa and Western Asia (SDG),,2014,66.87235
Northern Africa and Western Asia (SDG),,2015,68.07654
Northern Africa and Western Asia (SDG),,2016,68.48726
Northern Africa and Western Asia (SDG),,2017,69.27558
Northern Africa and Western Asia (SDG),,2018,69.05472
Northern Africa and Western Asia (SDG),,2019,69.05514
Northern Africa and Western Asia (SDG),,2020,68.91323
Northern Africa and Western Asia (SDG),,2021,71.95266
Northern Africa and Western Asia (SDG),,2022,74.27269
Northern Africa and Western Asia (SDG),,2023,74.07763
Northern Africa and Western Asia (SDG),,2024,73.43233
Norway,NOR,2001,130.74591
Norway,NOR,2002,128.69595
Norway,NOR,2003,129.26843
Norway,NOR,2004,131.1874
Norway,NOR,2005,125.73606
Norway,NOR,2006,124.91713
Norway,NOR,2007,126.1752
Norway,NOR,2008,124.90425
Norway,NOR,2009,122.09155
Norway,NOR,2010,126.01228
Norway,NOR,2011,126.3913
Norway,NOR,2012,124.42841
Norway,NOR,2013,128.48135
Norway,NOR,2014,126.75293
Norway,NOR,2015,126.97559
Norway,NOR,2016,129.10738
Norway,NOR,2017,129.22795
Norway,NOR,2018,130.11024
Norway,NOR,2019,133.71971
Norway,NOR,2020,135.1238
Norway,NOR,2021,135.42365
Norway,NOR,2022,135.40344
Norway,NOR,2023,132.9836
Norway,NOR,2024,130.212
Oceania (excluding Australia and New Zealand) (SDG),,1997,11.63215
Oceania (excluding Australia and New Zealand) (SDG),,1998,13.89944
Oceania (excluding Australia and New Zealand) (SDG),,1999,14.53132
Oceania (excluding Australia and New Zealand) (SDG),,2000,15.38804
Oceania (excluding Australia and New Zealand) (SDG),,2001,16.45553
Oceania (excluding Australia and New Zealand) (SDG),,2002,17.43654
Oceania (excluding Australia and New Zealand) (SDG),,2003,18.16531
Oceania (excluding Australia and New Zealand) (SDG),,2004,19.30368
Oceania (excluding Australia and New Zealand) (SDG),,2005,20.08153
Oceania (excluding Australia and New Zealand) (SDG),,2006,20.96812
Oceania (excluding Australia and New Zealand) (SDG),,2007,21.76928
Oceania (excluding Australia and New Zealand) (SDG),,2008,23.10641
Oceania (excluding Australia and New Zealand) (SDG),,2009,24.50438
Oceania (excluding Australia and New Zealand) (SDG),,2010,26.11228
Oceania (excluding Australia and New Zealand) (SDG),,2011,26.89173
Oceania (excluding Australia and New Zealand) (SDG),,2012,27.67505
Oceania (excluding Australia and New Zealand) (SDG),,2013,29.54666
Oceania (excluding Australia and New Zealand) (SDG),,2014,31.94004
Oceania (excluding Australia and New Zealand) (SDG),,2015,34.18022
Oceania (excluding Australia and New Zealand) (SDG),,2016,36.45711
Oceania (excluding Australia and New Zealand) (SDG),,2017,38.99138
Oceania (excluding Australia and New Zealand) (SDG),,2018,30.30097
Oceania (excluding Australia and New Zealand) (SDG),,2019,30.26445
Oman,OMN,1985,17.49434
Oman,OMN,1986,16.74601
Oman,OMN,1987,17.38117
Oman,OMN,1988,18.64577
Oman,OMN,1989,19.3891
Oman,OMN,1990,22.17309
Oman,OMN,1991,26.18511
Oman,OMN,1992,30.1003
Oman,OMN,1993,36.4188
Oman,OMN,1994,43.29945
Oman,OMN,1995,46.91718
Oman,OMN,1996,50.69732
Oman,OMN,1997,53.38546
Oman,OMN,1998,54.63928
Oman,OMN,1999,57.06912
Oman,OMN,2000,65.46054
Oman,OMN,2001,69.45131
Oman,OMN,2002,75.35667
Oman,OMN,2003,77.54947
Oman,OMN,2005,77.02594
Oman,OMN,2006,81.0329
Oman,OMN,2007,83.21794
Oman,OMN,2008,85.89416
Oman,OMN,2009,90.00686
Oman,OMN,2011,107.18
Oman,OMN,2012,108.600494
Oman,OMN,2013,106.41639
Oman,OMN,2015,98.51271
Oman,OMN,2016,102.16308
Oman,OMN,2017,98.939865
Oman,OMN,2018,96.86523
Oman,OMN,2019,96.99737
Oman,OMN,2020,91.73463
Oman,OMN,2021,96.86107
Oman,OMN,2022,98.54528
Oman,OMN,2024,96.87665
Pakistan,PAK,2003,11.4775
Pakistan,PAK,2004,13.06556
Pakistan,PAK,2005,13.74702
Pakistan,PAK,2006,19.93091
Pakistan,PAK,2007,21.20572
Pakistan,PAK,2008,21.86894
Pakistan,PAK,2009,22.12913
Pakistan,PAK,2010,22.55793
Pakistan,PAK,2011,23.058256
Pakistan,PAK,2012,23.45704
Pakistan,PAK,2013,24.487349
Pakistan,PAK,2014,24.93929
Pakistan,PAK,2015,28.034962
Pakistan,PAK,2016,28.644041
Pakistan,PAK,2017,27.742012
Pakistan,PAK,2018,29.950521
Pakistan,PAK,2019,32.543484
Pakistan,PAK,2021,33.879536
Pakistan,PAK,2022,33.071873
Pakistan,PAK,2023,34.029045
Pakistan,PAK,2024,39.023987
Palau,PLW,1999,101.57205
Palau,PLW,2000,81.92042
Palau,PLW,2003,105.84695
Palau,PLW,2004,94.91667
Palau,PLW,2005,94.04855
Palau,PLW,2006,98.65471
Palau,PLW,2007,96.67651
Palau,PLW,2013,102.77033
Palau,PLW,2014,109.2955
Palau,PLW,2020,179.32584
Palau,PLW,2021,99.45355
Palau,PLW,2022,86.62421
Palau,PLW,2023,96.75053
Palau,PLW,2024,95.134575
Palestine,PSE,1995,39.87704
Palestine,PSE,1996,42.83882
Palestine,PSE,1997,45.83732
Palestine,PSE,1999,49.42544
Palestine,PSE,2000,52.42579
Palestine,PSE,2001,53.10431
Palestine,PSE,2002,56.05498
Palestine,PSE,2003,59.716
Palestine,PSE,2004,62.62941
Palestine,PSE,2005,67.48097
Palestine,PSE,2006,70.75081
Palestine,PSE,2007,72.30604
Palestine,PSE,2008,74.99839
Palestine,PSE,2009,75.76675
Palestine,PSE,2010,78.295235
Palestine,PSE,2011,76.5965
Palestine,PSE,2012,76.32173
Palestine,PSE,2013,75.00256
Palestine,PSE,2014,73.274055
Palestine,PSE,2015,72.521675
Palestine,PSE,2016,70.97617
Palestine,PSE,2017,73.19271
Palestine,PSE,2018,76.640366
Palestine,PSE,2019,78.44499
Palestine,PSE,2020,79.21719
Palestine,PSE,2021,81.22983
Palestine,PSE,2022,80.79397
Palestine,PSE,2023,79.51031
Panama,PAN,1999,50.41912
Panama,PAN,2000,49.2159
Panama,PAN,2001,50.98639
Panama,PAN,2002,52.27776
Panama,PAN,2004,53.08043
Panama,PAN,2005,53.68168
Panama,PAN,2006,53.58877
Panama,PAN,2007,52.99359
Panama,PAN,2008,52.40867
Panama,PAN,2009,52.75425
Panama,PAN,2010,52.260994
Panama,PAN,2011,52.62029
Panama,PAN,2013,58.46114
Panama,PAN,2014,58.74002
Panama,PAN,2015,59.81672
Panama,PAN,2016,70.333305
Panama,PAN,2017,58.55704
Papua New Guinea,PNG,1998,1.64575
Papua New Guinea,PNG,2012,20.192429
Papua New Guinea,PNG,2018,18.382336
Papua New Guinea,PNG,2019,17.26331
Papua New Guinea,PNG,2020,16.616304
Papua New Guinea,PNG,2021,16.942608
Papua New Guinea,PNG,2022,17.303505
Papua New Guinea,PNG,2023,18.113619
Paraguay,PRY,1995,33.02316
Paraguay,PRY,1996,34.41097
Paraguay,PRY,1998,41.30651
Paraguay,PRY,1999,47.52203
Paraguay,PRY,2000,50.89978
Paraguay,PRY,2001,54.04639
Paraguay,PRY,2002,59.00177
Paraguay,PRY,2003,54.48809
Paraguay,PRY,2004,55.89609
Paraguay,PRY,2005,55.43351
Paraguay,PRY,2006,55.6725
Paraguay,PRY,2007,56.72458
Paraguay,PRY,2008,58.4837
Paraguay,PRY,2009,59.43467
Paraguay,PRY,2010,60.360786
Paraguay,PRY,2011,64.22243
Paraguay,PRY,2012,74.42398
Paraguay,PRY,2016,75.946686
Paraguay,PRY,2020,84.608955
Paraguay,PRY,2021,87.73255
Paraguay,PRY,2022,85.19868
Paraguay,PRY,2023,79.107765
Paraguay,PRY,2024,76.17092
Peru,PER,1998,66.55487
Peru,PER,1999,66.72584
Peru,PER,2000,65.98149
Peru,PER,2001,69.70858
Peru,PER,2002,72.83425
Peru,PER,2003,68.76387
Peru,PER,2004,71.1141
Peru,PER,2005,70.33687
Peru,PER,2006,70.12009
Peru,PER,2007,73.81877
Peru,PER,2008,75.40978
Peru,PER,2009,78.90427
Peru,PER,2010,80.15493
Peru,PER,2011,82.13035
Peru,PER,2012,79.26211
Peru,PER,2013,83.93483
Peru,PER,2014,92.39154
Peru,PER,2015,93.73203
Peru,PER,2016,94.98343
Peru,PER,2017,93.48636
Peru,PER,2018,93.64966
Peru,PER,2019,95.14653
Peru,PER,2020,98.16002
Peru,PER,2021,98.31576
Peru,PER,2022,98.11666
Peru,PER,2023,97.79663
Peru,PER,2024,99.33985
Philippines,PHL,1998,60.81735
Philippines,PHL,1999,60.19343
Philippines,PHL,2001,59.58721
Philippines,PHL,2002,58.98886
Philippines,PHL,2003,60.08271
Philippines,PHL,2004,63.37659
Philippines,PHL,2005,72.34316
Philippines,PHL,2006,67.09413
Philippines,PHL,2007,66.31023
Philippines,PHL,2008,61.55575
Philippines,PHL,2009,71.95104
Philippines,PHL,2010,69.87844
Philippines,PHL,2011,70.13469
Philippines,PHL,2012,71.20616
Philippines,PHL,2014,72.193924
Philippines,PHL,2015,73.82163
Philippines,PHL,2016,72.740944
Philippines,PHL,2017,65.63159
Philippines,PHL,2018,61.975056
Philippines,PHL,2019,69.023224
Philippines,PHL,2020,73.609695
Philippines,PHL,2021,73.97658
Philippines,PHL,2022,86.60527
Philippines,PHL,2023,93.849884
Philippines,PHL,2024,91.61088
Poland,POL,2001,102.70464
Poland,POL,2002,107.99446
Poland,POL,2003,111.31017
Poland,POL,2004,96.87725
Poland,POL,2005,101.44562
Poland,POL,2006,100.41397
Poland,POL,2007,99.86378
Poland,POL,2008,99.24852
Poland,POL,2009,98.89796
Poland,POL,2010,99.68977
Poland,POL,2011,100.62057
Poland,POL,2012,100.84281
Poland,POL,2013,120.53116
Poland,POL,2014,118.33939
Poland,POL,2015,117.86926
Poland,POL,2016,116.89745
Poland,POL,2017,116.49169
Poland,POL,2018,115.87769
Poland,POL,2019,116.5136
Poland,POL,2020,114.17505
Poland,POL,2021,118.82576
Poland,POL,2022,118.3921
Poland,POL,2023,123.06541
Poland,POL,2024,127.87396
Portugal,PRT,2001,100.70382
Portugal,PRT,2002,104.03331
Portugal,PRT,2003,102.68866
Portugal,PRT,2004,85.75655
Portugal,PRT,2005,87.99078
Portugal,PRT,2006,81.38911
Portugal,PRT,2007,84.50783
Portugal,PRT,2008,86.74692
Portugal,PRT,2009,94.94218
Portugal,PRT,2010,100.47522
Portugal,PRT,2011,103.13115
Portugal,PRT,2012,105.83204
Portugal,PRT,2013,120.84002
Portugal,PRT,2014,116.43287
Portugal,PRT,2015,117.50317
Portugal,PRT,2016,114.67928
Portugal,PRT,2017,118.25773
Portugal,PRT,2018,120.80838
Portugal,PRT,2019,124.00827
Portugal,PRT,2020,123.29209
Portugal,PRT,2021,124.25052
Portugal,PRT,2022,126.9339
Portugal,PRT,2023,126.80806
Puerto Rico,PRI,2009,84.15426
Puerto Rico,PRI,2010,79.20713
Puerto Rico,PRI,2011,78.08819
Puerto Rico,PRI,2012,79.4257
Puerto Rico,PRI,2013,82.96897
Puerto Rico,PRI,2014,85.77092
Puerto Rico,PRI,2015,93.49866
Puerto Rico,PRI,2016,84.07161
Puerto Rico,PRI,2018,87.02561
Puerto Rico,PRI,2023,118.9575
Puerto Rico,PRI,2024,78.33226
Qatar,QAT,1996,85.74857
Qatar,QAT,1998,83.25744
Qatar,QAT,1999,78.3439
Qatar,QAT,2001,84.18842
Qatar,QAT,2002,83.31972
Qatar,QAT,2003,85.93282
Qatar,QAT,2004,88.62089
Qatar,QAT,2005,90.67452
Qatar,QAT,2006,90.56245
Qatar,QAT,2007,90.37619
Qatar,QAT,2008,96.44339
Qatar,QAT,2009,94.90379
Qatar,QAT,2010,94.73542
Qatar,QAT,2011,93.14867
Qatar,QAT,2012,98.87303
Qatar,QAT,2013,95.21529
Qatar,QAT,2014,100.616104
Qatar,QAT,2015,104.04865
Qatar,QAT,2016,97.8378
Qatar,QAT,2017,100.33843
Qatar,QAT,2018,101.337845
Qatar,QAT,2019,109.92353
Qatar,QAT,2020,111.346054
Qatar,QAT,2021,100.93158
Qatar,QAT,2022,108.358185
Qatar,QAT,2023,102.1782
Qatar,QAT,2024,101.18771
Romania,ROU,2001,72.16765
Romania,ROU,2002,73.06473
Romania,ROU,2003,75.99936
Romania,ROU,2004,78.35839
Romania,ROU,2005,80.79197
Romania,ROU,2006,87.39462
Romania,ROU,2007,87.11748
Romania,ROU,2008,97.21491
Romania,ROU,2009,106.86029
Romania,ROU,2010,106.4747
Romania,ROU,2011,103.89093
Romania,ROU,2012,102.5755
Romania,ROU,2013,97.62838
Romania,ROU,2014,92.99613
Romania,ROU,2015,89.88746
Romania,ROU,2016,85.08853
Romania,ROU,2017,85.33663
Romania,ROU,2018,86.5016
Romania,ROU,2019,86.95378
Romania,ROU,2020,88.16274
Romania,ROU,2021,88.48957
Romania,ROU,2022,82.35146
Romania,ROU,2023,79.58172
Russia,RUS,1998,92.48362
Russia,RUS,1999,87.5171
Russia,RUS,2003,95.48973
Russia,RUS,2004,95.59669
Russia,RUS,2005,94.92692
Russia,RUS,2006,94.49818
Russia,RUS,2007,89.6275
Russia,RUS,2008,86.73549
Russia,RUS,2009,88.64477
Russia,RUS,2011,98.62071
Russia,RUS,2012,103.857216
Russia,RUS,2013,104.73686
Russia,RUS,2014,105.35523
Russia,RUS,2015,105.93058
Russia,RUS,2016,102.66504
Russia,RUS,2017,100.465454
Russia,RUS,2018,101.53174
Russia,RUS,2019,104.12349
Russia,RUS,2020,48.859913
Russia,RUS,2021,46.71969
Russia,RUS,2022,45.444942
Russia,RUS,2023,45.66105
Rwanda,RWA,1999,6.3325
Rwanda,RWA,2000,7.95169
Rwanda,RWA,2001,8.19292
Rwanda,RWA,2002,9.02335
Rwanda,RWA,2003,9.87701
Rwanda,RWA,2004,10.82831
Rwanda,RWA,2005,11.47313
Rwanda,RWA,2006,12.66309
Rwanda,RWA,2007,14.89968
Rwanda,RWA,2008,16.25597
Rwanda,RWA,2009,17.26519
Rwanda,RWA,2010,19.66449
Rwanda,RWA,2011,22.27797
Rwanda,RWA,2012,27.72746
Rwanda,RWA,2013,23.196161
Rwanda,RWA,2014,33.61926
Rwanda,RWA,2015,33.48712
Rwanda,RWA,2016,31.957499
Rwanda,RWA,2017,31.578417
Rwanda,RWA,2018,31.651537
Rwanda,RWA,2019,32.302723
Rwanda,RWA,2021,30.780897
Rwanda,RWA,2022,28.685017
Rwanda,RWA,2023,30.712223
Rwanda,RWA,2024,32.630127
Saint Kitts and Nevis,KNA,2000,90.52511
Saint Kitts and Nevis,KNA,2001,100.95506
Saint Kitts and Nevis,KNA,2002,84.36123
Saint Kitts and Nevis,KNA,2003,80.83015
Saint Kitts and Nevis,KNA,2004,82.21734
Saint Kitts and Nevis,KNA,2005,83.2312
Saint Kitts and Nevis,KNA,2007,89.92933
Saint Kitts and Nevis,KNA,2008,99.56737
Saint Kitts and Nevis,KNA,2009,98.91443
Saint Kitts and Nevis,KNA,2010,98.71134
Saint Kitts and Nevis,KNA,2011,97.0265
Saint Kitts and Nevis,KNA,2012,82.34536
Saint Kitts and Nevis,KNA,2013,127.09138
Saint Kitts and Nevis,KNA,2014,104.06866
Saint Kitts and Nevis,KNA,2015,105.12658
Saint Kitts and Nevis,KNA,2016,107.12418
Saint Kitts and Nevis,KNA,2017,112.98883
Saint Kitts and Nevis,KNA,2018,110.416664
Saint Kitts and Nevis,KNA,2019,115.666405
Saint Kitts and Nevis,KNA,2020,113.888885
Saint Kitts and Nevis,KNA,2021,125.39419
Saint Kitts and Nevis,KNA,2022,120.57646
Saint Kitts and Nevis,KNA,2023,115.58642
Saint Lucia,LCA,1999,62.64188
Saint Lucia,LCA,2000,66.0737
Saint Lucia,LCA,2001,71.9564
Saint Lucia,LCA,2002,73.21607
Saint Lucia,LCA,2003,72.12112
Saint Lucia,LCA,2004,71.51257
Saint Lucia,LCA,2005,72.27359
Saint Lucia,LCA,2006,74.73791
Saint Lucia,LCA,2007,73.49066
Saint Lucia,LCA,2008,78.06423
Saint Lucia,LCA,2009,84.95983
Saint Lucia,LCA,2010,94.86113
Saint Lucia,LCA,2011,96.9037
Saint Lucia,LCA,2012,91.95472
Saint Lucia,LCA,2013,89.9514
Saint Lucia,LCA,2014,88.01633
Saint Lucia,LCA,2015,86.59227
Saint Lucia,LCA,2016,84.96896
Saint Lucia,LCA,2017,87.17066
Saint Lucia,LCA,2018,89.24712
Saint Lucia,LCA,2019,88.1394
Saint Lucia,LCA,2020,88.16092
Saint Lucia,LCA,2022,86.12006
Saint Lucia,LCA,2023,86.22803
Saint Lucia,LCA,2024,85.228195
Saint Vincent and the Grenadines,VCT,2000,57.28
Saint Vincent and the Grenadines,VCT,2001,59.19787
Saint Vincent and the Grenadines,VCT,2002,59.13635
Saint Vincent and the Grenadines,VCT,2003,61.0531
Saint Vincent and the Grenadines,VCT,2004,64.68692
Saint Vincent and the Grenadines,VCT,2005,68.17539
Saint Vincent and the Grenadines,VCT,2007,82.05742
Saint Vincent and the Grenadines,VCT,2008,92.11341
Saint Vincent and the Grenadines,VCT,2009,92.76222
Saint Vincent and the Grenadines,VCT,2010,92.19976
Saint Vincent and the Grenadines,VCT,2011,92.60785
Saint Vincent and the Grenadines,VCT,2012,90.8637
Saint Vincent and the Grenadines,VCT,2013,97.02815
Saint Vincent and the Grenadines,VCT,2014,92.68556
Saint Vincent and the Grenadines,VCT,2015,93.7329
Saint Vincent and the Grenadines,VCT,2019,115.85833
Saint Vincent and the Grenadines,VCT,2020,113.9629
Saint Vincent and the Grenadines,VCT,2021,130.22054
Saint Vincent and the Grenadines,VCT,2022,117.957504
Saint Vincent and the Grenadines,VCT,2023,115.127174
Saint Vincent and the Grenadines,VCT,2024,114.77865
Samoa,WSM,1995,66.94135
Samoa,WSM,1998,69.62019
Samoa,WSM,1999,71.52514
Samoa,WSM,2000,69.48257
Samoa,WSM,2001,69.12701
Samoa,WSM,2002,70.6925
Samoa,WSM,2003,74.79974
Samoa,WSM,2004,74.22712
Samoa,WSM,2005,74.41814
Samoa,WSM,2006,74.08006
Samoa,WSM,2007,72.51124
Samoa,WSM,2009,73.50423
Samoa,WSM,2010,75.19064
Samoa,WSM,2011,75.29293
Samoa,WSM,2012,74.73391
Samoa,WSM,2014,80.42142
Samoa,WSM,2015,79.95225
Samoa,WSM,2016,79.59636
San Marino,SMR,1996,30.09845
San Marino,SMR,1997,31.29009
San Marino,SMR,2000,21.31519
San Marino,SMR,2008,42.45416
San Marino,SMR,2009,43.67263
San Marino,SMR,2010,47.26402
San Marino,SMR,2011,46.59166
San Marino,SMR,2012,44.6184
San Marino,SMR,2018,40.172413
San Marino,SMR,2019,40.48443
San Marino,SMR,2020,41.628174
San Marino,SMR,2021,40.258976
San Marino,SMR,2022,41.25874
San Marino,SMR,2023,40.641098
San Marino,SMR,2024,39.86215
Sao Tome and Principe,STP,2003,23.92954
Sao Tome and Principe,STP,2004,25.93063
Sao Tome and Principe,STP,2005,26.72156
Sao Tome and Principe,STP,2007,19.46414
Sao Tome and Principe,STP,2008,16.39194
Sao Tome and Principe,STP,2009,19.96091
Sao Tome and Principe,STP,2010,19.28718
Sao Tome and Principe,STP,2011,15.51944
Sao Tome and Principe,STP,2012,16.34439
Sao Tome and Principe,STP,2013,22.67769
Sao Tome and Principe,STP,2014,43.55668
Sao Tome and Principe,STP,2015,59.46334
Sao Tome and Principe,STP,2016,58.19659
Sao Tome and Principe,STP,2017,70.43945
Saudi Arabia,SAU,2005,80.34546
Saudi Arabia,SAU,2007,82.22536
Saudi Arabia,SAU,2009,86.91601
Saudi Arabia,SAU,2013,88.7437
Saudi Arabia,SAU,2014,96.50239
Saudi Arabia,SAU,2015,100.11351
Saudi Arabia,SAU,2016,104.250465
Saudi Arabia,SAU,2017,105.91122
Saudi Arabia,SAU,2018,108.75466
Saudi Arabia,SAU,2019,106.47944
Saudi Arabia,SAU,2020,107.09605
Saudi Arabia,SAU,2021,107.2638
Saudi Arabia,SAU,2022,133.37859
Saudi Arabia,SAU,2024,115.922585
Senegal,SEN,1996,10.00158
Senegal,SEN,1997,9.79653
Senegal,SEN,1998,9.5283
Senegal,SEN,1999,9.57616
Senegal,SEN,2000,9.57821
Senegal,SEN,2001,9.6719
Senegal,SEN,2002,10.90607
Senegal,SEN,2004,11.16738
Senegal,SEN,2005,12.54366
Senegal,SEN,2006,12.32443
Senegal,SEN,2008,16.77348
Senegal,SEN,2011,25.296188
Senegal,SEN,2012,29.798239
Senegal,SEN,2013,33.51182
Senegal,SEN,2014,35.487846
Senegal,SEN,2015,36.54229
Senegal,SEN,2019,34.378796
Senegal,SEN,2020,34.07373
Senegal,SEN,2021,34.21492
Senegal,SEN,2022,34.13515
Senegal,SEN,2023,33.999287
Serbia,SRB,2000,81.89132
Serbia,SRB,2001,80.25554
Serbia,SRB,2002,79.07927
Serbia,SRB,2003,79.26047
Serbia,SRB,2004,79.04399
Serbia,SRB,2005,79.74756
Serbia,SRB,2006,80.58158
Serbia,SRB,2007,81.50802
Serbia,SRB,2008,83.21484
Serbia,SRB,2009,84.21906
Serbia,SRB,2010,84.95306
Serbia,SRB,2011,87.27471
Serbia,SRB,2012,87.98182
Serbia,SRB,2013,89.83997
Serbia,SRB,2014,89.84195
Serbia,SRB,2015,91.38154
Serbia,SRB,2016,91.74973
Serbia,SRB,2017,90.52532
Serbia,SRB,2018,89.59797
Serbia,SRB,2019,89.36928
Serbia,SRB,2020,87.59103
Serbia,SRB,2021,88.00711
Serbia,SRB,2022,87.38467
Serbia,SRB,2024,84.23789
Seychelles,SYC,1995,45.93378
Seychelles,SYC,1996,45.03291
Seychelles,SYC,1998,94.49304
Seychelles,SYC,1999,54.70997
Seychelles,SYC,2000,63.14172
Seychelles,SYC,2001,53.76838
Seychelles,SYC,2002,52.16963
Seychelles,SYC,2003,55.17127
Seychelles,SYC,2004,54.45828
Seychelles,SYC,2005,62.0443
Seychelles,SYC,2007,60.46044
Seychelles,SYC,2008,56.58174
Seychelles,SYC,2009,55.93279
Seychelles,SYC,2010,52.89299
Seychelles,SYC,2011,49.479527
Seychelles,SYC,2012,63.386524
Seychelles,SYC,2013,61.85567
Seychelles,SYC,2014,66.20975
Seychelles,SYC,2015,70.73838
Seychelles,SYC,2016,81.60919
Seychelles,SYC,2017,85.94195
Seychelles,SYC,2018,81.32878
Seychelles,SYC,2019,73.05673
Seychelles,SYC,2020,73.331726
Seychelles,SYC,2021,76.56635
Seychelles,SYC,2022,59.35283
Seychelles,SYC,2023,55.92004
Seychelles,SYC,2024,52.43066
Sierra Leone,SLE,2001,24.5685
Sierra Leone,SLE,2011,26.13095
Sierra Leone,SLE,2012,29.26654
Sierra Leone,SLE,2013,24.32492
Sierra Leone,SLE,2015,25.99116
Sierra Leone,SLE,2016,27.05974
Sierra Leone,SLE,2017,27.49691
Sierra Leone,SLE,2018,30.84031
Sierra Leone,SLE,2019,44.48607
Sierra Leone,SLE,2020,46.0688
Sierra Leone,SLE,2021,57.51978
Sierra Leone,SLE,2023,70.73231
Singapore,SGP,2016,110.02089
Singapore,SGP,2017,110.71044
Singapore,SGP,2018,111.06551
Singapore,SGP,2019,108.44125
Singapore,SGP,2020,106.50726
Singapore,SGP,2021,105.9107
Singapore,SGP,2022,104.34624
Singapore,SGP,2023,104.6875
Sint Maarten (Dutch part),SXM,2012,93.21149
Sint Maarten (Dutch part),SXM,2014,105.730255
Slovakia,SVK,2001,74.59323
Slovakia,SVK,2002,77.99795
Slovakia,SVK,2003,83.70492
Slovakia,SVK,2004,89.69335
Slovakia,SVK,2005,92.35542
Slovakia,SVK,2006,92.1297
Slovakia,SVK,2007,92.20884
Slovakia,SVK,2008,91.7148
Slovakia,SVK,2009,91.56173
Slovakia,SVK,2010,93.51212
Slovakia,SVK,2011,94.30004
Slovakia,SVK,2012,94.16444
Slovakia,SVK,2013,90.84257
Slovakia,SVK,2014,87.90357
Slovakia,SVK,2015,86.73674
Slovakia,SVK,2016,86.33722
Slovakia,SVK,2017,86.6028
Slovakia,SVK,2018,88.06112
Slovakia,SVK,2019,87.51418
Slovakia,SVK,2020,86.43382
Slovakia,SVK,2021,85.98488
Slovakia,SVK,2022,86.93549
Slovakia,SVK,2023,86.67951
Slovakia,SVK,2024,86.41184
Slovenia,SVN,2001,116.37113
Slovenia,SVN,2002,118.58191
Slovenia,SVN,2003,121.21412
Slovenia,SVN,2004,99.56318
Slovenia,SVN,2005,100.5351
Slovenia,SVN,2006,100.86659
Slovenia,SVN,2007,101.03559
Slovenia,SVN,2008,101.91508
Slovenia,SVN,2009,100.88455
Slovenia,SVN,2010,100.66602
Slovenia,SVN,2011,100.46775
Slovenia,SVN,2012,99.16221
Slovenia,SVN,2013,119.17167
Slovenia,SVN,2014,118.45579
Slovenia,SVN,2015,117.77553
Slovenia,SVN,2016,127.28499
Slovenia,SVN,2017,126.15515
Slovenia,SVN,2018,124.62397
Slovenia,SVN,2019,121.47665
Slovenia,SVN,2020,119.97951
Slovenia,SVN,2021,116.73455
Slovenia,SVN,2022,116.80718
Slovenia,SVN,2023,116.33922
Solomon Islands,SLB,2000,8.43122
Solomon Islands,SLB,2002,14.94065
Solomon Islands,SLB,2005,16.88556
Solomon Islands,SLB,2006,20.62633
Solomon Islands,SLB,2007,20.30353
Solomon Islands,SLB,2010,33.5945
Solomon Islands,SLB,2011,29.47759
Solomon Islands,SLB,2012,29.51404
Somalia,SOM,2007,5.3743
South Africa,ZAF,1998,79.88519
South Africa,ZAF,1999,75.24444
South Africa,ZAF,2000,69.24742
South Africa,ZAF,2001,67.31707
South Africa,ZAF,2002,66.96501
South Africa,ZAF,2003,72.56764
South Africa,ZAF,2004,75.06022
South Africa,ZAF,2005,75.69164
South Africa,ZAF,2006,80.26326
South Africa,ZAF,2007,85.69708
South Africa,ZAF,2008,84.37215
South Africa,ZAF,2009,83.47575
South Africa,ZAF,2010,81.169876
South Africa,ZAF,2011,83.64322
South Africa,ZAF,2012,86.58278
South Africa,ZAF,2015,104.860695
South Africa,ZAF,2016,104.0624
South Africa,ZAF,2017,105.22098
South Africa,ZAF,2018,99.09966
South Africa,ZAF,2019,102.611305
South Africa,ZAF,2020,101.87216
South Africa,ZAF,2021,108.25013
South Africa,ZAF,2022,106.08111
South Africa,ZAF,2023,104.35478
South Asia (WB),WB_SA,1999,31.88293
South Asia (WB),WB_SA,2000,34.82236
South Asia (WB),WB_SA,2001,34.74057
South Asia (WB),WB_SA,2002,36.23112
South Asia (WB),WB_SA,2003,38.55084
South Asia (WB),WB_SA,2004,39.40728
South Asia (WB),WB_SA,2005,40.73295
South Asia (WB),WB_SA,2006,41.91066
South Asia (WB),WB_SA,2007,42.70242
South Asia (WB),WB_SA,2008,47.08012
South Asia (WB),WB_SA,2009,47.83729
South Asia (WB),WB_SA,2010,50.23221
South Asia (WB),WB_SA,2011,52.4234
South Asia (WB),WB_SA,2012,56.23396
South Asia (WB),WB_SA,2013,55.59187
South Asia (WB),WB_SA,2014,62.1594
South Asia (WB),WB_SA,2015,61.91453
South Asia (WB),WB_SA,2016,64.2584
South Asia (WB),WB_SA,2017,62.28531
South Asia (WB),WB_SA,2018,64.92828
South Asia (WB),WB_SA,2019,65.56038
South Asia (WB),WB_SA,2020,68.59043
South Asia (WB),WB_SA,2021,71.77013
South Asia (WB),WB_SA,2022,71.88994
South Asia (WB),WB_SA,2023,71.03186
South Asia (WB),WB_SA,2024,69.28302
South Korea,KOR,2000,96.37691
South Korea,KOR,2001,95.65269
South Korea,KOR,2002,95.16918
South Korea,KOR,2003,96.42523
South Korea,KOR,2004,96.39153
South Korea,KOR,2005,96.41207
South Korea,KOR,2006,94.40106
South Korea,KOR,2007,94.29834
South Korea,KOR,2008,93.85021
South Korea,KOR,2009,94.63834
South Korea,KOR,2010,94.69755
South Korea,KOR,2011,94.83128
South Korea,KOR,2012,95.27357
South Korea,KOR,2013,95.92239
South Korea,KOR,2014,96.75217
South Korea,KOR,2015,96.31893
South Korea,KOR,2016,97.06936
South Korea,KOR,2017,97.91805
South Korea,KOR,2018,98.3734
South Korea,KOR,2019,97.78408
South Korea,KOR,2020,96.865
South Korea,KOR,2021,97.39536
South Korea,KOR,2022,96.12374
South Korea,KOR,2023,94.39292
South Korea,KOR,2024,95.28583
South Sudan,SSD,2011,5.48303
South Sudan,SSD,2015,6.30548
South Sudan,SSD,2024,111.58551
Spain,ESP,2001,119.96707
Spain,ESP,2002,119.45149
Spain,ESP,2003,115.52256
Spain,ESP,2004,116.82824
Spain,ESP,2005,123.50405
Spain,ESP,2006,122.47138
Spain,ESP,2007,123.04958
Spain,ESP,2008,122.30103
Spain,ESP,2009,120.81516
Spain,ESP,2010,129.89165
Spain,ESP,2011,140.5109
Spain,ESP,2012,146.9354
Spain,ESP,2013,127.47831
Spain,ESP,2014,129.83276
Spain,ESP,2015,130.37984
Spain,ESP,2016,129.5752
Spain,ESP,2017,126.03878
Spain,ESP,2018,125.04541
Spain,ESP,2019,124.84858
Spain,ESP,2020,123.18111
Spain,ESP,2021,128.11412
Spain,ESP,2022,126.41243
Spain,ESP,2023,124.44559
Spain,ESP,2024,123.5916
Sri Lanka,LKA,1995,28.40025
Sri Lanka,LKA,2010,90.31655
Sri Lanka,LKA,2011,92.75238
Sri Lanka,LKA,2012,92.58848
Sri Lanka,LKA,2013,92.332115
Sri Lanka,LKA,2014,89.865974
Sri Lanka,LKA,2015,93.5409
Sri Lanka,LKA,2016,93.33648
Sri Lanka,LKA,2017,93.335785
Sri Lanka,LKA,2018,96.578224
Sri Lanka,LKA,2021,83.90375
Sri Lanka,LKA,2022,81.74987
Sri Lanka,LKA,2023,82.655556
Sub-Saharan Africa (SDG),,1997,18.92042
Sub-Saharan Africa (SDG),,1998,19.36464
Sub-Saharan Africa (SDG),,1999,19.76501
Sub-Saharan Africa (SDG),,2000,20.04962
Sub-Saharan Africa (SDG),,2001,21.12481
Sub-Saharan Africa (SDG),,2002,21.5422
Sub-Saharan Africa (SDG),,2003,22.67684
Sub-Saharan Africa (SDG),,2004,23.8652
Sub-Saharan Africa (SDG),,2005,23.98848
Sub-Saharan Africa (SDG),,2006,24.57332
Sub-Saharan Africa (SDG),,2007,25.4585
Sub-Saharan Africa (SDG),,2008,27.6162
Sub-Saharan Africa (SDG),,2009,29.08339
Sub-Saharan Africa (SDG),,2010,30.62256
Sub-Saharan Africa (SDG),,2011,31.91188
Sub-Saharan Africa (SDG),,2012,33.09022
Sub-Saharan Africa (SDG),,2013,36.69843
Sub-Saharan Africa (SDG),,2014,32.98837
Sub-Saharan Africa (SDG),,2015,34.24849
Sub-Saharan Africa (SDG),,2016,33.66443
Sub-Saharan Africa (SDG),,2017,33.94333
Sub-Saharan Africa (SDG),,2018,34.12524
Sub-Saharan Africa (SDG),,2019,35.72015
Sub-Saharan Africa (SDG),,2020,37.0245
Sub-Saharan Africa (SDG),,2021,38.11357
Sub-Saharan Africa (SDG),,2022,37.6846
Sub-Saharan Africa (SDG),,2023,38.00984
Sub-Saharan Africa (SDG),,2024,38.23421
Sub-Saharan Africa (WB),WB_SSA,1997,19.12475
Sub-Saharan Africa (WB),WB_SSA,1998,19.5136
Sub-Saharan Africa (WB),WB_SSA,1999,19.93819
Sub-Saharan Africa (WB),WB_SSA,2000,20.21048
Sub-Saharan Africa (WB),WB_SSA,2001,21.2418
Sub-Saharan Africa (WB),WB_SSA,2002,21.65018
Sub-Saharan Africa (WB),WB_SSA,2003,22.71379
Sub-Saharan Africa (WB),WB_SSA,2004,24.07712
Sub-Saharan Africa (WB),WB_SSA,2005,24.2065
Sub-Saharan Africa (WB),WB_SSA,2006,24.69645
Sub-Saharan Africa (WB),WB_SSA,2007,25.54981
Sub-Saharan Africa (WB),WB_SSA,2008,27.65605
Sub-Saharan Africa (WB),WB_SSA,2009,29.15515
Sub-Saharan Africa (WB),WB_SSA,2010,30.57768
Sub-Saharan Africa (WB),WB_SSA,2011,31.69233
Sub-Saharan Africa (WB),WB_SSA,2012,33.04231
Sub-Saharan Africa (WB),WB_SSA,2013,36.56116
Sub-Saharan Africa (WB),WB_SSA,2014,33.12128
Sub-Saharan Africa (WB),WB_SSA,2015,34.35773
Sub-Saharan Africa (WB),WB_SSA,2016,33.70817
Sub-Saharan Africa (WB),WB_SSA,2017,34.02135
Sub-Saharan Africa (WB),WB_SSA,2018,34.20375
Sub-Saharan Africa (WB),WB_SSA,2019,35.78138
Sub-Saharan Africa (WB),WB_SSA,2020,36.89511
Sub-Saharan Africa (WB),WB_SSA,2021,37.94244
Sub-Saharan Africa (WB),WB_SSA,2022,37.53065
Sub-Saharan Africa (WB),WB_SSA,2023,37.84242
Sub-Saharan Africa (WB),WB_SSA,2024,38.02822
Sudan,SDN,2001,23.56967
Sudan,SDN,2002,23.80647
Sudan,SDN,2003,24.37754
Sudan,SDN,2004,28.60467
Sudan,SDN,2005,28.92461
Sudan,SDN,2006,27.27628
Sudan,SDN,2007,27.4075
Sudan,SDN,2008,28.34543
Sudan,SDN,2009,30.54826
Sudan,SDN,2010,30.37391
Sudan,SDN,2011,26.7721
Sudan,SDN,2012,31.98442
Sudan,SDN,2013,33.50729
Sudan,SDN,2014,36.04502
Sudan,SDN,2015,36.68753
Sudan,SDN,2016,34.65243
Sudan,SDN,2017,35.64662
Sudan,SDN,2018,35.90017
Sudan,SDN,2019,37.07356
Suriname,SUR,2001,57.22483
Suriname,SUR,2002,55.9568
Suriname,SUR,2005,46.67921
Suriname,SUR,2006,50.12104
Suriname,SUR,2007,52.44271
Suriname,SUR,2008,52.9944
Suriname,SUR,2009,52.29804
Suriname,SUR,2010,54.35156
Suriname,SUR,2011,50.23675
Suriname,SUR,2012,46.807003
Suriname,SUR,2013,45.48016
Suriname,SUR,2014,39.27663
Suriname,SUR,2015,47.53789
Suriname,SUR,2016,49.409454
Suriname,SUR,2018,57.78084
Suriname,SUR,2019,60.117947
Suriname,SUR,2020,56.6724
Suriname,SUR,2021,41.15479
Suriname,SUR,2022,63.29487
Suriname,SUR,2023,54.25824
Suriname,SUR,2024,62.956253
Sweden,SWE,2001,187.99309
Sweden,SWE,2002,180.16252
Sweden,SWE,2003,164.8436
Sweden,SWE,2004,101.23495
Sweden,SWE,2005,101.49672
Sweden,SWE,2006,101.29553
Sweden,SWE,2007,100.75861
Sweden,SWE,2008,101.07105
Sweden,SWE,2009,101.06333
Sweden,SWE,2010,102.13935
Sweden,SWE,2011,102.51348
Sweden,SWE,2012,104.37047
Sweden,SWE,2013,152.67696
Sweden,SWE,2014,156.136
Sweden,SWE,2015,163.50249
Sweden,SWE,2016,163.26018
Sweden,SWE,2017,172.48811
Sweden,SWE,2018,169.66916
Sweden,SWE,2019,163.01086
Sweden,SWE,2020,162.03302
Sweden,SWE,2021,166.56352
Sweden,SWE,2022,168.5328
Sweden,SWE,2023,159.05753
Sweden,SWE,2024,154.8068
Switzerland,CHE,2000,82.30809
Switzerland,CHE,2001,83.00317
Switzerland,CHE,2002,80.96873
Switzerland,CHE,2003,80.04055
Switzerland,CHE,2004,79.70834
Switzerland,CHE,2005,80.36838
Switzerland,CHE,2006,80.79051
Switzerland,CHE,2007,82.4564
Switzerland,CHE,2008,83.44712
Switzerland,CHE,2009,84.2262
Switzerland,CHE,2010,85.81343
Switzerland,CHE,2011,87.08077
Switzerland,CHE,2012,89.27319
Switzerland,CHE,2013,97.83684
Switzerland,CHE,2014,98.28965
Switzerland,CHE,2015,101.56679
Switzerland,CHE,2016,101.80584
Switzerland,CHE,2017,102.49175
Switzerland,CHE,2018,103.63695
Switzerland,CHE,2019,103.98613
Switzerland,CHE,2020,104.7336
Switzerland,CHE,2021,104.20007
Switzerland,CHE,2022,103.79313
Switzerland,CHE,2023,101.74065
Switzerland,CHE,2024,99.4528
Syria,SYR,1996,23.05629
Syria,SYR,1997,22.54383
Syria,SYR,1998,23.7076
Syria,SYR,1999,23.33514
Syria,SYR,2000,24.49262
Syria,SYR,2001,26.31663
Syria,SYR,2002,28.36868
Syria,SYR,2003,30.50328
Syria,SYR,2004,31.44722
Syria,SYR,2005,32.96986
Syria,SYR,2006,33.54203
Syria,SYR,2007,33.81438
Syria,SYR,2008,32.98854
Syria,SYR,2009,34.66826
Syria,SYR,2010,35.55497
Syria,SYR,2011,38.97933
Syria,SYR,2012,39.85549
Syria,SYR,2013,29.62548
Syria,SYR,2020,26.8742
Syria,SYR,2021,27.64862
Syria,SYR,2022,28.63147
Syria,SYR,2023,29.42315
Syria,SYR,2024,28.47302
Tajikistan,TJK,1999,41.46992
Tajikistan,TJK,2000,43.85981
Tajikistan,TJK,2001,53.92154
Tajikistan,TJK,2002,50.33036
Tajikistan,TJK,2003,45.59883
Tajikistan,TJK,2004,49.14823
Tajikistan,TJK,2005,52.7461
Tajikistan,TJK,2006,54.2127
Tajikistan,TJK,2007,53.49386
Tajikistan,TJK,2008,57.40218
Tajikistan,TJK,2009,59.54203
Tajikistan,TJK,2010,59.87636
Tajikistan,TJK,2011,62.60763
Tajikistan,TJK,2012,65.35209
Tajikistan,TJK,2013,67.11352
Tajikistan,TJK,2020,78.92203
Tajikistan,TJK,2021,79.89853
Tajikistan,TJK,2022,75.630455
Tajikistan,TJK,2023,67.73322
Tajikistan,TJK,2024,64.42211
Tanzania,TZA,1994,2.30854
Tanzania,TZA,1995,2.22402
Tanzania,TZA,1996,1.26775
Tanzania,TZA,2010,8.81791
Tanzania,TZA,2013,9.238351
Tanzania,TZA,2014,3.80249
Tanzania,TZA,2015,5.95849
Tanzania,TZA,2016,5.953114
Tanzania,TZA,2017,6.448472
Tanzania,TZA,2018,6.677578
Tanzania,TZA,2019,6.3399863
Tanzania,TZA,2020,6.0767465
Tanzania,TZA,2021,5.98567
Thailand,THA,1994,31.89728
Thailand,THA,1995,36.24685
Thailand,THA,1996,42.97977
Thailand,THA,1997,45.06401
Thailand,THA,2001,55.75397
Thailand,THA,2002,53.40044
Thailand,THA,2004,53.98683
Thailand,THA,2005,56.69669
Thailand,THA,2006,56.28131
Thailand,THA,2007,60.79509
Thailand,THA,2008,61.40299
Thailand,THA,2009,62.17376
Thailand,THA,2010,63.54615
Thailand,THA,2011,73.39871
Thailand,THA,2012,74.84485
Thailand,THA,2013,76.36565
Thailand,THA,2014,123.12846
Thailand,THA,2015,124.80029
Thailand,THA,2016,119.75145
Thailand,THA,2017,70.86514
Thailand,THA,2018,71.13566
Thailand,THA,2019,71.959236
Thailand,THA,2020,72.25872
Thailand,THA,2021,75.442825
Thailand,THA,2022,79.47574
Thailand,THA,2023,83.2238
Thailand,THA,2024,84.4795
Thailand,THA,2025,84.85067
Togo,TGO,1995,9.9229
Togo,TGO,1999,15.33102
Togo,TGO,2000,15.27371
Togo,TGO,2003,18.3345
Togo,TGO,2004,18.45593
Togo,TGO,2005,23.81762
Togo,TGO,2006,25.47702
Togo,TGO,2007,27.82571
Togo,TGO,2011,34.442223
Togo,TGO,2017,36.9856
Togo,TGO,2020,41.38355
Togo,TGO,2021,41.257458
Togo,TGO,2023,43.541023
Tokelau,TKL,2000,31.86813
Tokelau,TKL,2001,34.78261
Tokelau,TKL,2002,32.32323
Tokelau,TKL,2003,21.21212
Tokelau,TKL,2016,9.473684
Tokelau,TKL,2019,29.245283
Tokelau,TKL,2020,34.513275
Tokelau,TKL,2021,49.56522
Tokelau,TKL,2023,44.285713
Tokelau,TKL,2024,28.571428
Tokelau,TKL,2025,34.810127
Tonga,TON,1998,82.52447
Tonga,TON,1999,93.48603
Tonga,TON,2001,91.58838
Tonga,TON,2006,86.61668
Tonga,TON,2014,59.563236
Tonga,TON,2015,72.80854
Tonga,TON,2019,66.83521
Tonga,TON,2020,62.9254
Tonga,TON,2021,60.897152
Tonga,TON,2022,75.16445
Tonga,TON,2023,75.66299
Tonga,TON,2024,71.46395
Trinidad and Tobago,TTO,2004,83.57434
Trinidad and Tobago,TTO,2019,89.07768
Trinidad and Tobago,TTO,2020,90.69508
Trinidad and Tobago,TTO,2021,89.09564
Trinidad and Tobago,TTO,2022,89.74496
Trinidad and Tobago,TTO,2023,90.84674
Trinidad and Tobago,TTO,2024,92.13207
Tunisia,TUN,1996,50.74012
Tunisia,TUN,1997,49.52694
Tunisia,TUN,1998,53.73983
Tunisia,TUN,1999,52.11652
Tunisia,TUN,2000,51.37016
Tunisia,TUN,2001,55.213
Tunisia,TUN,2002,56.17942
Tunisia,TUN,2003,60.58709
Tunisia,TUN,2004,64.11889
Tunisia,TUN,2005,67.84774
Tunisia,TUN,2006,70.61637
Tunisia,TUN,2007,72.46258
Tunisia,TUN,2008,74.33251
Tunisia,TUN,2009,72.52767
Tunisia,TUN,2010,73.63387
Tunisia,TUN,2011,74.2028
Tunisia,TUN,2013,75.43382
Tunisia,TUN,2014,75.97474
Tunisia,TUN,2015,76.13023
Tunisia,TUN,2016,77.3607
Turkey,TUR,1994,47.40126
Turkey,TUR,1995,51.90818
Turkey,TUR,1997,53.31022
Turkey,TUR,1999,63.28754
Turkey,TUR,2000,59.79482
Turkey,TUR,2001,74.32038
Turkey,TUR,2002,83.98104
Turkey,TUR,2003,88.84559
Turkey,TUR,2004,81.44624
Turkey,TUR,2005,73.10606
Turkey,TUR,2006,78.51112
Turkey,TUR,2007,81.18955
Turkey,TUR,2008,78.53413
Turkey,TUR,2009,66.47583
Turkey,TUR,2010,72.25271
Turkey,TUR,2011,78.0413
Turkey,TUR,2012,74.26093
Turkey,TUR,2013,96.76684
Turkey,TUR,2014,103.26161
Turkey,TUR,2015,107.3617
Turkey,TUR,2016,109.85031
Turkey,TUR,2017,112.84553
Turkey,TUR,2018,112.67156
Turkey,TUR,2019,113.8751
Turkey,TUR,2020,114.5961
Turkey,TUR,2021,127.67811
Turkey,TUR,2022,128.99448
Turkey,TUR,2023,134.15414
Turkmenistan,TKM,2019,76.127625
Turkmenistan,TKM,2020,78.577225
Turkmenistan,TKM,2024,86.87243
Turks and Caicos Islands,TCA,1999,84.29423
Turks and Caicos Islands,TCA,2000,75.2381
Turks and Caicos Islands,TCA,2003,70.72
Turks and Caicos Islands,TCA,2004,69.24242
Turks and Caicos Islands,TCA,2009,72.94469
Turks and Caicos Islands,TCA,2014,69.56967
Turks and Caicos Islands,TCA,2015,81.21827
Turks and Caicos Islands,TCA,2016,80.638725
Turks and Caicos Islands,TCA,2017,80.5169
Turks and Caicos Islands,TCA,2018,80.1187
Turks and Caicos Islands,TCA,2019,87.06118
Turks and Caicos Islands,TCA,2020,92.29979
Turks and Caicos Islands,TCA,2021,92.58098
Turks and Caicos Islands,TCA,2022,96.41026
Turks and Caicos Islands,TCA,2023,90.32258
Turks and Caicos Islands,TCA,2024,106.922356
Tuvalu,TUV,1998,51.2931
Tuvalu,TUV,2001,26.48871
Tuvalu,TUV,2014,54.47531
Tuvalu,TUV,2016,59.22953
Tuvalu,TUV,2018,82.93919
Tuvalu,TUV,2019,70.65972
Tuvalu,TUV,2020,62.34458
Tuvalu,TUV,2021,64.90909
Tuvalu,TUV,2022,60.110294
Tuvalu,TUV,2023,61.450382
Tuvalu,TUV,2024,68.68884
Uganda,UGA,2004,10.68189
Uganda,UGA,2008,13.92978
Ukraine,UKR,1999,93.88923
Ukraine,UKR,2000,96.18869
Ukraine,UKR,2001,98.91742
Ukraine,UKR,2002,99.56273
Ukraine,UKR,2003,102.08476
Ukraine,UKR,2004,94.00232
Ukraine,UKR,2005,96.43965
Ukraine,UKR,2006,97.46047
Ukraine,UKR,2007,96.86141
Ukraine,UKR,2008,95.78474
Ukraine,UKR,2009,96.54241
Ukraine,UKR,2010,82.109375
Ukraine,UKR,2011,84.21797
Ukraine,UKR,2012,96.67506
Ukraine,UKR,2013,98.57331
Ukraine,UKR,2014,96.15845
Ukraine,UKR,2015,86.607346
Ukraine,UKR,2016,84.76095
Ukraine,UKR,2017,82.912964
Ukraine,UKR,2018,81.042755
Ukraine,UKR,2019,80.208954
Ukraine,UKR,2020,79.97771
Ukraine,UKR,2021,79.16505
Ukraine,UKR,2023,76.72585
Ukraine,UKR,2024,73.84453
United Arab Emirates,ARE,1995,62.36314
United Arab Emirates,ARE,1997,55.20114
United Arab Emirates,ARE,1998,49.93518
United Arab Emirates,ARE,2018,107.13033
United Arab Emirates,ARE,2019,103.54182
United Arab Emirates,ARE,2020,98.472565
United Arab Emirates,ARE,2021,103.92342
United Arab Emirates,ARE,2022,105.04572
United Arab Emirates,ARE,2023,104.60301
United Arab Emirates,ARE,2024,104.99808
United Kingdom,GBR,2000,102.76779
United Kingdom,GBR,2001,102.44645
United Kingdom,GBR,2002,104.706
United Kingdom,GBR,2003,104.07998
United Kingdom,GBR,2004,109.77524
United Kingdom,GBR,2005,109.35054
United Kingdom,GBR,2006,97.5779
United Kingdom,GBR,2007,97.63354
United Kingdom,GBR,2008,96.11427
United Kingdom,GBR,2009,96.08368
United Kingdom,GBR,2010,99.09718
United Kingdom,GBR,2011,84.90959
United Kingdom,GBR,2012,84.72052
United Kingdom,GBR,2013,135.65335
United Kingdom,GBR,2014,139.85394
United Kingdom,GBR,2015,136.96841
United Kingdom,GBR,2016,150.02522
United Kingdom,GBR,2017,130.84158
United Kingdom,GBR,2018,123.39821
United Kingdom,GBR,2019,118.715
United Kingdom,GBR,2020,115.50838
United Kingdom,GBR,2021,114.99431
United Kingdom,GBR,2022,113.30543
United Kingdom,GBR,2023,110.97821
United States,USA,1993,94.55889
United States,USA,1994,93.59268
United States,USA,1995,85.80934
United States,USA,1996,85.01805
United States,USA,1998,85.44118
United States,USA,1999,85.56662
United States,USA,2005,89.09657
United States,USA,2013,92.80168
United States,USA,2014,93.99472
United States,USA,2015,94.74373
United States,USA,2016,95.66578
United States,USA,2017,95.66992
United States,USA,2018,96.52755
United States,USA,2019,97.76347
United States,USA,2020,98.06986
United States,USA,2021,99.28572
United States,USA,2022,95.30589
Upper-middle-income countries,OWID_UMC,1994,39.9998
Upper-middle-income countries,OWID_UMC,1995,40.98888
Upper-middle-income countries,OWID_UMC,1996,42.57216
Upper-middle-income countries,OWID_UMC,1997,43.74963
Upper-middle-income countries,OWID_UMC,1998,46.51
Upper-middle-income countries,OWID_UMC,1999,45.82925
Upper-middle-income countries,OWID_UMC,2000,46.0346
Upper-middle-income countries,OWID_UMC,2001,47.09925
Upper-middle-income countries,OWID_UMC,2002,50.18565
Upper-middle-income countries,OWID_UMC,2003,51.23317
Upper-middle-income countries,OWID_UMC,2004,53.66568
Upper-middle-income countries,OWID_UMC,2005,55.63611
Upper-middle-income countries,OWID_UMC,2006,58.37386
Upper-middle-income countries,OWID_UMC,2007,62.61176
Upper-middle-income countries,OWID_UMC,2008,67.01582
Upper-middle-income countries,OWID_UMC,2009,71.85415
Upper-middle-income countries,OWID_UMC,2010,74.29562
Upper-middle-income countries,OWID_UMC,2011,76.95608
Upper-middle-income countries,OWID_UMC,2012,78.42849
Upper-middle-income countries,OWID_UMC,2013,83.29748
Upper-middle-income countries,OWID_UMC,2014,84.74204
Upper-middle-income countries,OWID_UMC,2015,83.95066
Upper-middle-income countries,OWID_UMC,2016,83.3659
Upper-middle-income countries,OWID_UMC,2017,84.34749
Upper-middle-income countries,OWID_UMC,2018,84.93652
Upper-middle-income countries,OWID_UMC,2019,85.57218
Upper-middle-income countries,OWID_UMC,2020,86.26732
Upper-middle-income countries,OWID_UMC,2021,88.91969
Upper-middle-income countries,OWID_UMC,2022,90.21677
Upper-middle-income countries,OWID_UMC,2023,90.90997
Upper-middle-income countries,OWID_UMC,2024,90.53583
Uruguay,URY,1995,69.41562
Uruguay,URY,1996,72.9217
Uruguay,URY,1998,78.56663
Uruguay,URY,1999,81.80804
Uruguay,URY,2000,84.78665
Uruguay,URY,2001,90.19051
Uruguay,URY,2002,97.60854
Uruguay,URY,2003,103.17904
Uruguay,URY,2004,102.14848
Uruguay,URY,2005,96.01014
Uruguay,URY,2006,93.98589
Uruguay,URY,2007,84.78074
Uruguay,URY,2008,69.71756
Uruguay,URY,2009,69.28387
Uruguay,URY,2010,91.635544
Uruguay,URY,2011,91.20662
Uruguay,URY,2012,92.937836
Uruguay,URY,2013,94.43834
Uruguay,URY,2014,96.65596
Uruguay,URY,2015,100.022514
Uruguay,URY,2016,104.94058
Uruguay,URY,2017,110.33804
Uruguay,URY,2018,112.72347
Uruguay,URY,2019,116.50493
Uruguay,URY,2020,120.06292
Uruguay,URY,2021,120.370834
Uruguay,URY,2022,124.3375
Uruguay,URY,2023,127.3481
Uzbekistan,UZB,1999,95.50243
Uzbekistan,UZB,2000,100.19614
Uzbekistan,UZB,2003,89.80342
Uzbekistan,UZB,2004,94.20585
Uzbekistan,UZB,2005,72.48595
Uzbekistan,UZB,2006,74.42501
Uzbekistan,UZB,2007,79.31204
Uzbekistan,UZB,2008,76.72888
Uzbekistan,UZB,2009,79.3902
Uzbekistan,UZB,2010,81.20446
Uzbekistan,UZB,2011,84.57949
Uzbekistan,UZB,2012,89.708405
Uzbekistan,UZB,2013,89.56193
Uzbekistan,UZB,2014,88.03493
Uzbekistan,UZB,2015,89.91471
Uzbekistan,UZB,2016,90.953636
Uzbekistan,UZB,2017,92.71738
Uzbekistan,UZB,2018,94.31093
Uzbekistan,UZB,2019,95.64619
Uzbekistan,UZB,2020,78.51457
Uzbekistan,UZB,2021,97.94998
Uzbekistan,UZB,2022,97.416824
Uzbekistan,UZB,2023,97.98454
Uzbekistan,UZB,2024,95.428734
Uzbekistan,UZB,2025,99.139
Vanuatu,VUT,1999,13.98046
Vanuatu,VUT,2000,20.12573
Vanuatu,VUT,2001,25.23825
Vanuatu,VUT,2002,32.00375
Vanuatu,VUT,2003,35.1478
Vanuatu,VUT,2004,35.81651
Vanuatu,VUT,2010,39.82821
Vanuatu,VUT,2015,35.761677
Vanuatu,VUT,2020,34.06938
Vanuatu,VUT,2021,39.89924
Vanuatu,VUT,2022,86.4955
Vanuatu,VUT,2023,217.9526
Venezuela,VEN,1999,40.03452
Venezuela,VEN,2000,41.60701
Venezuela,VEN,2001,44.19613
Venezuela,VEN,2002,47.48328
Venezuela,VEN,2003,48.25407
Venezuela,VEN,2004,52.36977
Venezuela,VEN,2005,56.48073
Venezuela,VEN,2006,60.80301
Venezuela,VEN,2007,64.21065
Venezuela,VEN,2008,67.47177
Venezuela,VEN,2009,69.61297
Venezuela,VEN,2010,69.89718
Venezuela,VEN,2011,71.93351
Venezuela,VEN,2012,74.38343
Venezuela,VEN,2013,83.13539
Venezuela,VEN,2014,79.49355
Venezuela,VEN,2015,77.84859
Venezuela,VEN,2016,74.75409
Venezuela,VEN,2017,76.15933
Venezuela,VEN,2022,81.86653
Venezuela,VEN,2023,81.46289
Venezuela,VEN,2024,82.00012
Vietnam,VNM,1998,31.60189
Vietnam,VNM,2015,85.01953
Vietnam,VNM,2016,85.95936
Vietnam,VNM,2017,86.01681
Vietnam,VNM,2018,88.73537
Vietnam,VNM,2019,93.56242
Vietnam,VNM,2020,90.25541
Vietnam,VNM,2021,86.09405
Vietnam,VNM,2022,88.17912
World,OWID_WRL,1993,39.74363
World,OWID_WRL,1994,41.28072
World,OWID_WRL,1995,41.77865
World,OWID_WRL,1996,41.29648
World,OWID_WRL,1997,42.84889
World,OWID_WRL,1998,45.72293
World,OWID_WRL,1999,44.39031
World,OWID_WRL,2000,45.34822
World,OWID_WRL,2001,45.6221
World,OWID_WRL,2002,46.94857
World,OWID_WRL,2003,48.0943
World,OWID_WRL,2004,49.3273
World,OWID_WRL,2005,50.34942
World,OWID_WRL,2006,51.81495
World,OWID_WRL,2007,53.33794
World,OWID_WRL,2008,56.03943
World,OWID_WRL,2009,57.81502
World,OWID_WRL,2010,59.55078
World,OWID_WRL,2011,61.19195
World,OWID_WRL,2012,62.88563
World,OWID_WRL,2013,65.13698
World,OWID_WRL,2014,66.69377
World,OWID_WRL,2015,66.55287
World,OWID_WRL,2016,66.70184
World,OWID_WRL,2017,66.1367
World,OWID_WRL,2018,67.01693
World,OWID_WRL,2019,67.6762
World,OWID_WRL,2020,68.39469
World,OWID_WRL,2021,70.09819
World,OWID_WRL,2022,70.31514
World,OWID_WRL,2023,70.31071
World,OWID_WRL,2024,69.87123
Yemen,YEM,1999,28.6109
Yemen,YEM,2001,33.43657
Yemen,YEM,2003,35.17359
Yemen,YEM,2004,36.33774
Yemen,YEM,2005,35.35788
Yemen,YEM,2008,30.37547
Yemen,YEM,2010,29.59979
Yemen,YEM,2011,31.22045
Yemen,YEM,2012,32.55807
Yemen,YEM,2013,34.82793
Yemen,YEM,2016,35.88064
Zambia,ZMB,2024,44.95622
Zimbabwe,ZWE,1999,28.96818
Zimbabwe,ZWE,2000,29.41608
Zimbabwe,ZWE,2001,29.85522
Zimbabwe,ZWE,2002,29.08731
Zimbabwe,ZWE,2003,27.79589
Zimbabwe,ZWE,2012,42.68654
Zimbabwe,ZWE,2013,42.914